County,D0,D1,OTHER0,R0,R1,STATE,N1,MARS1,MARS2,MARS4,PREP,N2,NUMDEP,A00100,N00200,A00200,N00300,A00300,N00600,A00600,N00650,A00650,N00900,A00900,SCHF,N01000,A01000,N01400,A01400,N01700,A01700,N02300,A02300,N02500,A02500,N03300,A03300,N04470,A00101,A04470,N18425,A18425,N18450,A18450,N18500,A18500,N18300,A18300,N19300,A19300,N19700,A19700,N04800,A04800,N09600,A09600,N07100,A07100,N07180,A07180,N07220,A07220,N07260,A07260,N59660,A59660,N59720,A59720,N11070,A11070,N06500,A06500,N10300,A10300,N11901,A11901,N11902,A11902
adams,3900.0,3924.0,0.0,13008.0,0.0,OH,-126.0,4050.0,-135.0,1460.0,-233.0,-548.0,-244.0,10872.0,-65.0,8012.0,-308.0,-1628.0,-56.0,-147.0,-52.0,-251.0,-40.0,2752.0,-46.0,2.0,-3157.0,2.0,722.0,11.0,1507.0,-233.0,-3023.0,49.0,611.0,-0.0001,-0.0001,-47.0,147683.0,-136.0,-72.0,-75.0,11.0,-48.0,-58.0,-70.0,-69.0,-139.0,-74.0,-1026.0,-18.0,392.0,44.0,7859.0,3.0,-18.0,-60.0,-25.0,9.0,-7.0,-1.0,-20.0,-101.0,-10.0,-83.0,-191.0,-101.0,-152.0,-95.0,-54.0,37.0,1423.0,-26.0,1588.0,-57.0,588.0,-58.0,-29.0
allen,14233.0,17456.0,1594.0,28817.0,31072.0,OH,178.0,21000.0,-133.0,6510.0,166.0,-430.0,-318.0,174783.0,269.0,65472.0,-976.0,-2956.0,16.0,12929.0,78.0,12303.0,-109.0,2254.0,40.0,41.0,36944.0,128.0,1224.0,270.0,13645.0,-767.0,-7037.0,346.0,7068.0,3.0,299.0,-644.0,1098379.0,-7045.0,-510.0,1330.0,-85.0,-506.0,-565.0,-723.0,-650.0,242.0,-594.0,-5740.0,-487.0,2535.0,391.0,157035.0,14.0,434.0,-229.0,-276.0,107.0,55.0,118.0,82.0,-454.0,-217.0,67.0,547.0,36.0,597.0,-42.0,-9.0,429.0,32925.0,228.0,33899.0,423.0,12401.0,-59.0,-285.0
ashland,7260.0,8006.0,0.0,14260.0,16015.0,OH,11.0,10260.0,-75.0,2170.0,87.0,-257.0,-110.0,82667.0,166.0,21415.0,-753.0,-2263.0,-162.0,1389.0,-126.0,808.0,-26.0,3960.0,-17.0,138.0,26829.0,39.0,-1271.0,129.0,6486.0,-442.0,-4855.0,244.0,2837.0,2.0,62.0,-403.0,505787.0,-2750.0,-349.0,76.0,-33.0,-30.0,-354.0,-712.0,-402.0,-702.0,-376.0,-3964.0,-235.0,1098.0,136.0,56302.0,-10.0,57.0,-185.0,-210.70300000000043,-3.0,-4.0,-58.0,-86.0,-223.0,-51.0,-16.0,156.0,-9.0,192.0,-98.0,20.0,251.0,10342.0,127.0,10670.0,134.0,4524.0,-60.0,-260.0
ashtabula,19169.0,21973.0,3533.0,35486.0,0.0,OH,-465.0,19690.0,-344.0,5880.0,-533.0,-1361.0,-465.0,46436.0,-227.0,9289.0,-1452.0,-2697.0,-188.0,5335.0,-138.0,5429.0,-243.0,728.0,-38.0,151.0,8701.0,54.0,1826.0,264.0,12519.0,-386.0,-6640.0,284.0,4491.0,-12.0,-206.0,-585.0,752568.0,-13770.0,-490.0,-4572.0,-78.0,12.0,-556.0,-1376.0,-569.0,-4788.0,-612.0,-5483.0,-323.0,-2819.0,-163.0,45715.0,-29.0,-347.0,-733.0,-759.4050000000007,-18.0,-3.0,-239.0,-261.0,-668.0,-134.0,-114.0,556.0,-65.0,585.0,-44.0,-19.0,19.0,9790.0,-100.0,10083.0,185.0,5399.0,-568.0,-838.0
athens,17639.0,17662.0,0.0,8066.0,8257.0,OH,-362.0,10300.0,-63.0,2210.0,-36.0,-492.0,-100.0,48952.0,-205.0,20509.0,-503.0,-1720.0,-14.0,2027.0,-40.0,1661.0,-23.0,3371.0,1.0,43.0,8858.0,-74.0,1105.0,66.0,7256.0,-110.0,-2207.0,121.0,2187.0,14.0,354.0,-386.0,461643.0,-2004.0,-101.0,-333.0,-26.0,-25.0,-118.0,-240.0,-378.0,-923.0,-129.0,-1883.0,-49.0,1162.0,-215.0,43239.0,-18.0,-40.0,-222.0,-98.0,12.0,9.0,-152.0,-166.0,-241.0,-83.0,-58.0,61.0,-15.0,61.0,-28.0,17.0,-150.0,8976.0,-191.0,9261.0,213.0,3075.0,-540.0,-156.0
auglaize,4298.0,5417.0,850.0,16481.0,17330.0,OH,211.0,9850.0,-46.0,1970.0,166.0,-101.0,-177.0,89413.0,170.0,37202.0,-420.0,-3614.0,97.0,13681.0,123.0,13480.0,-63.0,540.0,18.0,290.0,8389.0,55.0,2414.0,112.0,6330.0,-576.0,-3783.0,190.0,3857.0,4.0,313.0,-330.0,559098.0,-3798.0,-264.0,241.0,-44.0,-13.0,-318.0,-805.0,-321.0,119.0,-352.0,-3407.0,-211.0,2297.0,341.0,80131.0,17.0,105.0,-166.0,-276.53700000000026,39.0,22.0,-40.0,-57.0,-309.0,-99.0,-111.0,140.0,-108.0,194.0,-120.0,-61.0,525.0,15559.0,394.0,16337.0,362.0,4556.0,-108.0,-89.0
belmont,15637.0,15021.0,0.0,14370.0,15182.0,OH,103.0,14000.0,-32.0,3300.0,80.0,-18.0,-65.0,113083.0,72.0,54136.0,-882.0,-2014.0,-64.0,4899.0,37.0,4721.0,13.0,4220.0,8.0,58.0,7730.0,17.0,220.0,369.0,8582.0,-157.0,-3286.0,272.0,4995.0,-12.0,-142.0,-6.0,572513.0,2973.0,55.0,5609.0,-88.0,-587.0,-74.0,51.0,-14.0,5134.0,-132.0,-1864.0,-62.0,164.0,176.0,97942.0,44.0,318.0,-340.0,-388.0,32.0,13.0,-44.0,-23.0,-434.0,-207.0,-103.0,170.0,-140.0,130.0,-22.0,45.0,313.0,23743.0,296.0,24426.0,318.0,492.0,-156.0,769.0
brown,6612.0,6613.0,0.0,22133.0,0.0,OH,133.0,7520.0,-38.0,2390.0,-148.0,-122.0,-90.0,19928.0,202.0,17887.0,-530.0,-1382.0,28.0,2013.0,20.0,1909.0,-88.0,-5024.0,-10.0,27.0,-4330.0,27.0,-1358.0,75.0,2391.0,-284.0,-4582.0,72.0,2031.0,-2.0,51.0,-315.0,284557.0,-5373.0,-215.0,-664.0,-54.0,-14.0,-282.0,-287.0,-302.0,-1001.0,-320.0,-2860.0,-155.0,42.0,120.0,11549.0,-10.0,-12.0,-185.0,-156.0,-38.0,-16.0,-18.0,-71.0,-287.0,-152.0,41.0,267.0,20.0,236.0,-2.0,32.0,126.0,1372.0,70.0,1698.0,29.0,507.0,122.0,411.0
butler,0.0,61933.0,0.0,97228.0,121373.0,OH,5.0,72200.0,-463.0,23190.0,-1478.0,-3373.0,-2251.0,507716.0,668.0,233709.0,-4054.0,-11227.0,152.0,45185.0,456.0,42059.0,-37.0,21430.0,-19.0,1149.0,141272.0,256.0,8042.0,767.0,41040.0,-1697.0,-24907.0,943.0,21814.0,30.0,455.0,-2954.0,6156423.0,-52436.0,-2430.0,-1388.0,-165.0,-201.0,-2631.0,-4443.0,-2921.0,-5499.0,-2866.0,-43852.0,-1829.0,6816.0,565.0,468085.0,-118.0,1037.0,-1898.0,-1075.0,53.0,42.0,-772.0,-801.0,-1919.0,-525.0,42.0,2467.0,-16.0,2380.0,-475.0,-979.0,877.0,95348.0,627.0,97522.0,1587.0,21313.0,-1358.0,-4718.0
carroll,5815.0,5154.0,0.0,6727.0,6858.0,OH,-4.0,5180.0,-156.0,1170.0,-24.0,-520.0,-288.0,40151.0,56.0,13705.0,-280.0,-849.0,-77.0,2027.0,-27.0,1942.0,-16.0,2658.0,-26.0,127.0,11554.0,-13.0,1040.0,100.0,3474.0,-210.0,-3077.0,65.0,1284.0,4.0,-3.0,-101.0,273227.0,1502.0,-85.0,1895.0,-27.0,-190.0,-103.0,111.0,-103.0,1846.0,-150.0,-1048.0,-73.0,1247.0,-5.0,35530.0,17.0,72.0,-285.0,-366.0,7.0,-5.0,-85.0,-155.0,-200.0,-64.0,-13.0,-33.0,-29.0,-83.0,-70.0,-38.0,76.0,8831.0,94.0,9015.0,-90.0,980.0,60.0,-161.0
champaign,5005.0,6565.0,700.0,10541.0,12188.0,OH,56.0,7430.0,-50.0,2100.0,-22.0,-12.0,18.0,41149.0,125.0,25417.0,-526.0,-1106.0,-23.0,1700.0,-58.0,1656.0,-41.0,311.0,-7.0,4.0,3966.0,-51.0,384.0,3.0,5646.0,-378.0,-3899.0,138.0,2320.0,2.0,129.0,-321.0,369211.0,-2098.0,-293.0,194.0,-7.0,-57.0,-331.0,-417.0,-310.0,-254.0,-291.0,-3311.0,-165.0,916.0,177.0,34254.0,-7.0,160.0,-129.0,-125.0,8.0,16.0,3.0,-3.0,-261.0,-90.0,-21.0,267.0,-40.0,228.0,-5.0,104.0,179.0,6302.0,265.0,6891.0,177.0,1205.0,-130.0,174.0
clark,0.0,30599.0,0.0,30220.0,41477.0,OH,258.0,27590.0,-321.0,9710.0,-16.0,-1497.0,-1089.0,101405.0,645.0,54295.0,-1772.0,-4691.0,-94.0,4663.0,-30.0,4518.0,-45.0,3423.0,-11.0,130.0,7504.0,139.0,958.0,160.0,14775.0,-698.0,-10806.0,379.0,7697.0,-8.0,252.0,-871.0,1333010.0,-12196.0,-730.0,-1912.0,-62.0,-62.0,-855.0,-246.0,-884.0,-1084.0,-866.0,-10054.0,-595.0,1104.0,434.0,86437.0,-59.0,-146.0,-321.0,-677.0,-9.0,12.0,-207.0,-332.0,-560.0,-130.0,130.0,1220.0,156.0,1210.0,-57.0,22.0,409.0,17927.0,381.0,18805.0,311.0,3469.0,67.0,242.0
clermont,25911.0,29834.0,0.0,121243.0,0.0,OH,747.0,40420.0,-33.0,9790.0,-121.0,70.0,-250.0,331444.0,873.0,172826.0,-2290.0,-6522.0,50.0,16725.0,195.0,15705.0,-28.0,9352.0,-24.0,829.0,55692.0,232.0,7637.0,560.0,19205.0,-1190.0,-17699.0,631.0,12852.0,14.0,414.0,-1376.0,3595870.0,-21231.0,-1117.0,4313.0,-162.0,-114.0,-1260.0,-3393.0,-1366.0,855.0,-1532.0,-26329.0,-832.0,3967.0,864.0,300634.0,-87.0,293.0,-1053.0,-564.0,64.0,49.0,-329.0,-546.0,-1223.0,-332.0,113.0,1091.0,62.0,851.0,-9.0,-16.0,1153.0,67210.0,1040.0,68175.0,990.0,13694.0,-218.0,-2255.0
clinton,5136.0,5730.0,0.0,11211.0,12095.0,OH,-94.0,7690.0,-105.0,2320.0,-251.0,-370.0,-143.0,81335.0,81.0,25156.0,-409.0,-2705.0,-76.0,3904.0,-1.0,2761.0,-100.0,3761.0,11.0,52.0,10790.0,10.0,-615.0,-103.0,-554.0,-620.0,-8294.0,79.0,2005.0,8.0,404.0,-320.0,498401.0,-3696.0,-280.0,552.0,-22.0,19.0,-350.0,-853.0,-321.0,367.0,-344.0,-3875.0,-172.0,680.0,-36.0,67156.0,6.0,129.0,-207.0,-650.0,0.0,-10.0,-51.0,-107.0,-180.0,-105.0,58.0,381.0,60.0,362.0,-12.0,65.0,-22.0,14486.0,-94.0,14965.0,97.0,5707.0,-213.0,-15.0
columbiana,21127.0,20382.0,0.0,21884.0,23903.0,OH,239.0,20830.0,-194.0,5410.0,624.0,-583.0,-467.0,118757.0,324.0,50046.0,-1798.0,-1758.0,18.0,12786.0,9.0,12524.0,-20.0,4704.0,-18.0,178.0,10577.0,125.0,2100.0,360.0,14290.0,-603.0,-7633.0,338.0,5109.0,2.0,36.0,-323.0,863324.0,-1895.0,-252.0,3792.0,-18.0,-372.0,-354.0,-452.0,-301.0,2875.0,-431.0,-4776.0,-174.0,-457.0,293.0,101654.0,-12.0,10.0,-458.0,-685.0,29.0,6.0,-35.0,-88.0,-726.0,-151.0,14.0,341.0,40.0,290.0,-113.0,-144.0,392.0,23788.0,375.0,24393.0,159.0,2320.0,212.0,1017.0
coshocton,5842.0,6457.0,0.0,8037.0,9317.0,OH,74.0,6750.0,-73.0,1560.0,27.0,-180.0,-135.0,20637.0,76.0,15364.0,-475.0,-1793.0,-39.0,1661.0,-22.0,1500.0,-11.0,2334.0,15.0,72.0,-1750.0,2.0,-11.0,75.0,3367.0,-234.0,-2344.0,70.0,1465.0,7.0,35.0,-164.0,212652.0,-2726.0,-118.0,-675.0,-44.0,-54.0,-166.0,-176.0,-173.0,-718.0,-193.0,-1779.0,-119.0,-113.0,174.0,16845.0,4.0,-1797.0,-73.0,-28.0,3.0,0.0,-3.0,12.0,-133.0,-87.0,-60.0,88.0,-41.0,120.0,-56.0,-24.0,202.0,1310.0,143.0,1597.0,67.0,-671.0,12.0,254.0
crawford,6439.0,7197.0,1113.0,11168.0,11059.0,OH,13.0,8780.0,-87.0,2280.0,-70.0,-324.0,-164.0,22880.0,86.0,13565.0,-715.0,-1934.0,-54.0,2188.0,-48.0,2069.0,-41.0,228.0,8.0,36.0,2868.0,-24.0,1034.0,-46.0,1648.0,-436.0,-4753.0,151.0,1834.0,5.0,58.0,-270.0,280906.0,-3159.0,-257.0,-318.0,-43.0,-10.0,-239.0,-553.0,-277.0,-863.0,-293.0,-2338.0,-163.0,257.0,36.0,18225.0,-10.0,12.0,-334.0,-368.0,-4.0,9.0,-44.0,-113.0,-281.0,-34.0,-38.0,310.0,22.0,333.0,-8.0,51.0,106.0,3319.0,-11.0,3429.0,110.0,2846.0,-19.0,-348.0
cuyahoga,20923.0,797772.0,8772.0,223326.0,62303.0,OH,-8836.0,317010.0,-1629.0,105320.0,-3520.0,-21611.0,-9857.0,2522776.0,-3218.0,938840.0,-21499.0,-61649.0,-553.0,234239.0,87.0,223948.0,-1250.0,23885.0,-42.0,2689.0,845617.0,230.0,55283.0,2769.0,135185.0,-5317.0,-87971.0,2364.0,62167.0,-29.0,4627.0,-7553.0,24606617.0,-41090.0,-5581.0,41212.0,-763.0,-6332.0,-7211.0,-10675.0,-7410.0,36214.0,-7843.0,-106329.0,-5615.0,59138.0,-2393.0,2365063.0,-632.0,-1139.0,-8765.0,-6438.0,167.0,124.0,-2252.0,-3275.0,-7093.0,-1561.0,-3641.0,1854.609999999986,-3454.0,1955.0,-1804.0,-1392.0,1241.0,527004.0,111.0,547034.0,3497.0,61239.0,-10891.0,-49290.0
darke,0.0,6649.0,0.0,17204.0,20496.0,OH,5.0,10330.0,-191.0,2190.0,-74.0,-442.0,-252.0,87760.0,26.0,37302.0,-632.0,-1793.0,-48.0,2468.0,-31.0,2632.0,-117.0,2654.0,-12.0,252.0,12783.0,31.0,-494.0,140.0,5074.0,-548.0,-4451.0,175.0,2514.0,2.0,-122.0,-428.0,466044.0,-3922.0,-340.0,849.0,-47.0,19.0,-351.0,-503.0,-427.0,435.0,-387.0,-3358.0,-272.0,719.0,230.0,74708.0,7.0,332.0,-135.0,-271.0,7.0,3.0,-69.0,-15.0,-222.0,-62.0,-147.0,-81.0,-191.0,-33.0,-169.0,-71.0,383.0,15327.0,285.0,15908.0,186.0,5094.0,-133.0,70.0
defiance,6550.0,7314.0,690.0,9566.0,10715.0,OH,111.0,7830.0,-142.0,1980.0,14.0,-542.0,-379.0,46629.0,169.0,23942.0,-633.0,-1718.0,41.0,813.0,55.0,1096.0,-62.0,6.0,-8.0,214.0,7104.0,66.0,1540.0,-14.0,1939.0,-384.0,-3417.0,170.0,2893.0,10.0,50.0,-216.0,372853.0,-1581.0,-264.0,-71.0,53.0,78.0,-225.0,-452.0,-208.0,315.0,-269.0,-2852.0,-139.0,541.0,235.0,39569.0,13.0,149.0,-168.0,-198.0,-12.0,-9.0,-3.0,-62.0,-220.0,-87.0,-46.0,-40.0,-48.0,15.0,-131.0,-210.0,275.0,8202.0,215.0,8355.0,140.0,2484.0,-66.0,-1141.0
delaware,27742.0,37374.0,0.0,55260.0,68167.0,OH,2137.0,32250.0,770.0,6150.0,1188.0,3152.0,808.0,749584.0,1793.0,342498.0,-1308.0,-4719.0,752.0,52578.0,894.0,49528.0,216.0,24852.0,-6.0,1073.0,127014.0,623.0,16170.0,929.0,40863.0,-410.0,-7432.0,828.0,16758.0,98.0,3531.0,343.0,7117151.0,1380.0,376.0,7659.0,81.0,-223.0,134.0,10249.0,349.0,19385.0,-148.0,-32108.0,411.0,8491.0,2276.0,671236.0,-191.0,-311.0,154.0,210.0,211.0,114.0,-49.0,-275.0,-884.0,-321.0,-113.0,202.0,-125.0,91.0,-251.0,-367.0,2450.0,149545.0,2369.0,152730.0,1961.0,25650.0,305.0,-135.0
erie,2510.0,42638.0,1513.0,25020.0,2932.0,OH,-242.0,18390.0,-117.0,4760.0,-474.0,-814.0,-431.0,134048.0,-169.0,17324.0,-1121.0,-3354.0,96.0,11198.0,20.0,11132.0,-99.0,445.0,24.0,205.0,21050.0,98.0,2941.0,403.0,10541.0,-191.0,-5034.0,341.0,6363.0,-6.0,-27.0,-457.0,1030314.0,-9164.0,-365.0,-742.0,-2.0,-42.0,-411.0,-82.0,-423.0,-1288.0,-484.0,-6431.0,-304.0,-667.0,80.0,103243.0,-7.0,146.0,-436.0,-790.0,-53.0,-13.0,-121.0,-143.0,-522.0,-49.0,-87.0,670.0,-70.0,622.0,13.0,30.0,242.0,24030.0,185.0,24612.0,248.0,7581.0,-388.0,-2827.0
fairfield,23311.0,29111.0,0.0,38185.0,46194.0,OH,800.0,27680.0,63.0,7490.0,226.0,578.0,62.0,239329.0,739.0,90233.0,-1586.0,-4120.0,157.0,18802.0,196.0,17879.0,-43.0,12033.0,-14.0,233.0,72666.0,131.0,4711.0,484.0,23317.0,-529.0,-9539.0,487.0,9343.0,19.0,1172.0,-478.0,2559714.0,-8127.0,-292.0,1862.0,-25.0,-2364.0,-548.0,3081.0,-469.0,2665.0,-667.0,-14803.0,-310.0,2554.0,751.0,218081.0,-48.0,62.0,-344.0,-226.0,-3.0,-5.0,-129.0,-146.0,-656.0,-113.0,43.0,683.0,-12.0,655.0,-79.0,-54.0,846.0,40904.0,769.0,42412.0,620.0,7123.0,189.0,-1846.0
fayette,3288.0,4000.0,341.0,6121.0,6639.0,OH,57.0,5860.0,-24.0,1800.0,-141.0,84.0,79.0,31872.0,206.0,14246.0,-264.0,-1213.0,-42.0,702.0,-37.0,579.0,81.0,4531.0,-13.0,26.0,5628.0,-26.0,-398.0,-13.0,1248.0,-369.0,-4648.0,42.0,979.0,3.0,306.0,-238.0,215465.0,-3450.0,-161.0,-447.0,-53.0,-115.0,-243.0,-477.0,-242.0,-939.0,-203.0,-1897.0,-109.0,10.0,75.0,27112.0,-1.0,45.0,-61.0,28.0,9.0,4.0,44.0,65.0,-170.0,-69.0,7.0,151.0,9.0,150.0,20.0,24.0,39.0,5564.0,87.0,6175.0,66.0,3225.0,8.0,236.0
franklin,302619.0,339260.0,15850.0,277196.0,146716.0,OH,1370.0,298950.0,968.0,92260.0,-868.0,-9351.0,-9476.0,2853675.0,3867.0,901592.0,-11730.0,-27451.0,676.0,430218.0,1286.0,187527.0,208.0,117344.0,-42.0,2495.0,813771.0,494.0,42090.0,3403.0,159328.0,-3548.0,-64966.0,2451.0,51609.0,52.0,6809.0,-6472.0,22943393.0,41275.0,-4585.0,65434.0,-559.0,-7505.0,-6306.0,-14996.0,-6482.0,56653.0,-6865.0,-109455.0,-4304.0,106453.0,3919.0,2488994.0,-512.0,9043.0,-5579.0,-228.0,196.0,194.0,-802.0,-837.0,-4967.0,-1105.0,513.0,9582.0,281.0,8827.0,-3300.0,-7576.0,6929.0,500211.0,6489.0,510295.0,5726.0,77752.0,-3445.0,-23834.0
fulton,7404.0,8534.0,695.0,11269.0,12713.0,OH,163.0,8550.0,16.0,1930.0,-60.0,-51.0,-104.0,52694.0,193.0,20034.0,-539.0,-1396.0,105.0,1879.0,75.0,1555.0,56.0,3040.0,7.0,202.0,1840.0,50.0,1314.0,-32.0,4699.0,-204.0,-3379.0,128.0,3048.0,0.0,246.0,-270.0,515110.0,-3632.0,-258.0,403.0,-20.0,68.0,-313.0,-948.0,-268.0,-541.0,-353.0,-3339.0,-233.0,140.0,212.0,44144.0,11.0,144.0,-234.0,-47.0,2.0,5.0,0.0,-25.0,-235.0,-86.0,4.0,244.0,-21.0,270.0,-57.0,-73.0,283.0,9980.0,243.0,10616.0,217.0,3763.0,-10.0,-766.0
gallia,5345.0,5060.0,0.0,6760.0,6805.0,OH,-54.0,4670.0,20.0,1510.0,94.0,-182.0,-148.0,32297.0,-47.0,18088.0,-443.0,-1262.0,-7.0,1950.0,15.0,1757.0,-48.0,321.0,-40.0,43.0,12192.0,63.0,928.0,8.0,2294.0,-95.0,-2260.0,84.0,1485.0,-21.0,-213.0,-181.0,229580.0,-609.0,-166.0,441.0,12.0,-38.0,-156.0,-238.0,-186.0,304.0,-120.0,-1333.0,-96.0,1049.0,-44.0,30168.0,-17.0,53.0,-95.0,-113.0,-33.0,-10.0,-44.0,10.0,-118.0,-11.0,-63.0,53.0,-63.0,112.0,-38.0,-27.0,-48.0,7837.0,-83.0,7689.0,66.0,2071.0,-95.0,-217.0
geauga,12309.0,20264.0,2684.0,60103.0,0.0,OH,201.0,20140.0,-29.0,2810.0,371.0,-394.0,-407.0,126373.0,283.0,25628.0,-1744.0,-7720.0,21.0,24968.0,99.0,25026.0,59.0,-875.0,-18.0,311.0,-2776.0,215.0,9623.0,325.0,15804.0,-365.0,-5390.0,385.0,9483.0,-18.0,851.0,-330.0,3075235.0,-31833.0,-257.0,-3295.0,-83.0,-354.0,-346.0,-1029.0,-334.0,-2809.0,-425.0,-11761.0,-285.0,-17763.0,680.0,130556.0,-26.0,-69.0,-565.0,-2559.0,51.0,20.0,-57.0,-58.0,-684.0,-182.0,-92.0,44.0,-50.0,55.0,-148.0,-252.0,732.0,28326.0,711.0,30437.0,792.0,9268.0,-310.0,-14971.0
greene,24991.0,32243.0,2832.0,46979.0,53935.0,OH,-332.0,32910.0,-63.0,6850.0,-301.0,-1110.0,-546.0,177874.0,-265.0,37250.0,-1499.0,-2668.0,-109.0,15964.0,-48.0,14774.0,-66.0,2573.0,32.0,385.0,30176.0,285.0,4494.0,468.0,27618.0,-569.0,-9200.0,486.0,10438.0,3.0,461.0,-1061.0,3053523.0,-15830.0,-694.0,-162.0,7.0,115.0,-876.0,-1299.0,-1060.0,-810.0,-1131.0,-16614.0,-700.0,2924.0,37.0,164875.0,-168.0,-294.0,-873.0,-727.0,38.0,9.0,-176.0,-181.0,-1003.0,-294.0,20.0,645.0,11.0,633.0,11.0,-96.0,48.0,35039.0,-17.0,36210.0,565.0,5649.0,-733.0,-1664.0
guernsey,7052.0,6868.0,0.0,8477.0,8925.0,OH,183.0,7820.0,-117.0,2040.0,210.0,-273.0,-239.0,172086.0,244.0,21925.0,-341.0,-1287.0,0.0,2558.0,-10.0,2248.0,-123.0,451.0,15.0,151.0,8511.0,-80.0,-2235.0,102.0,1895.0,-283.0,-3354.0,227.0,4208.0,7.0,-192.0,65.0,367802.0,7728.0,67.0,5602.0,-1.0,80.0,13.0,133.0,73.0,5606.0,-62.0,-1312.0,38.0,2987.0,422.0,156177.0,144.0,719.0,-226.0,-139.0,-16.0,-7.0,-63.0,-58.0,-205.0,36.0,-198.0,-151.0,-163.0,-167.0,-95.0,-63.0,491.0,40683.0,373.0,40891.0,391.0,17854.0,-184.0,56.0
hamilton,178495.0,219299.0,11079.0,259449.0,125781.0,OH,-2808.0,195350.0,-449.0,63490.0,-2496.0,-7772.0,-3859.0,1916103.0,206.0,877074.0,-9659.0,-32872.0,-275.0,210449.0,375.0,204927.0,-325.0,25549.0,-35.0,3109.0,252495.0,13.0,59010.0,1628.0,101386.0,-3313.0,-52379.0,1560.0,41045.0,34.0,3550.0,-6406.0,18222300.0,-27262.0,-4554.0,53275.0,-959.0,-5397.0,-5562.0,-23162.0,-6290.0,32006.0,-6148.0,-87751.0,-3960.0,48520.0,54.0,1751128.0,-324.0,3219.0,-4221.0,6511.0,20.0,10.0,-1260.0,-1501.0,-3888.0,-1369.0,-70.0,4472.0,-246.0,4558.0,-905.0,-1245.0,2028.0,425993.0,1013.0,432325.0,4080.0,73728.0,-5937.0,-33354.0
hancock,10572.0,11894.0,1285.0,21520.0,22894.0,OH,-52.0,16420.0,-43.0,3740.0,-312.0,-599.0,-397.0,63810.0,18.0,18614.0,-1080.0,-2481.0,-83.0,7307.0,-36.0,6718.0,-180.0,2958.0,19.0,148.0,29942.0,42.0,1568.0,208.0,9076.0,-619.0,-3298.0,196.0,5316.0,22.0,428.0,-582.0,1142821.0,-5484.0,-469.0,2825.0,-45.0,-70.0,-496.0,-655.0,-559.0,2432.0,-614.0,-7725.0,-391.0,2073.0,228.0,50247.0,-22.0,282.0,-332.0,-615.0,0.0,21.0,-92.0,-95.0,-481.0,-148.0,-155.0,65.0,-149.0,43.0,-141.0,2.0,316.0,8670.0,154.0,9812.0,383.0,4973.0,-306.0,-620.0
hardin,3969.0,4416.0,582.0,7131.0,7375.0,OH,72.0,5410.0,-93.0,1540.0,20.0,-122.0,-96.0,47640.0,162.0,18900.0,-377.0,-747.0,-20.0,-940.0,-23.0,-84.0,-65.0,-539.0,12.0,65.0,2591.0,-49.0,409.0,44.0,4350.0,-316.0,-2923.0,136.0,2210.0,11.0,356.0,-100.0,205456.0,-338.0,-125.0,561.0,5.0,-51.0,-120.0,-68.0,-112.0,486.0,-139.0,-1351.0,-54.0,429.0,231.0,27364.0,-5.0,-11.0,-117.0,-131.0,14.0,1.0,68.0,38.0,-135.0,-29.0,24.0,333.0,15.0,282.0,29.0,4.0,219.0,5098.0,168.0,5532.0,74.0,2047.0,88.0,733.0
harrison,3443.0,3176.0,0.0,3498.0,3558.0,OH,-83.0,2800.0,-21.0,530.0,-85.0,-190.0,-87.0,1042.0,-25.0,4505.0,-187.0,-605.0,-9.0,-1269.0,10.0,-1406.0,-20.0,849.0,-8.0,110.0,10441.0,-17.0,-885.0,91.0,2545.0,-130.0,-1354.0,-2.0,-175.0,-0.0001,-0.0001,25.0,108001.0,1437.0,35.0,1518.0,-18.0,-60.0,-18.0,-52.0,10.0,1391.0,-9.0,-402.0,20.0,-265.0,-102.0,-230.0,3.0,136.0,-103.0,-161.0,3.0,1.0,6.0,-35.0,-84.0,-57.0,35.0,64.0,29.0,32.0,14.0,3.0,-98.0,-488.0,-69.0,-406.0,-158.0,-1674.0,82.0,828.0
henry,4605.0,5448.0,454.0,7738.0,8986.0,OH,130.0,5780.0,-95.0,1330.0,27.0,-137.0,-89.0,41227.0,149.0,17521.0,-455.0,-1293.0,106.0,1709.0,81.0,1630.0,1.0,874.0,24.0,172.0,5604.07,23.0,42.0,85.0,2633.0,-160.0,-2114.0,121.0,2032.0,3.0,119.0,-138.0,312949.0,-851.0,-129.0,129.0,8.0,-33.0,-167.0,-604.0,-134.0,-475.0,-216.0,-1831.0,-114.0,712.0,227.0,37222.0,17.0,40.0,-46.0,-49.0,-17.0,-5.0,-23.0,-13.0,-201.0,-32.0,62.0,142.0,45.0,158.0,18.0,-47.0,226.0,7960.0,188.0,8316.0,105.0,2542.0,50.0,184.0
highland,5686.0,5982.0,0.0,21931.0,0.0,OH,-14.0,6880.0,-72.0,2320.0,-195.0,-245.0,-114.0,29582.0,203.0,22336.0,-433.0,-1220.0,-42.0,269.0,3.0,435.0,18.0,2294.0,-23.0,47.0,4962.0,-25.0,-1259.0,46.0,1713.0,-661.0,-8088.0,69.0,1526.0,10.0,178.0,-209.0,252814.0,-2371.0,-168.0,-139.0,-32.0,-3.0,-239.0,-456.0,-221.0,-655.0,-241.0,-2622.0,-92.0,99.0,-31.0,28770.0,-13.0,8.0,-194.0,-181.0,-16.0,-1.0,-7.0,-35.0,-201.0,-42.0,14.0,246.0,20.0,244.0,0.0,5.0,85.0,5181.0,39.0,5358.0,195.0,1649.0,-127.0,-245.0
hocking,4992.0,5717.0,0.0,6057.0,7264.0,OH,201.0,5040.0,-13.0,1390.0,116.0,-2.0,-94.0,26859.0,196.0,12200.0,-195.0,-876.0,-10.0,668.0,11.0,587.0,89.0,1303.0,3.0,39.0,2687.0,34.0,24.0,85.0,4746.0,-113.0,-1890.0,82.0,1175.0,-2.0,89.0,-75.0,211030.0,-1835.0,-76.0,-598.0,2.0,-22.0,-98.0,-296.0,-80.0,-862.0,-110.0,-1619.0,26.0,334.0,140.0,21840.0,-27.0,-112.0,-146.0,-172.0,-17.0,-11.0,-43.0,-58.0,-166.0,-45.0,33.0,115.0,24.0,71.0,-31.0,39.0,164.0,4105.0,209.0,4259.0,109.0,891.0,117.0,218.0
holmes,1997.0,2506.0,0.0,8252.0,9443.0,OH,435.0,7070.0,99.0,800.0,335.0,429.0,44.0,84338.0,449.0,25470.0,-376.0,-2190.0,2.0,-716.0,-22.0,-691.0,89.0,13113.0,-14.0,289.0,14685.0,6.0,432.0,29.0,1221.0,-114.0,-1371.0,51.0,712.0,7.0,263.0,-148.0,319299.0,4.0,-115.0,83.0,-45.0,-32.0,-121.0,-417.0,-138.0,-66.0,-137.0,-1566.0,-75.0,2095.0,467.0,69714.0,35.0,95.0,-84.0,167.0,-20.0,3.0,123.0,279.0,-130.0,-15.0,-50.0,-7.0,-14.0,45.0,-37.0,-30.0,472.0,15251.0,437.0,15718.0,214.0,4522.0,293.0,-186.0
huron,9617.0,10083.0,832.0,12443.0,12605.0,OH,-179.0,12180.0,-88.0,3520.0,106.0,-821.0,-493.0,39811.0,-102.0,15817.0,-1059.0,-2579.0,11.0,7472.0,58.0,7468.0,12.0,1931.0,25.0,267.0,5529.0,15.0,-1293.0,11.0,4189.0,-66.0,-4158.0,257.0,3652.0,-4.0,57.0,-423.0,527974.0,-4921.0,-333.0,-759.0,-15.0,102.0,-370.0,-231.0,-418.0,-1227.0,-367.0,-3785.0,-327.0,500.0,116.0,33477.0,-25.0,-172.0,-396.0,-535.6890000000003,17.0,-3.0,-164.0,-227.0,-457.0,-163.0,30.0,398.0,9.0,379.0,-43.0,-97.0,101.0,5572.0,76.0,6005.0,254.0,697.0,-373.0,-597.0
jackson,5204.0,5258.0,0.0,7268.0,7556.0,OH,-119.0,5130.0,-72.0,1990.0,555.0,-339.0,-181.0,28343.0,-82.0,10643.0,-428.0,-400.0,-18.0,719.0,-15.0,450.0,-81.0,1452.0,3.0,47.0,9055.0,-22.0,-2511.0,-81.0,2501.0,-100.0,-2090.0,84.0,1484.0,0.0,1.0,-123.0,204430.0,812.0,-89.0,1111.0,-28.0,-115.0,-146.0,-203.0,-134.0,1073.0,-165.0,-1455.0,-80.0,-680.0,-60.0,23914.0,-2.0,-119.0,-118.0,-230.0,-19.0,-12.0,-32.0,-24.0,-179.0,-69.0,-34.0,262.0,-39.0,322.0,-51.0,-12.0,-2.0,5591.0,-77.0,5670.0,25.0,597.0,-110.0,535.0
jefferson,16296.0,16031.0,0.0,14786.0,15888.0,OH,-172.0,14240.0,-199.0,3410.0,-263.0,-569.0,-225.0,121338.0,-6.0,20804.0,-1150.0,-1611.0,38.0,5937.0,62.0,5750.0,-47.0,2911.0,-2.0,146.0,16450.0,40.0,1498.0,349.0,9001.0,-183.0,-3445.0,313.0,5300.0,4.0,-23.0,-18.0,529568.0,6968.0,-10.0,4427.0,3.0,-219.0,-175.0,-157.0,-36.0,4070.0,-203.0,-2131.0,-3.0,2515.0,102.0,103153.0,4.0,-41.0,-385.0,-290.0,-27.0,-17.0,-63.0,-84.0,-334.0,-117.0,-128.0,274.0,-118.0,218.0,-24.0,10.0,238.0,26185.0,195.0,26895.0,114.0,8659.0,-204.0,403.0
knox,9499.0,10186.0,0.0,16237.0,17692.0,OH,360.0,11070.0,100.0,2500.0,161.0,331.0,-6.0,109576.0,232.0,47479.0,-583.0,-1946.0,15.0,2338.0,59.0,1562.0,43.0,4967.0,-2.0,268.0,-5038.0,91.0,3414.0,199.0,6870.0,-452.0,-4844.0,207.0,3050.0,-1.0,-75.0,-355.0,709788.0,-5852.0,-299.0,-2965.0,-39.0,-6.0,-277.0,-684.0,-363.0,-3302.0,-410.0,-4608.0,-154.0,303.0,289.0,99272.0,11.0,350.0,-119.0,-41.0,28.0,13.0,-22.0,35.0,-240.0,-119.0,24.0,237.0,-6.0,229.0,-44.0,-40.0,349.0,20149.0,368.0,21141.0,310.0,5129.0,47.0,297.0
lake,42411.0,54981.0,8219.0,108714.0,0.0,OH,15.0,58010.0,-359.0,11990.0,511.0,-1589.0,-1086.0,413767.0,222.0,135832.0,-4598.0,-6876.0,-297.0,20763.0,-103.0,20008.0,-166.0,3554.0,-11.0,508.0,179866.0,275.0,10737.0,948.0,39550.0,-1345.0,-17473.0,743.0,17751.0,28.0,-700.0,-1443.0,4322355.0,-18002.0,-1337.0,1166.0,-7.0,-234.0,-1396.0,-2326.0,-1428.0,-1072.0,-1608.0,-25255.0,-955.0,8559.0,633.0,386139.0,-111.0,-104.0,-1184.0,-612.0,36.0,22.0,-466.0,-873.0,-1553.0,-366.0,0.0,1134.0,-11.0,1081.0,-243.0,-248.0,952.0,71835.0,959.0,72454.0,997.0,11825.0,-714.0,-5921.0
lawrence,11848.0,11085.0,0.0,12407.0,12562.0,OH,-162.0,10280.0,-153.0,3690.0,-249.0,-544.0,-239.0,37901.0,11.0,22329.0,-643.0,-1327.0,-2.0,4650.0,53.0,4640.0,-144.0,-695.0,-51.0,35.0,53.0,21.0,1140.0,39.0,4599.0,-203.0,-2871.0,106.0,2362.0,5.0,-115.0,-212.0,395321.0,-1871.0,-156.0,603.0,-16.0,51.0,-217.0,-186.0,-240.0,395.0,-222.0,-2010.0,-170.0,326.0,-46.0,29566.0,-12.0,174.0,-212.0,-288.0,-4.0,-14.0,-66.0,-64.0,-235.0,-72.0,-164.0,193.0,-81.0,305.0,-94.0,-7.0,72.0,6688.0,-8.0,6450.0,12.0,486.0,-132.0,-6.0
licking,27099.0,33097.0,0.0,42691.0,52048.0,OH,405.0,33240.0,-96.0,8870.0,61.0,-403.0,-348.0,205077.0,490.0,93124.0,-1530.0,-5440.0,56.0,15187.0,127.0,14512.0,87.0,8123.0,-38.0,416.0,2248.0,138.0,3188.0,396.0,28702.0,-862.0,-12197.0,683.0,12449.0,12.0,464.0,-949.0,2598136.0,-14969.0,-752.0,2514.0,-25.0,-967.0,-999.0,-2403.0,-955.0,752.0,-1080.0,-16955.0,-597.0,2516.0,730.0,177077.0,-26.0,569.0,-615.0,-802.0,-17.0,21.0,-224.0,-251.0,-863.0,41.0,-14.0,851.0,-11.0,755.0,-272.0,-170.0,1044.0,39844.0,1060.0,41553.0,949.0,9241.0,-232.0,-2420.0
logan,5066.0,6479.0,960.0,13303.0,14472.0,OH,452.0,9620.0,-109.0,2460.0,186.0,97.0,-98.0,111425.0,570.0,49955.0,-608.0,-972.0,-59.0,8535.0,-27.0,8581.0,-82.0,851.0,1.0,3.0,11341.0,-28.0,-1497.0,90.0,9437.0,-703.0,-6641.0,121.0,2357.0,-2.0,-3.0,-180.0,492038.0,956.0,-154.0,1868.0,27.0,-44.0,-198.0,-448.0,-169.0,1573.0,-205.0,-2543.0,-142.0,2486.0,652.0,97436.0,-5.0,-3.0,-150.0,63.0,13.0,4.0,49.0,5.0,-364.0,-164.0,-122.0,22.0,-116.0,40.0,-61.0,-18.0,654.0,20946.0,610.0,21757.0,318.0,6681.0,221.0,-537.0
lorain,47443.0,109896.0,4759.0,65749.0,37490.0,OH,775.0,64990.0,-177.0,17760.0,587.0,-1063.0,-954.0,397535.0,969.0,202389.0,-4042.0,-8479.0,581.0,33513.0,629.0,32559.0,-90.0,8545.0,41.0,1023.0,18316.0,252.0,6841.0,1050.0,43604.0,-829.0,-17972.0,1117.0,22740.0,2.0,745.0,-1540.0,4742788.0,-15380.0,-1407.0,3812.0,132.0,-1500.0,-1507.0,1311.0,-1512.0,5296.0,-1875.0,-28912.0,-973.0,6480.0,1108.0,362055.0,-103.0,344.0,-1700.0,-1173.0,6.0,3.0,-568.0,-1053.0,-2008.0,-427.0,-210.0,450.0,-262.0,388.0,-358.0,-257.0,1412.0,83891.0,1267.0,85929.0,1274.0,11892.0,-475.0,-2319.0
lucas,49575.0,216809.0,5910.0,80105.0,48941.0,OH,-1462.0,94650.0,-765.0,34090.0,-2165.0,-4871.0,-1989.0,169851.0,-317.0,67334.0,-7530.0,-12740.0,14.0,27211.0,83.0,28167.0,-674.0,5155.0,4.0,987.0,-27858.0,307.0,14743.0,454.0,35824.0,-1652.0,-26318.0,1334.0,24007.0,28.0,1405.0,-2766.0,6168620.0,-39740.0,-2210.0,-840.0,114.0,-1682.0,-2526.0,-498.0,-2754.0,-2223.0,-2839.0,-36344.0,-1901.0,-718.0,-210.0,145328.0,-145.0,232.0,-2604.0,-525.0,-80.0,1.0,-412.0,-1046.0,-2298.0,-431.0,-91.0,3200.0,-94.0,3332.0,-229.0,45.0,639.0,24508.0,170.0,25082.0,1253.0,14174.0,-2359.0,-7280.0
madison,4541.0,6518.0,0.0,9379.0,12065.0,OH,253.0,7970.0,-34.0,2060.0,-184.0,-39.0,-167.0,102405.0,246.0,23851.0,-443.0,-4927.0,51.0,1744.0,90.0,1514.0,-67.0,2617.0,-2.0,52.0,17115.0,62.0,2410.0,235.0,9784.0,-180.0,-2620.0,179.0,2508.0,7.0,92.0,-126.0,628473.0,2786.0,-61.0,5050.0,-40.0,-61.0,-143.0,-514.0,-148.0,4361.0,-163.0,-3086.0,-112.0,1384.0,334.0,64110.0,-1.0,771.0,-97.0,-5.0,0.0,21.0,-33.0,-15.0,-261.0,-76.0,-3.0,85.0,-8.0,100.0,-48.0,-67.0,351.0,11945.0,242.0,12681.0,173.0,4976.0,111.0,-526.0
mahoning,12576.0,147962.0,0.0,52282.0,14572.0,OH,-457.0,53400.0,-429.0,15410.0,148.0,-2090.0,-888.0,398208.0,430.0,98288.0,-4027.0,-13591.0,-119.0,23836.0,-19.0,23517.0,-206.0,-1994.0,10.0,388.0,-3024.0,238.0,230.0,477.0,31008.0,-715.0,-12963.0,1001.0,19465.0,20.0,55.0,-1325.0,2825452.0,-8910.0,-1079.0,5044.0,-130.0,247.0,-1296.0,-5918.0,-1341.0,630.0,-1347.0,-12815.0,-926.0,3063.0,310.0,259254.0,30.0,510.0,-1604.0,-1680.0,-18.0,-16.0,-284.0,-483.0,-1338.0,-303.0,-103.0,1131.0,-131.0,1300.0,-204.0,-166.0,798.0,68586.0,290.0,69122.0,1440.0,18027.0,-1566.0,-5435.0
marion,10053.0,11376.0,1167.0,13656.0,14942.0,OH,104.0,11980.0,-253.0,4180.0,-223.0,-655.0,-412.0,75476.0,259.0,32465.0,-683.0,-1692.0,-31.0,3306.0,2.0,2990.0,-4.0,2621.0,-11.0,154.0,25235.0,57.0,1458.0,173.0,8117.0,-590.0,-5206.0,232.0,3449.0,-2.0,280.0,-345.0,500512.0,-5334.0,-277.0,-974.0,-15.0,12.0,-358.0,-571.0,-331.0,-418.0,-416.0,-3773.0,-226.0,-719.0,193.0,68106.0,17.0,219.0,-194.0,-186.0,-24.0,-8.0,18.0,-27.0,-290.0,-74.0,48.0,352.0,60.0,297.0,-18.0,-95.0,170.0,12866.0,119.0,13724.0,253.0,3559.0,-30.0,521.0
medina,12119.0,65294.0,0.0,45176.0,47835.0,OH,789.0,37760.0,-115.0,6750.0,404.0,-290.0,-564.0,409175.0,720.0,200548.0,-3042.0,-5758.0,241.0,19121.0,294.0,17376.0,16.0,7627.0,-23.0,738.0,43280.0,356.0,10921.0,737.0,20664.0,-876.0,-13127.0,736.0,13956.0,28.0,740.0,-761.0,3971099.0,-4209.0,-517.0,10122.0,-121.0,-313.0,-764.0,4029.0,-722.0,14229.0,-909.0,-21034.0,-457.0,6136.0,859.0,348879.0,-47.0,1080.0,-775.0,-653.0,53.0,29.0,-388.0,-847.0,-1019.0,-212.0,10.0,571.0,1.0,460.0,-74.0,-20.0,1009.0,82616.0,919.0,83503.0,992.0,15127.0,-114.0,-3392.0
meigs,4433.0,4132.0,0.0,5175.0,5346.0,OH,-13.0,3500.0,-45.0,1140.0,69.0,-179.0,-89.0,11652.0,-44.0,4707.0,-362.0,-559.0,3.0,455.0,-21.0,430.0,-33.0,1554.0,21.0,-3.0,-2169.2340000000004,5.0,-357.0,56.0,5705.0,-126.0,-1478.0,20.0,826.0,-0.0001,-0.0001,-85.0,107949.0,266.0,-92.0,-321.0,1.0,-109.0,-91.0,55.0,-79.0,-340.0,-47.0,-630.0,-47.0,90.0,-23.0,10602.0,5.0,-68.0,-121.0,-74.0,1.0,-5.0,-11.0,2.0,-82.0,-20.0,4.0,122.0,14.0,147.0,-13.0,-18.0,-1.0,2207.0,-50.0,2430.0,36.0,955.0,-45.0,-21.0
mercer,3061.0,4736.0,475.0,15743.0,16368.0,OH,92.0,8700.0,54.0,1440.0,140.0,-161.0,-214.0,92136.0,95.0,40916.0,-750.0,-1510.0,23.0,5262.0,25.0,5017.0,7.0,966.0,5.0,243.0,7576.0,38.0,2191.0,112.0,6029.0,-497.0,-2918.0,149.0,2562.0,8.0,328.0,-263.0,465576.0,-2524.0,-239.0,-26.0,-4.0,86.0,-251.0,-793.0,-265.0,-208.0,-300.0,-2575.0,-131.0,925.0,275.0,83596.0,30.0,393.0,-145.0,-90.0,52.0,-5.0,-60.0,13.0,-226.0,33.0,-59.0,197.0,-29.0,177.0,-88.0,-140.0,378.0,18964.0,329.0,19861.0,337.0,8653.0,-222.0,-880.0
miami,0.0,15968.0,0.0,32866.0,39751.0,OH,609.0,21110.0,-16.0,5380.0,177.0,87.0,-225.0,165610.0,655.0,81677.0,-936.0,-3078.0,-129.0,9400.0,-110.0,8429.0,-33.0,1613.0,-4.0,291.0,18087.0,129.0,4543.0,353.0,16427.0,-699.0,-8361.0,385.0,6807.0,5.0,195.0,-378.0,1510033.0,3905.0,-281.0,3426.0,-57.0,-51.0,-400.0,1085.0,-357.0,5005.0,-521.0,-7375.0,-267.0,4213.0,755.0,138949.0,4.0,292.0,-165.0,-520.0,33.0,10.0,-5.0,-40.0,-603.0,-161.0,-10.0,412.0,-58.0,402.0,-87.0,-35.0,845.0,29839.0,824.0,30402.0,604.0,6360.0,54.0,285.0
monroe,3630.0,3274.0,0.0,3114.0,3021.0,OH,126.0,2550.0,-23.0,550.0,74.0,-24.0,-110.0,100614.0,62.0,4052.0,-162.0,-504.0,50.0,129.0,44.0,-151.0,1.0,2095.0,-1.0,39.0,4068.0,-3.0,-118.0,77.0,1386.0,-4.0,-548.0,158.0,2055.0,-0.0001,-0.0001,97.0,181999.0,4626.0,106.0,3800.0,-14.0,-44.0,78.0,79.0,103.0,4579.0,6.0,-248.0,57.0,896.0,116.0,93985.0,62.0,422.0,-89.0,-183.0,-11.0,1.0,-35.0,-86.0,-72.0,-42.0,-37.0,-81.0,-25.0,-41.0,-18.0,-20.0,174.0,27551.0,144.0,27429.0,145.0,8345.0,-22.0,885.0
montgomery,103300.0,135210.0,7200.0,116345.0,149229.0,OH,-2251.0,119500.0,-838.0,40210.0,-1340.0,-6411.0,-2652.0,764482.0,-234.0,202341.0,-5064.0,-31590.0,-754.0,39287.0,-698.0,34319.0,-476.0,8191.0,-50.0,786.0,272408.0,175.0,22603.0,1214.0,70126.0,-2429.0,-39725.0,1220.0,28907.0,28.0,978.0,-4108.0,7785493.0,-63378.0,-3317.0,-5841.0,-260.0,-2978.0,-3943.0,-14776.0,-4118.0,-16467.0,-4434.0,-47405.0,-3050.0,5784.0,-1020.0,688778.0,-303.0,-1851.0,-2815.0,-1029.0,-118.0,-75.0,-1078.0,-1251.0,-2882.0,-704.0,-245.0,3366.0,-417.0,3419.0,-389.0,-48.0,16.0,142839.0,-638.0,145966.0,1729.0,20132.0,-3485.0,-11455.0
morgan,2298.0,2625.0,0.0,3065.0,3592.0,OH,-17.0,2360.0,-43.0,600.0,282.0,-130.0,-99.0,4667.0,-21.0,2144.0,-121.0,-475.0,-6.0,-133.0,-2.0,-16.0,-21.0,-58.0,6.0,-3.0,-969.0,12.0,141.0,24.0,562.0,-17.0,-622.0,20.0,466.0,-0.0001,-0.0001,-38.0,62966.0,-461.0,-23.0,21.0,-10.0,-3.0,-38.0,14.0,-42.0,51.0,-37.0,-442.0,-31.0,-35.0,-45.0,4437.0,-32.0,-85.0,-117.0,-47.0,-15.0,-5.0,-15.0,-19.0,-93.0,-38.0,-23.0,0.0,-27.0,-11.0,-22.0,-16.0,2.0,850.0,-11.0,893.0,15.0,298.0,-35.0,-80.0
morrow,4897.0,5511.0,0.0,9414.0,10847.0,OH,89.0,5900.0,-23.0,1630.0,183.0,-3.0,-22.0,37613.0,83.0,15577.0,-288.0,-1002.0,27.0,-133.0,70.0,-35.0,23.0,2771.0,2.0,109.0,2949.0,-14.0,-296.0,16.0,3248.0,-265.0,-3091.0,91.0,1753.0,6.0,177.0,-191.0,312339.0,-3077.0,-171.0,16.0,-9.0,-22.0,-207.0,-543.0,-186.0,-483.0,-202.0,-2568.0,-64.0,70.0,84.0,26474.0,-18.0,-100.0,-131.0,-51.0,0.0,5.0,-29.0,7.0,-160.0,-46.0,25.0,290.0,17.0,231.0,29.0,16.0,111.0,4794.0,109.0,5235.0,163.0,1964.0,-78.0,-25.0
muskingum,14426.0,15592.0,0.0,18748.0,21295.0,OH,82.0,16640.0,-181.0,4890.0,-293.0,-445.0,-300.0,97546.0,90.0,15257.0,-935.0,-2395.0,42.0,224.0,39.0,-358.0,-11.0,1973.0,-8.0,156.0,-3615.0,41.0,1707.0,234.0,8572.0,-586.0,-7959.0,271.0,4392.0,-1.0,75.0,-309.0,795213.0,-7352.0,-277.0,1139.0,2.0,-248.0,-355.0,-501.0,-301.0,1941.0,-398.0,-5164.0,-162.0,-159.0,43.0,72836.0,22.0,600.0,-503.0,-385.0,-29.0,-1.0,-87.0,-137.0,-493.0,-250.0,-157.0,476.0,-97.0,476.0,-14.0,103.0,194.0,15069.0,182.0,15409.0,337.0,12366.0,-270.0,-708.0
noble,2382.0,2127.0,0.0,3311.0,3345.0,OH,-58.0,2140.0,-5.0,490.0,46.0,-210.0,-123.0,95157.0,-36.0,6215.0,-88.0,-536.0,39.0,-84.0,39.0,-60.0,-32.0,-2424.0,-3.0,46.0,809.6010000000001,9.0,479.0,54.0,1746.0,-128.0,-1700.0,112.0,1736.0,-0.0001,-0.0001,78.0,136865.0,7546.0,91.0,3750.0,-7.0,-3.0,69.0,252.0,81.0,4068.0,-5.0,-122.0,50.0,790.0,128.0,86682.0,67.0,466.0,-107.0,-103.0,9.0,4.0,1.0,-28.0,-86.0,-34.0,-95.0,-217.0,-97.0,-179.0,-88.0,-136.0,175.0,23806.0,148.0,23811.0,213.0,10512.0,-203.0,171.0
ottawa,4946.0,18245.0,705.0,14293.0,5096.0,OH,27.0,9550.0,-53.0,1890.0,-25.0,-322.0,-189.0,57060.0,-6.0,19658.0,-631.0,-1612.0,8.0,3255.0,43.0,3194.0,-85.0,9247.0,-15.0,123.0,7436.612000000001,116.0,1983.0,149.0,7521.0,-48.0,-2828.0,177.0,4852.0,12.0,-184.0,-317.0,601043.0,-3905.0,-248.0,-123.0,-37.0,-102.0,-344.0,-420.0,-311.0,-255.0,-391.0,-4144.0,-190.0,784.0,138.0,49591.0,-1.0,7.0,-158.0,-2.0,-49.0,-6.0,-22.0,-86.0,-241.0,-41.0,16.0,295.0,21.0,301.0,34.0,-5.0,172.0,9797.0,100.0,10192.0,315.0,3015.0,-230.0,-1058.0
paulding,3406.0,3277.0,386.0,5147.0,5190.0,OH,-9.0,3630.0,-75.0,870.0,-85.0,-202.0,-107.0,23731.0,4.0,3384.0,-298.0,-1244.0,-15.0,-3551.0,-4.0,-3260.0,-40.0,284.0,30.0,44.0,5867.0,-25.0,-190.0,17.0,1038.0,-165.0,-1563.0,78.0,1442.0,-3.0,-17.0,-93.0,151649.0,747.0,-92.0,428.0,-18.0,-18.0,-104.0,-126.0,-98.0,290.0,-106.0,-1037.0,-56.0,802.0,-45.0,24196.0,-2.0,29.0,-77.0,764.0,-21.0,-12.0,0.0,19.0,-105.0,0.0,-4.0,15.0,-19.0,25.0,-4.0,-73.0,14.0,3270.0,-50.0,3620.0,12.0,1785.0,-29.0,3.0
perry,5583.0,6734.0,0.0,7240.0,9022.0,OH,-57.0,5830.0,-28.0,1840.0,-136.0,-277.0,-180.0,15690.0,7.0,16436.0,-213.0,-1055.0,50.0,265.0,33.0,218.0,-89.0,-1376.0,-1.0,77.0,-2203.0,-8.0,534.0,95.0,3133.0,-211.0,-2810.0,89.0,1038.0,1.0,18.0,-103.0,226557.0,-1055.0,-81.0,248.0,17.0,9.0,-145.0,-73.0,-116.0,107.0,-146.0,-1814.0,-50.0,-51.0,15.0,12672.0,-9.0,-3.0,-164.0,-39.0,24.0,-8.0,-22.0,15.0,-151.0,-72.0,-93.0,128.0,-64.0,133.0,-59.0,-15.0,24.0,2552.0,-53.0,2472.0,-22.0,-424.0,15.0,274.0
pickaway,7041.0,9344.0,0.0,13177.0,16373.0,OH,131.0,9550.0,-92.0,2710.0,-57.0,-177.0,-150.0,91872.0,99.0,25775.0,-411.0,-1818.0,47.0,2650.0,54.0,2629.0,55.0,1252.0,-9.0,131.0,12726.0,12.0,-49.0,220.0,8070.0,-200.0,-3222.0,152.0,2441.0,7.0,477.0,-262.0,675723.0,-3702.0,-100.0,71.0,-27.0,-42.0,-302.0,-704.0,-259.0,-625.0,-332.0,-3900.0,-166.0,279.0,281.0,82296.0,-19.0,-23.0,-183.0,-205.0,4.0,-8.0,-28.0,-73.0,-294.0,-41.0,6.0,388.0,6.0,346.0,-54.0,-46.0,400.0,15630.0,298.0,16283.0,211.0,5628.0,-30.0,-657.0
pike,5986.0,5751.0,0.0,9973.0,0.0,OH,-181.0,4250.0,-47.0,1440.0,257.0,-565.0,-319.0,15679.0,-101.0,3988.0,-283.0,-1303.0,-46.0,1159.0,-38.0,1153.0,-70.0,533.0,-13.0,-14.0,1392.0,-20.0,-536.0,-160.0,4434.0,-274.0,-2571.0,55.0,1135.0,-0.0001,-0.0001,-112.0,161800.0,-323.0,-125.0,-309.0,-9.0,35.0,-127.0,-96.0,-121.0,-302.0,-136.0,-1116.0,-75.0,-107.0,-115.0,14848.0,16.0,67.0,-171.0,-166.0,13.0,-2.0,-95.0,-91.0,-142.0,-60.0,-74.0,72.0,-64.0,88.0,-138.0,-82.0,38.0,2410.0,-63.0,2315.0,14.0,522.0,-141.0,-345.0
portage,5966.0,70946.0,1421.0,54464.0,8243.0,OH,483.0,34690.0,-129.0,7280.0,272.0,-689.0,-617.0,212717.0,623.0,121202.0,-2364.0,-4974.0,99.0,23154.0,283.0,22431.0,-115.0,1082.0,-36.0,431.0,13545.0,182.0,5190.0,393.0,21545.0,-835.0,-12066.0,545.0,9357.0,-15.0,-321.0,-971.0,2363422.0,-5452.0,-589.0,1484.0,-103.0,14.0,-768.0,179.0,-978.0,3130.0,-877.0,-12374.0,-476.0,3246.0,741.0,176635.0,50.0,749.0,-589.0,-695.0,-48.0,-2.0,-259.0,-468.0,-826.0,-173.0,34.0,639.0,10.0,575.0,18.0,11.0,848.0,37717.0,771.0,38560.0,368.0,4190.0,221.0,1205.0
preble,0.0,6045.0,0.0,12820.0,14847.0,OH,48.0,7830.0,-120.0,1970.0,-118.0,-472.0,-268.0,32774.0,41.0,14579.0,-368.0,-1167.0,-83.0,1143.0,-57.0,1082.0,-169.0,1118.0,26.0,26.0,1111.0,-47.0,-232.0,25.0,2939.0,-332.0,-3385.0,133.0,1888.0,1.0,41.0,-402.0,386652.0,-6017.0,-314.0,-591.0,-48.0,-829.0,-341.0,-807.0,-395.0,-2146.0,-418.0,-3677.0,-281.0,-834.0,74.0,30041.0,0.0,55.0,-237.0,43.0,12.0,-9.0,-39.0,-44.0,-256.0,-98.0,-31.0,274.0,-12.0,333.0,-53.0,-14.0,127.0,5659.0,15.0,5886.0,13.0,1313.0,72.0,330.0
putnam,3562.0,4584.0,430.0,12899.0,14039.0,OH,7.0,7130.0,-62.0,1180.0,82.0,-246.0,-196.0,61879.0,-25.0,26456.0,-470.0,-3366.0,68.0,2220.0,87.0,2183.0,-36.0,2167.0,24.0,297.0,16106.0,51.0,852.0,66.0,2302.0,-258.0,-1870.0,154.0,3685.0,11.0,403.0,-227.0,432663.0,-3984.0,-222.0,-1582.0,-11.0,-21.0,-206.0,-467.0,-230.0,-1995.0,-206.0,-2263.0,-122.0,49.0,113.0,58689.0,18.0,116.0,-181.0,-306.0,-1.0,-2.0,-57.0,-61.0,-157.0,2.0,-3.0,115.0,9.0,150.0,-61.0,-122.0,173.0,10649.0,97.0,11646.0,209.0,5730.0,-196.0,-405.0
richland,22102.0,23758.0,0.0,30696.0,32820.0,OH,-123.0,24580.0,-318.0,7030.0,-177.0,-927.0,-400.0,86336.0,72.0,37173.0,-1532.0,-4726.0,-261.0,1647.0,-169.0,1894.0,-90.0,-196.0,-23.0,-498.0,22507.0,29.0,2623.0,7.0,5707.0,-1092.0,-10806.0,347.0,5092.0,-8.0,-65.0,-797.0,1121651.0,-10265.0,-702.0,-2128.0,-68.0,-1411.0,-730.0,-1182.0,-784.0,-4135.0,-795.0,-8444.0,-567.0,1770.0,102.0,74328.0,9.0,87.0,-628.0,-931.0,27.0,13.0,-152.0,-330.0,-722.0,-154.0,0.0,881.0,28.0,907.0,-17.0,-57.0,127.0,16103.0,66.0,16081.0,98.0,1322.0,-100.0,-1707.0
ross,13003.0,14147.0,0.0,21546.0,8087.0,OH,12.0,13120.0,-255.0,4410.0,189.0,-684.0,-292.0,38193.0,170.0,6782.0,-976.0,-1907.0,-83.0,1483.0,-24.0,1286.0,-111.0,1347.0,-28.0,74.0,13124.0,-18.0,-290.0,210.0,10048.0,-272.0,-4880.0,172.0,3627.0,6.0,96.0,-368.0,605393.0,-5822.0,-348.0,-1098.0,65.0,272.0,-394.0,-422.0,-353.0,-1458.0,-425.0,-4334.0,-110.0,535.0,54.0,30663.0,-18.0,80.0,-386.0,-525.4330000000009,5.0,0.0,-21.0,-58.0,-374.0,-84.0,-72.0,455.0,-46.0,480.0,-97.0,2.0,106.0,4669.0,48.0,4945.0,207.0,3184.0,-74.0,-543.0
sandusky,11945.0,13606.0,1924.0,13280.0,12883.0,OH,18.0,13150.0,-78.0,3590.0,495.0,-402.0,-350.0,70209.0,2.0,21937.0,-914.0,-2468.0,50.0,4509.0,69.0,4218.0,-55.0,413.0,10.0,207.0,21732.0,71.0,895.0,274.0,10760.0,-193.0,-4021.0,266.0,4902.0,-8.0,243.0,-467.0,570961.0,-2881.0,-408.0,31.0,8.0,-38.0,-399.0,-353.0,-465.0,-341.0,-502.0,-4336.0,-355.0,1216.0,232.0,58203.0,11.0,22.0,-223.0,-265.0,-41.0,-15.0,-129.0,-197.0,-432.0,-86.0,-104.0,348.0,-86.0,357.0,-42.0,-25.0,284.0,9850.0,228.0,10278.0,271.0,3145.0,-213.0,-467.0
scioto,15902.0,15116.0,0.0,18994.0,7725.0,OH,-223.0,11340.0,-189.0,4240.0,-37.0,-762.0,-358.0,16220.0,-144.0,15798.0,-952.0,-2625.0,-37.0,4900.0,-63.0,4632.0,-186.0,2391.0,12.0,59.0,-14369.0,38.0,786.0,-12.0,8509.0,-200.0,-2553.0,155.0,3118.0,-6.0,-27.0,-204.0,518010.0,-1947.0,-144.0,743.0,-15.0,-5.0,-187.0,-226.0,-195.0,1279.0,-244.0,-2560.0,-145.0,1284.0,-216.0,9494.0,-12.0,-51.0,-355.0,-308.0,26.0,-4.0,-127.0,-212.0,-429.0,-81.0,-218.0,119.0,-207.0,265.0,-81.0,81.0,-163.0,2637.0,-328.0,2502.0,214.0,968.0,-448.0,-2451.0
seneca,9306.0,10525.0,1605.0,12802.0,12639.0,OH,-37.0,11650.0,-51.0,3040.0,-125.0,-282.0,-158.0,56562.0,63.0,25455.0,-736.0,-1489.0,55.0,3759.0,1.0,3576.0,7.0,4102.0,-7.0,284.0,4448.0,75.0,1145.0,40.0,5021.0,-509.0,-4938.0,198.0,3241.0,29.0,444.0,-344.0,386318.0,-4144.0,-277.0,-449.0,14.0,109.0,-369.0,-1540.0,-343.0,-2169.0,-409.0,-3171.0,-222.0,378.0,174.0,43710.0,13.0,5.0,-240.0,-278.46999999999935,5.0,-3.0,17.0,69.0,-403.0,-65.0,-22.0,378.0,-44.0,375.0,-152.0,-150.0,329.0,8314.0,282.0,8929.0,141.0,2330.0,-135.0,-465.0
shelby,4540.0,6045.0,839.0,16087.0,17477.0,OH,197.0,9790.0,-92.0,2590.0,211.0,-389.0,-283.0,99447.0,281.0,34269.0,-643.0,-1267.0,61.0,6386.0,55.0,6090.0,-32.0,4931.0,-2.0,136.0,23328.0,116.0,1967.0,62.0,4031.0,-573.0,-5087.0,186.0,2891.0,8.0,396.0,-284.0,585410.0,-250.0,-245.0,1399.0,-46.0,-140.0,-354.0,-604.0,-286.0,841.0,-419.0,-3526.0,-222.0,1347.0,255.0,89776.0,4.0,154.0,-125.0,-172.70900000000074,10.0,-1.0,3.0,-102.0,-285.0,14.0,-47.0,127.0,-72.0,109.0,-82.0,-36.0,356.0,18943.0,307.0,19731.0,273.0,5752.0,-60.0,-724.0
stark,58516.0,118117.0,0.0,82414.0,80859.0,OH,1253.0,83340.0,-356.0,21790.0,145.0,-1378.0,-1440.0,525417.0,1952.0,270886.0,-6496.0,-10246.0,-65.0,51995.0,94.0,51422.0,-263.0,17143.0,-15.0,810.0,63460.0,512.0,8905.0,1053.0,40392.0,-1632.0,-27386.0,1102.0,21933.0,5.0,1116.0,-1746.0,5085165.0,-12641.0,-1588.0,9926.0,-95.0,91.0,-1873.0,-820.0,-1737.0,13096.0,-2140.0,-27958.0,-1297.0,8482.0,1877.0,462548.0,49.0,798.0,-1594.0,-2074.0,31.0,18.0,-230.0,-504.0,-1909.0,-484.0,-192.0,2316.0,-207.0,2368.0,-170.0,-64.0,2528.0,103110.0,2170.0,106010.0,1254.0,17912.0,242.0,-1049.0
summit,27290.0,271821.0,4559.0,162563.0,20562.0,OH,56.0,126940.0,-793.0,33930.0,-546.0,-3556.0,-1878.0,1149983.0,2001.0,464138.0,-8593.0,-23182.0,116.0,78041.0,306.0,76663.0,-847.0,18049.0,-20.0,910.0,275174.0,250.0,15144.0,1339.0,61838.0,-2404.0,-39898.0,1419.0,29674.0,10.0,1921.0,-3627.0,10066512.0,-11032.0,-2320.0,24155.0,-299.0,-1467.0,-3270.0,-859.0,-3593.0,23654.0,-3644.0,-51767.0,-2412.0,26155.0,1309.0,1009458.0,-183.0,2845.0,-2435.0,812.0,21.0,43.0,-708.0,-1232.0,-2916.0,-608.0,-187.0,3230.0,122.0,3387.0,-279.0,-323.0,2062.0,229320.0,1367.0,231019.0,1747.0,37779.0,-1005.0,-5729.0
trumbull,3570.0,128943.0,894.0,60449.0,0.0,OH,158.0,47150.0,-419.0,11910.0,263.0,-1379.0,-919.0,334724.0,478.0,63725.0,-2931.0,-7814.0,5.0,12251.0,55.0,11698.0,29.0,8606.0,21.0,403.0,29250.0,168.0,4854.0,-158.0,8962.0,-338.0,-12309.0,1030.0,21783.0,26.0,708.0,-1083.0,1982707.0,-697.0,-1036.0,3122.0,16.0,125.0,-1204.0,-2061.0,-1091.0,2257.0,-1265.0,-10779.0,-768.0,8017.0,684.0,290479.0,189.0,1475.0,-1263.0,231.0,17.0,10.0,-326.0,-373.0,-1173.0,-177.0,-194.0,776.0,-193.0,658.0,-219.0,-113.0,1109.0,71770.0,970.0,71644.0,1423.0,41281.0,-1044.0,-3754.0
tuscarawas,17597.0,17940.0,0.0,19946.0,22418.0,OH,-62.0,18820.0,12.0,4780.0,-145.0,-1015.0,-859.0,42082.0,279.0,63353.0,-1640.0,-2498.0,14.0,4781.0,55.0,4430.0,-48.0,4822.0,-16.0,359.0,-65295.0,71.0,4043.0,98.0,6196.0,-600.0,-6650.0,376.0,5360.0,-1.0,99.0,-197.0,893443.0,-963.0,-87.0,3449.0,-57.0,39.0,-209.0,7.0,-186.0,4425.0,-335.0,-4368.0,-143.0,-1024.0,539.0,26708.0,-30.0,-132.0,-310.0,136.0,24.0,5.0,2.0,146.0,-415.0,-71.0,-397.0,-223.0,-299.0,-161.0,-251.0,-542.0,707.0,9051.0,517.0,9717.0,254.0,-5543.0,-187.0,-89.0
union,6764.0,8144.0,1400.0,15553.0,15673.0,OH,431.0,9450.0,55.0,2080.0,5.0,154.0,-218.0,153157.0,525.0,71311.0,-649.0,-1457.0,121.0,3122.0,131.0,2662.0,-9.0,2475.0,21.0,92.0,15974.0,-25.0,332.0,249.0,9166.0,-304.0,-3025.0,151.0,2929.0,23.0,760.0,-171.0,1030411.0,423.0,-71.0,3088.0,-5.0,42.0,-189.0,516.0,-175.0,4302.0,-238.0,-5870.0,-74.0,1887.0,569.0,116231.0,4.0,-85.0,-128.0,437.4629999999997,48.0,22.0,-93.0,-172.0,-273.0,-68.0,-31.0,18.0,19.0,-21.0,-92.0,-109.0,638.0,25809.0,599.0,26920.0,389.0,6400.0,121.0,-251.0
van wert,3534.0,3630.0,522.0,9401.0,9464.0,OH,93.0,5890.0,-23.0,1290.0,280.0,-90.0,-113.0,48909.0,106.0,11831.0,-507.0,-713.0,3.0,1135.0,-17.0,936.0,-6.0,1772.0,8.0,224.0,8834.0,79.0,1447.0,189.0,3134.0,-188.0,-2387.0,143.0,2759.0,6.0,154.0,-193.0,239098.0,-1223.0,-183.0,111.0,12.0,50.0,-184.0,-1482.0,-191.0,-1329.0,-182.0,-1306.0,-102.0,214.0,173.0,38729.0,8.0,98.0,-127.0,-226.0,-1.0,1.0,-58.0,-64.0,-107.0,-18.0,-74.0,88.0,-65.0,58.0,-50.0,-57.0,195.0,7951.0,190.0,8760.0,202.0,4991.0,-81.0,-503.0
vinton,2251.0,2414.0,0.0,2679.0,2918.0,OH,67.0,2010.0,22.0,720.0,142.0,11.0,-74.0,9828.0,73.0,4420.0,-70.0,-363.0,9.0,-913.0,11.0,-777.0,16.0,1066.0,-9.0,40.0,-1630.0,4.0,-317.0,82.0,1831.0,-60.0,-527.0,39.0,619.0,-0.0001,-0.0001,-49.0,51033.0,-813.0,-35.0,100.0,-14.0,-32.0,-34.0,-123.0,-56.0,-35.0,-53.0,-488.0,-30.0,-165.0,57.0,6945.0,-1.0,25.0,-52.0,11.0,-8.0,-2.0,4.0,0.0,-67.0,-4.0,-8.0,56.0,13.0,36.0,-34.0,-58.0,104.0,1383.0,118.0,1446.0,37.0,61.0,29.0,-184.0
warren,24964.0,33787.0,5240.0,70755.0,76126.0,OH,1312.0,40820.0,160.0,8920.0,537.0,1254.0,337.0,474474.0,1145.0,299909.0,-2578.0,-2715.0,396.0,30911.0,507.0,27795.0,350.0,21861.0,-30.0,953.0,32967.0,384.0,1024.0,955.0,30509.0,-913.0,-16284.0,781.0,15753.0,26.0,1178.0,-709.0,5802696.0,-11493.0,-680.0,7703.0,64.0,-438.0,-641.0,10076.0,-696.0,18225.0,-1110.0,-34627.0,-431.0,6981.0,1334.0,424704.0,-17.0,1037.0,-824.0,295.0,5.0,42.0,-287.0,-672.0,-1344.0,-541.0,-21.0,655.0,-22.0,474.0,-179.0,-271.0,1595.0,98916.0,1626.0,101054.0,1746.0,18498.0,-360.0,-4683.0
washington,11845.0,11464.0,0.0,15904.0,16652.0,OH,79.0,12420.0,-194.0,2800.0,-94.0,-314.0,-184.0,140135.0,-2.0,33038.0,-970.0,-2602.0,136.0,2569.0,167.0,2589.0,-19.0,9753.0,-2.0,175.0,-2085.0,134.0,2510.0,117.0,6704.0,-256.0,-2881.0,295.0,5808.0,-23.0,37.0,-175.0,577766.0,1992.0,-49.0,2951.0,-57.0,-161.0,-197.0,344.0,-184.0,3343.0,-210.0,-2346.0,-55.0,685.0,285.0,113072.0,60.0,579.0,-194.0,-98.38600000000042,20.0,5.0,-85.0,-137.0,-361.0,-125.0,-163.0,-88.0,-202.0,-48.0,-69.0,-87.0,444.0,29727.0,325.0,30018.0,452.0,14071.0,-350.0,-616.0
wayne,0.0,38953.0,0.0,28138.0,29676.0,OH,384.0,22960.0,-60.0,4500.0,127.0,29.0,-182.0,129681.0,504.0,57488.0,-1640.0,-4416.0,-45.0,1290.0,-21.0,1025.0,29.0,7080.0,50.0,532.0,16835.0,24.0,-864.0,453.0,11605.0,-520.0,-6453.0,424.0,7210.0,-2.0,156.0,-981.0,1276985.0,-20691.0,-757.0,2071.0,-124.0,-510.0,-849.0,-2050.0,-977.0,695.0,-800.0,-9034.0,-487.0,-3771.0,617.0,116505.0,-8.0,373.0,-171.0,-334.0,8.0,1.0,10.0,89.0,-535.0,-189.0,42.0,332.0,35.0,261.0,-138.0,-98.0,640.0,23648.0,620.0,23891.0,632.0,7171.0,-106.0,-818.0
williams,5850.0,6640.0,675.0,9294.0,10738.0,OH,59.0,7930.0,-21.0,1990.0,-164.0,-95.0,-92.0,57562.0,97.0,21401.0,-372.0,-1440.0,-13.0,3022.0,-49.0,999.0,25.0,1505.0,-9.0,227.0,13335.0,38.0,1982.0,1.0,3590.0,-624.0,-4913.0,120.0,2492.0,-19.0,159.0,-297.0,318947.0,-2900.0,-278.0,-717.0,5.0,31.0,-270.0,-324.0,-300.0,-802.0,-291.0,-2437.0,-161.0,-865.0,233.0,42750.0,13.0,107.0,-107.0,-22.0,21.0,14.0,-4.0,31.0,-230.0,-44.0,-40.0,303.0,-59.0,262.0,-24.0,25.0,276.0,7502.0,292.0,7817.0,211.0,4038.0,-73.0,-24.0
wood,27744.0,31633.0,2422.0,27905.0,32128.0,OH,437.0,27120.0,98.0,5360.0,289.0,104.0,-185.0,221125.0,362.0,64851.0,-2328.0,-4252.0,221.0,14405.0,218.0,12918.0,-107.0,7941.0,23.0,478.0,65123.0,251.0,5616.0,324.0,14731.0,-544.0,-6462.0,526.0,10389.0,15.0,734.0,-797.0,2181815.0,-5506.0,-593.0,3123.0,-4.0,-410.0,-779.0,-2939.0,-795.0,2979.0,-848.0,-12370.0,-548.0,2053.0,707.0,192614.0,-16.0,439.0,-530.0,784.0,-56.0,0.0,-76.0,-170.0,-660.0,-171.0,-17.0,-23.0,-67.0,-2.0,-351.0,-190.0,838.0,36510.0,682.0,37798.0,711.0,9772.0,-199.0,-5529.0
wyandot,3389.0,3728.0,429.0,6074.0,6519.0,OH,-55.0,4660.0,-7.0,1170.0,-107.0,-158.0,-69.0,48561.0,64.0,19055.0,-298.0,-1040.0,-107.0,-757.0,-105.0,-616.0,-13.0,806.0,-6.0,75.0,16225.0,10.0,-118.0,54.0,2250.0,-302.0,-2160.0,26.0,980.0,-4.0,59.0,-116.0,195944.0,1540.0,-113.0,1395.0,-21.0,-22.0,-115.0,-171.0,-116.0,1225.0,-111.0,-1149.0,-104.0,658.0,76.0,42541.0,8.0,119.0,-109.0,-11.0,10.0,12.0,-12.0,20.0,-113.0,-14.0,-76.0,-81.0,-78.0,-97.0,-66.0,-62.0,184.0,8371.0,141.0,8636.0,14.0,3925.0,-8.0,-428.0
