County,D0,D1,OTHER0,R0,R1,STATE,N1,MARS1,MARS2,MARS4,PREP,N2,NUMDEP,TOTAL_VITA,VITA,TCE,A00100,N02650,A02650,N00200,A00200,N00300,A00300,N00600,A00600,N00650,A00650,N00700,A00700,N00900,A00900,N01000,A01000,N01400,A01400,N01700,A01700,SCHF,N02300,A02300,N02500,A02500,N26270,A26270,N02900,A02900,N03220,A03220,N03300,A03300,N03270,A03270,N03150,A03150,N03210,A03210,N03230,A03230,N03240,A03240,N04470,A04470,A00101,N18425,A18425,N18450,A18450,N18500,A18500,N18300,A18300,N19300,A19300,N19700,A19700,N04800,A04800,N05800,A05800,N09600,A09600,N05780,A05780,N07100,A07100,N07300,A07300,N07180,A07180,N07230,A07230,N07240,A07240,N07220,A07220,N07260,A07260,N09400,A09400,N85770,A85770,N85775,A85775,N09750,A09750,N10600,A10600,N59660,A59660,N59720,A59720,N11070,A11070,N10960,A10960,N11560,A11560,N06500,A06500,N10300,A10300,N85530,A85530,N85300,A85300,N11901,A11901,N11902,A11902
cook,9450.0,943059.0,10486.0,325601.0,20239.0,IL,11680.0,11960.0,3590.0,-6320.0,-2060.0,-23610.0,-38520.0,44340.0,27240.0,17100.0,13692974.0,11810.0,13791583.0,16940.0,5691112.0,-48420.0,240852.0,1250.0,1238864.0,6140.0,711645.0,-10730.0,46232.0,12920.0,278451.0,7210.0,4550859.0,3510.0,361280.0,3650.0,459310.0,-70.0,-34160.0,-494975.0,7330.0,231859.0,4330.0,-593244.0,13500.0,98607.0,-2570.0,-586.0,460.0,22012.0,3510.0,13245.0,730.0,7148.0,13110.0,28658.0,-3610.0,-6053.0,-200.0,387.0,-11870.0,157860.0,10116547.0,-6970.0,117756.0,-3280.0,-11940.0,-13970.0,-31947.0,-11400.0,93712.0,-14420.0,-231713.0,-8360.0,434905.0,28600.0,12667426.0,30120.0,3260770.0,4580.0,11624.0,20530.0,15576.0,2730.0,38861.0,10070.0,36693.0,20.0,-115.0,-4680.0,-4217.0,7790.0,1360.0,-7160.0,-6058.0,-4030.0,1913.0,8860.0,45980.0,32660.0,79365.0,38450.0,88407.0,121210.0,25298.0,14460.0,3411933.0,-2260.0,19603.0,-4360.0,13898.0,-10050.0,-15214.0,-3040.0,-2087.0,16160.0,10247.0,36740.0,3375650.0,61860.0,3548877.0,69770.0,172071.0,8230.0,214772.0,33540.0,266868.0,-16050.0,55856.0
lake,17615.0,69821.0,0.0,74436.0,35379.0,IL,2180.0,2300.0,0.0,-110.0,1360.0,-4750.0,-6330.0,5270.0,1510.0,3760.0,1571999.0,2150.0,1594846.0,2190.0,980968.0,-5020.0,4962.0,-400.0,183762.0,460.0,172914.0,-1240.0,16990.0,350.0,8751.0,-70.0,69778.0,880.0,92457.0,1440.0,95489.0,-40.0,-4200.0,-59705.0,1420.0,51615.0,-10.0,204827.0,1150.0,22846.0,-290.0,-60.0,130.0,9206.0,380.0,2689.0,250.0,1459.0,1060.0,2215.0,-590.0,-769.0,-20.0,2558.0,-2550.0,12750.0,1189676.0,-1810.0,-9512.0,-550.0,-44.0,-2820.0,6661.0,-2550.0,-419.0,-3460.0,-63707.0,-1720.0,101984.0,4880.0,1527033.0,4960.0,422002.0,950.0,4196.0,2660.0,2474.0,1080.0,5600.0,1970.0,1994.0,60.0,55.0,-360.0,-321.0,1150.0,268.0,-1160.0,-1506.0,-510.0,423.0,770.0,6590.0,4150.0,11793.0,4930.0,13171.0,13790.0,3166.0,2700.0,635398.0,-330.0,1036.0,-560.0,299.0,-1200.0,-2684.0,-620.0,-771.0,2110.0,1676.0,5280.0,389585.0,8590.0,432354.0,19610.0,52356.0,2020.0,-6880.0,5200.0,69413.0,-2300.0,8365.0
dupage,45443.0,72506.0,1013.0,75319.0,88622.0,IL,3830.0,3040.0,850.0,-430.0,1360.0,-1620.0,-5960.0,6550.0,2110.0,4440.0,3143335.0,3700.0,3178221.0,2900.0,1134285.0,-9600.0,-35338.0,-290.0,202898.0,1130.0,159568.0,-2730.0,9965.0,1770.0,50965.0,1260.0,1059217.0,1850.0,104588.0,2360.0,132384.0,-30.0,-5020.0,-83071.0,2560.0,77727.0,820.0,330753.0,1880.0,34887.0,-340.0,-71.0,20.0,5923.0,480.0,3860.0,50.0,725.0,1970.0,4833.0,-1040.0,-1720.0,20.0,13312.0,-1990.0,37003.0,2278955.0,-1230.0,37581.0,-630.0,-1097.0,-2290.0,31558.0,-1970.0,69839.0,-3230.0,-57687.0,-1590.0,57322.0,6620.0,2751938.0,6710.0,649265.0,1290.0,8496.0,3920.0,3452.0,50.0,3318.0,2490.0,7502.0,280.0,268.0,-1510.0,-1877.0,1270.0,242.0,-1630.0,-2417.0,-1930.0,-548.0,1260.0,6514.0,6120.0,16139.0,7280.0,18068.0,17810.0,4317.0,4130.0,669274.0,-80.0,2112.0,-460.0,1373.0,-1300.0,-2926.0,-1310.0,-1429.0,3030.0,2166.0,7280.0,650166.0,10510.0,682428.0,21230.0,45334.0,2290.0,18064.0,7830.0,58916.0,-2980.0,24848.0
kane,29105.0,20130.0,1.0,12833.0,61659.0,IL,3080.0,2310.0,420.0,150.0,1000.0,-960.0,-3540.0,3520.0,1990.0,1540.0,973986.0,3050.0,985243.0,2430.0,468420.0,-4810.0,1521.0,140.0,42474.0,560.0,31378.0,-2230.0,1379.0,610.0,18639.0,620.0,237931.0,690.0,40068.0,1130.0,82348.0,-10.0,-3720.0,-50291.0,1420.0,37115.0,390.0,79678.0,1030.0,11255.0,-160.0,-54.0,50.0,1159.0,270.0,2001.0,50.0,708.0,980.0,1898.0,-530.0,-985.0,40.0,1924.0,-1270.0,-26217.0,638634.0,-1070.0,6353.0,-80.0,652.0,-1490.0,-2148.0,-1270.0,6383.0,-1610.0,-34850.0,-1060.0,8366.0,4760.0,892085.0,4880.0,187460.0,510.0,1252.0,1700.0,1445.0,940.0,-3172.0,1110.0,-108.0,300.0,237.0,-80.0,197.0,1030.0,168.0,-480.0,-569.0,-580.0,-21.0,730.0,3036.0,2610.0,6693.0,3100.0,7548.0,11580.0,2365.0,3140.0,184992.0,30.0,2228.0,-150.0,1304.0,-1240.0,-3153.0,60.0,5.0,1250.0,900.0,5270.0,191657.0,9200.0,201573.0,6110.0,9382.0,740.0,3381.0,3630.0,22133.0,-100.0,7966.0
kendall,7391.0,4666.0,0.0,4260.0,15458.0,IL,1120.0,760.0,200.0,160.0,280.0,1100.0,30.0,560.0,350.0,220.0,210479.0,1100.0,212205.0,1090.0,144502.0,-1150.0,-2060.0,160.0,5225.0,280.0,3804.0,-150.0,152.0,150.0,2100.0,270.0,24468.0,60.0,4972.0,180.0,15073.0,-10.0,-1000.0,-12649.0,250.0,6249.0,120.0,18900.0,390.0,1726.0,10.0,11.0,0.0,-312.0,20.0,195.0,-30.0,-7.0,300.0,610.0,-130.0,-172.0,20.0,729.0,-30.0,3813.0,139792.0,-30.0,3103.0,40.0,303.0,40.0,4313.0,30.0,7875.0,10.0,-7283.0,90.0,1917.0,960.0,180417.0,980.0,39850.0,120.0,345.0,390.0,329.0,130.0,159.0,220.0,86.0,-20.0,32.0,-60.0,12.0,150.0,18.0,-170.0,-454.0,-230.0,6.0,110.0,269.0,590.0,1482.0,700.0,1659.0,1840.0,431.0,1140.0,32901.0,0.0,390.0,-110.0,318.0,-160.0,-92.0,-20.0,74.0,290.0,207.0,1080.0,39687.0,1490.0,40632.0,870.0,863.0,170.0,328.0,800.0,6969.0,380.0,-306.0
will,12893.0,75219.0,1.0,79314.0,24192.0,IL,5640.0,4860.0,20.0,420.0,1150.0,380.0,-3760.0,3760.0,1670.0,2100.0,1176459.0,5650.0,1191351.0,4370.0,619457.0,-5820.0,-9634.0,230.0,62272.0,760.0,53707.0,-1610.0,2998.0,1470.0,27374.0,930.0,259613.0,1020.0,50924.0,2070.0,106126.0,-30.0,-4450.0,-69169.0,1690.0,45960.0,430.0,64584.0,2450.0,14892.0,-160.0,-26.0,0.0,1820.0,510.0,2341.0,120.0,1218.0,1480.0,3298.0,-480.0,-861.0,30.0,2653.0,-1000.0,-11073.0,762983.0,-800.0,22838.0,-80.0,-308.0,-1300.0,7581.0,-1010.0,29401.0,-1720.0,-43647.0,-510.0,10299.0,5810.0,1052106.0,5810.0,215708.0,980.0,4623.0,2460.0,2108.0,-580.0,-3990.0,1170.0,-959.0,20.0,-61.0,-320.0,-130.0,570.0,138.0,-1760.0,-3176.0,-1060.0,67.0,1620.0,3611.0,3650.0,9533.0,4360.0,10851.0,12180.0,2701.0,5450.0,219817.0,100.0,2914.0,-260.0,2155.0,-1050.0,-1668.0,-50.0,226.0,1710.0,1229.0,6400.0,221220.0,9330.0,234020.0,7520.0,10658.0,970.0,4763.0,4850.0,30479.0,780.0,9975.0
alexander,0.0,1241.0,126.0,965.0,0.0,IL,-100.0,10.0,-60.0,-40.0,-110.0,-230.0,-130.0,20.0,20.0,0.0,839.0,-110.0,714.0,-60.0,-107.0,-70.0,-100.0,10.0,84.0,-10.0,133.0,10.0,11.0,-40.0,57.0,30.0,450.0,-20.0,-236.0,-10.0,718.0,-10.0,-70.0,-573.0,10.0,528.0,0.0,129.0,-100.0,-58.0,-10.0,-1.0,0.0,0.0,-10.0,49.0,10.0,49.0,-10.0,-5.0,0.0,0.0,0.0,0.0,-60.0,-907.0,-2540.0,-20.0,-43.0,-20.0,-21.0,-60.0,-142.0,-50.0,-223.0,-30.0,-110.0,-20.0,-48.0,-20.0,1992.0,-10.0,56.0,0.0,0.0,0.0,0.0,-30.0,9.0,0.0,1.0,-10.0,2.0,0.0,6.0,0.0,0.0,-20.0,-7.0,0.0,3.0,-20.0,-76.0,20.0,87.0,20.0,89.0,130.0,20.0,-80.0,21.0,-70.0,2.0,-70.0,16.0,-30.0,-20.0,0.0,-3.0,0.0,0.0,20.0,50.0,10.0,-83.0,0.0,0.0,0.0,0.0,-10.0,28.0,-90.0,-11.0
franklin,0.0,4327.0,639.0,7851.0,0.0,IL,-30.0,60.0,-100.0,-40.0,-60.0,-300.0,-150.0,110.0,0.0,110.0,14810.0,-40.0,14862.0,100.0,17678.0,-350.0,-754.0,-60.0,919.0,-10.0,775.0,-80.0,56.0,-50.0,-895.0,-50.0,-2878.0,10.0,1255.0,-60.0,4024.0,-30.0,-420.0,-5473.0,90.0,1829.0,10.0,-217.0,-30.0,53.0,-20.0,-2.0,0.0,32.0,20.0,120.0,-10.0,109.0,10.0,100.0,10.0,-40.0,-10.0,-7.0,-40.0,-1707.0,-5174.0,0.0,-253.0,-30.0,-144.0,-60.0,-4.0,-50.0,-398.0,-50.0,-446.0,-60.0,336.0,150.0,11803.0,130.0,1179.0,-20.0,-80.0,160.0,135.0,-30.0,-38.0,30.0,1.0,0.0,11.0,20.0,-21.0,20.0,-1.0,-20.0,34.0,-90.0,-26.0,-50.0,-304.0,270.0,1146.0,300.0,1224.0,870.0,161.0,0.0,1435.0,-60.0,43.0,-70.0,34.0,-20.0,19.0,10.0,-9.0,130.0,80.0,200.0,1186.0,240.0,979.0,50.0,71.0,10.0,-34.0,180.0,-646.0,-170.0,86.0
jackson,0.0,6153.0,1003.0,9188.0,0.0,IL,220.0,240.0,-60.0,-20.0,-80.0,-100.0,-250.0,180.0,120.0,60.0,35602.0,240.0,36400.0,260.0,14618.0,-250.0,-1344.0,-80.0,2704.0,-40.0,1998.0,-160.0,75.0,-10.0,4830.0,0.0,7188.0,40.0,2347.0,40.0,8765.0,-60.0,-310.0,-3045.0,120.0,2695.0,20.0,-1821.0,50.0,797.0,-60.0,-11.0,-20.0,430.0,20.0,13.0,-20.0,-150.0,120.0,266.0,-30.0,-35.0,-10.0,-114.0,-200.0,-6152.0,-5773.0,-190.0,-744.0,-20.0,47.0,-210.0,-451.0,-210.0,-1007.0,-180.0,-1390.0,-160.0,-1047.0,240.0,30538.0,230.0,4573.0,-10.0,-87.0,190.0,140.0,-80.0,-67.0,70.0,47.0,0.0,-20.0,0.0,31.0,20.0,6.0,-110.0,-53.0,-80.0,-46.0,-20.0,277.0,310.0,1067.0,340.0,1144.0,1020.0,169.0,280.0,4175.0,150.0,475.0,70.0,432.0,-60.0,-25.0,-10.0,-12.0,140.0,86.0,290.0,4703.0,380.0,4578.0,200.0,332.0,-10.0,-33.0,340.0,720.0,-20.0,-279.0
jefferson,0.0,4071.0,714.0,7616.0,0.0,IL,-100.0,-70.0,-60.0,40.0,-110.0,-190.0,20.0,800.0,30.0,770.0,25404.0,-100.0,24672.0,-50.0,11749.0,-250.0,-888.0,-110.0,2997.0,-80.0,3037.0,-140.0,210.0,-40.0,4825.0,-50.0,14621.0,0.0,588.0,20.0,4041.0,-30.0,-390.0,-3646.0,30.0,1345.0,0.0,-5776.0,0.0,-730.0,-30.0,-5.0,-10.0,8.0,10.0,14.0,-30.0,-126.0,20.0,110.0,-40.0,-101.0,0.0,29.0,-90.0,3025.0,11140.0,-40.0,-633.0,-20.0,15.0,-100.0,153.0,-110.0,-433.0,-120.0,-618.0,-110.0,1239.0,20.0,18667.0,20.0,1689.0,-10.0,-225.0,150.0,127.0,20.0,43.0,50.0,-1.0,-40.0,-9.0,50.0,60.0,40.0,-1.0,10.0,-5.0,-40.0,-53.0,40.0,63.0,270.0,989.0,300.0,1090.0,900.0,159.0,-70.0,-2336.0,-30.0,402.0,-50.0,386.0,40.0,117.0,50.0,49.0,130.0,74.0,30.0,1572.0,170.0,1917.0,120.0,221.0,10.0,21.0,60.0,2079.0,-80.0,-907.0
madison,18516.0,14365.0,2488.0,11644.0,31959.0,IL,460.0,620.0,-580.0,100.0,-1360.0,-1530.0,-1450.0,3990.0,1530.0,2430.0,270343.0,440.0,271326.0,390.0,162451.0,-2760.0,-10686.0,-460.0,20403.0,-220.0,18186.0,-1230.0,1239.0,40.0,11296.0,30.0,62973.0,60.0,12844.0,-70.0,29177.0,-40.0,-2210.0,-27389.0,1100.0,19317.0,60.0,-20430.0,70.0,983.0,-220.0,-51.0,10.0,856.0,100.0,251.0,120.0,538.0,320.0,682.0,-230.0,-453.0,-30.0,-1351.0,-1030.0,-11128.0,98522.0,-1150.0,-425.0,90.0,-13.0,-1110.0,-830.0,-1070.0,-1035.0,-1040.0,-6680.0,-810.0,2139.0,870.0,240665.0,980.0,46767.0,130.0,196.0,1170.0,942.0,-700.0,-2075.0,380.0,-369.0,-100.0,-28.0,-550.0,-560.0,360.0,85.0,-680.0,-1082.0,-620.0,-34.0,50.0,692.0,1790.0,5433.0,2030.0,6158.0,5260.0,987.0,740.0,53735.0,100.0,1266.0,-50.0,889.0,0.0,104.0,-500.0,-465.0,720.0,393.0,1150.0,48989.0,1970.0,52762.0,1310.0,2098.0,240.0,1479.0,1240.0,4405.0,-480.0,4857.0
monroe,0.0,4216.0,583.0,7749.0,0.0,IL,110.0,40.0,-20.0,40.0,-250.0,-180.0,-220.0,230.0,40.0,190.0,54342.0,110.0,54849.0,70.0,27142.0,-200.0,-1504.0,10.0,3003.0,50.0,2643.0,-260.0,-5.0,-40.0,1575.0,0.0,13969.0,70.0,3640.0,-10.0,4754.0,-40.0,-190.0,-2708.0,260.0,4206.0,-20.0,4185.0,0.0,508.0,-50.0,-7.0,0.0,140.0,40.0,81.0,50.0,325.0,80.0,161.0,-40.0,-33.0,0.0,-196.0,-190.0,-1399.0,21967.0,-190.0,44.0,-30.0,-15.0,-250.0,-607.0,-210.0,-406.0,-170.0,-1356.0,-170.0,1053.0,190.0,45515.0,200.0,10017.0,0.0,529.0,160.0,148.0,40.0,171.0,130.0,62.0,-20.0,9.0,-100.0,-106.0,40.0,5.0,-100.0,-118.0,-10.0,142.0,-20.0,93.0,210.0,631.0,240.0,747.0,450.0,103.0,190.0,16647.0,-40.0,-135.0,-50.0,-123.0,-40.0,-107.0,-100.0,-87.0,90.0,54.0,180.0,9640.0,230.0,10087.0,280.0,390.0,60.0,-194.0,180.0,-2570.0,20.0,1780.0
perry,0.0,2278.0,217.0,4889.0,0.0,IL,-70.0,-60.0,-40.0,30.0,-50.0,-200.0,-100.0,0.0,0.0,0.0,14717.0,-80.0,14466.0,30.0,7349.0,-180.0,-492.0,-90.0,1168.0,-50.0,1148.0,-60.0,-17.0,-50.0,-1766.0,0.0,2588.0,-10.0,-519.0,60.0,3281.0,-10.0,-230.0,-2453.0,70.0,1512.0,20.0,3027.0,-30.0,-251.0,-10.0,-1.0,0.0,-89.0,10.0,-70.0,0.0,-6.0,-10.0,31.0,-10.0,-25.0,30.0,89.0,-60.0,-40.0,4614.0,-60.0,196.0,0.0,18.0,-60.0,-61.0,-50.0,163.0,-30.0,-377.0,-60.0,-61.0,-50.0,13912.0,-40.0,2750.0,0.0,31.0,70.0,67.0,-10.0,-99.0,50.0,28.0,-10.0,-2.0,0.0,-32.0,20.0,-4.0,-40.0,-73.0,-70.0,-12.0,-10.0,-256.0,120.0,488.0,140.0,532.0,360.0,72.0,-60.0,1293.0,50.0,91.0,30.0,95.0,-10.0,2.0,10.0,-18.0,60.0,37.0,-40.0,2838.0,40.0,2702.0,20.0,20.0,10.0,43.0,160.0,1055.0,-160.0,-234.0
pulaski,0.0,1162.0,132.0,1307.0,0.0,IL,-80.0,-40.0,-20.0,0.0,-30.0,-110.0,-40.0,20.0,0.0,20.0,148.0,-70.0,127.0,-60.0,124.0,-60.0,-1.0,-10.0,148.0,-10.0,95.0,20.0,11.0,-30.0,79.0,-20.0,233.0,-10.0,128.0,-30.0,-142.0,-10.0,-30.0,-550.0,10.0,-6.0,10.0,212.0,-20.0,18.0,0.0,2.0,0.0,0.0,0.0,147.0,0.0,30.0,-20.0,20.0,0.0,0.0,0.0,0.0,-10.0,192.0,818.0,0.0,18.0,-10.0,-33.0,-10.0,6.0,0.0,-34.0,-20.0,-149.0,10.0,19.0,-50.0,379.0,-50.0,13.0,0.0,0.0,0.0,0.0,-40.0,-23.0,10.0,1.0,-10.0,-6.0,-30.0,-15.0,-10.0,-4.0,-20.0,-7.0,0.0,-1.0,0.0,33.0,30.0,84.0,40.0,111.0,140.0,23.0,-70.0,105.0,-20.0,-55.0,-30.0,-98.0,-40.0,-30.0,-30.0,-14.0,0.0,0.0,0.0,42.0,40.0,61.0,0.0,0.0,0.0,0.0,-20.0,-140.0,-60.0,-135.0
randolph,0.0,4190.0,533.0,6539.0,0.0,IL,-130.0,-90.0,-90.0,50.0,-100.0,-260.0,-60.0,90.0,60.0,20.0,10949.0,-130.0,10711.0,-150.0,5274.0,-220.0,-532.0,-60.0,1833.0,-30.0,1737.0,-90.0,24.0,10.0,-1913.0,-20.0,7259.0,80.0,1179.0,-10.0,4629.0,10.0,-270.0,-3017.0,100.0,2369.0,0.0,-8089.0,0.0,-243.0,-10.0,-4.0,0.0,-17.0,20.0,134.0,-10.0,6.0,20.0,77.0,0.0,21.0,10.0,47.0,-120.0,-156.0,-4451.0,-90.0,367.0,-10.0,23.0,-120.0,-84.0,-100.0,267.0,-140.0,-851.0,-90.0,520.0,30.0,7798.0,20.0,-1227.0,10.0,80.0,110.0,68.0,-60.0,-74.0,10.0,2.0,-20.0,-15.0,20.0,4.0,0.0,-6.0,40.0,43.0,-110.0,-40.0,0.0,-268.0,170.0,530.0,180.0,578.0,560.0,99.0,-100.0,3538.0,-50.0,-51.0,-100.0,-64.0,-20.0,-7.0,-10.0,-12.0,60.0,38.0,-30.0,-868.0,100.0,-949.0,40.0,33.0,10.0,94.0,100.0,-3586.0,-200.0,-150.0
st. clair,0.0,38426.0,4131.0,34024.0,0.0,IL,380.0,490.0,-360.0,10.0,-2000.0,-2110.0,-2070.0,4550.0,1750.0,2790.0,167298.0,330.0,169550.0,310.0,97914.0,-1750.0,-3522.0,-240.0,17005.0,-50.0,14178.0,-1420.0,257.0,190.0,-2870.0,100.0,33384.0,60.0,9780.0,190.0,27798.0,-40.0,-2130.0,-24171.0,890.0,17289.0,-50.0,1103.0,160.0,2251.0,-100.0,-25.0,10.0,345.0,0.0,138.0,100.0,944.0,370.0,686.0,-240.0,-267.0,10.0,-69.0,-1150.0,-11078.0,12836.0,-1110.0,-1513.0,-100.0,-56.0,-1240.0,-3190.0,-1180.0,-5469.0,-1120.0,-9555.0,-840.0,3397.0,660.0,155708.0,710.0,26025.0,60.0,614.0,910.0,668.0,-950.0,-965.0,130.0,313.0,-160.0,-86.0,-440.0,-419.0,410.0,70.0,-650.0,-780.0,-700.0,-176.0,170.0,544.0,1480.0,4240.0,1660.0,4651.0,4920.0,923.0,420.0,22829.0,-110.0,768.0,-190.0,504.0,-430.0,-201.0,-260.0,-209.0,620.0,406.0,1080.0,23508.0,2260.0,26399.0,1110.0,1735.0,130.0,625.0,1410.0,4616.0,-830.0,1529.0
union,0.0,1763.0,209.0,4328.0,0.0,IL,10.0,50.0,-10.0,-10.0,20.0,-60.0,-50.0,70.0,30.0,40.0,12275.0,20.0,12485.0,50.0,2808.0,-90.0,-490.0,-30.0,583.0,0.0,563.0,10.0,53.0,-10.0,-32.0,10.0,1736.0,0.0,1111.0,30.0,477.0,10.0,-120.0,-1177.0,50.0,907.0,10.0,6919.0,20.0,211.0,-10.0,-2.0,0.0,37.0,0.0,12.0,0.0,48.0,30.0,63.0,-20.0,-36.0,20.0,198.0,-40.0,-602.0,5491.0,-30.0,110.0,-10.0,2.0,-10.0,112.0,-40.0,168.0,-30.0,-88.0,-30.0,-142.0,30.0,7193.0,50.0,1514.0,10.0,39.0,70.0,51.0,-20.0,-98.0,20.0,1.0,0.0,-8.0,-50.0,-46.0,20.0,10.0,0.0,-61.0,-30.0,-32.0,20.0,83.0,120.0,410.0,130.0,450.0,410.0,73.0,50.0,673.0,30.0,134.0,30.0,98.0,10.0,48.0,0.0,-28.0,50.0,26.0,0.0,1638.0,90.0,1855.0,30.0,52.0,10.0,34.0,60.0,495.0,0.0,-391.0
williamson,0.0,5668.0,1065.0,13938.0,0.0,IL,-120.0,-60.0,-70.0,50.0,-190.0,-170.0,10.0,470.0,60.0,410.0,65486.0,-110.0,65727.0,-10.0,35090.0,-310.0,-953.0,-120.0,2684.0,-50.0,2328.0,-80.0,194.0,-30.0,545.0,10.0,11559.0,-30.0,1794.0,150.0,11235.0,-30.0,-590.0,-6037.0,150.0,3640.0,-60.0,4489.0,40.0,242.0,10.0,-5.0,0.0,313.0,20.0,-165.0,20.0,144.0,80.0,215.0,10.0,-18.0,10.0,-98.0,20.0,1687.0,37685.0,-20.0,591.0,40.0,20.0,0.0,709.0,30.0,1467.0,30.0,-189.0,0.0,977.0,50.0,58597.0,100.0,12559.0,10.0,73.0,290.0,257.0,-50.0,-252.0,110.0,22.0,50.0,6.0,-80.0,-120.0,200.0,30.0,-120.0,-29.0,-140.0,-58.0,-40.0,26.0,450.0,1691.0,510.0,1868.0,1480.0,259.0,-70.0,11147.0,-60.0,194.0,-100.0,198.0,-30.0,15.0,-110.0,-132.0,190.0,117.0,230.0,13069.0,440.0,13664.0,280.0,486.0,40.0,367.0,210.0,3390.0,-220.0,970.0
bond,1631.0,0.0,0.0,0.0,3258.0,IL,40.0,20.0,-20.0,-10.0,-60.0,-10.0,-40.0,160.0,0.0,160.0,11202.0,30.0,10711.0,20.0,5463.0,-170.0,-422.0,20.0,354.0,30.0,295.0,-40.0,15.0,-30.0,666.0,20.0,4981.0,70.0,1944.0,40.0,1971.0,10.0,-90.0,-1399.0,70.0,1395.0,10.0,-3428.0,-60.0,-492.0,-10.0,-1.0,10.0,9.0,-10.0,11.0,0.0,-140.0,-10.0,18.0,-10.0,23.0,-10.0,-407.0,-40.0,-1263.0,-283.0,-90.0,-295.0,30.0,36.0,-70.0,-48.0,-50.0,-246.0,-70.0,-549.0,-50.0,197.0,70.0,9058.0,80.0,600.0,0.0,-1.0,80.0,52.0,-20.0,74.0,30.0,-7.0,0.0,5.0,-30.0,9.0,20.0,7.0,-20.0,-22.0,-30.0,39.0,-40.0,-118.0,130.0,453.0,140.0,470.0,240.0,41.0,70.0,-109.0,-20.0,-45.0,-10.0,-50.0,-30.0,-38.0,0.0,7.0,60.0,32.0,90.0,565.0,90.0,516.0,30.0,14.0,0.0,31.0,140.0,2.0,-40.0,-332.0
calhoun,812.0,0.0,0.0,0.0,1143.0,IL,-60.0,0.0,-30.0,-10.0,-40.0,-120.0,-20.0,0.0,0.0,0.0,2925.0,-60.0,2838.0,-40.0,1068.0,-10.0,-93.0,0.0,148.0,-10.0,41.0,-40.0,-27.0,-10.0,134.0,0.0,864.0,-10.0,680.0,20.0,-112.0,-10.0,-50.0,-545.0,20.0,345.0,0.0,1009.0,-20.0,-29.0,-10.0,1.0,0.0,0.0,10.0,42.0,10.0,31.0,10.0,-2.0,0.0,0.0,10.0,-25.0,-30.0,-203.0,1790.0,-30.0,180.0,0.0,0.0,-40.0,-68.0,-20.0,133.0,0.0,-120.0,-30.0,89.0,-20.0,3475.0,-10.0,1503.0,0.0,0.0,30.0,19.0,0.0,-130.0,0.0,-5.0,-10.0,1.0,10.0,1.0,0.0,4.0,-20.0,-54.0,0.0,-6.0,-30.0,-38.0,50.0,139.0,60.0,151.0,80.0,14.0,-40.0,471.0,-20.0,-35.0,-30.0,-34.0,10.0,3.0,20.0,11.0,0.0,0.0,20.0,1633.0,-10.0,1692.0,0.0,0.0,0.0,0.0,10.0,146.0,-80.0,-159.0
champaign,24260.0,0.0,0.0,0.0,29762.0,IL,910.0,690.0,160.0,-70.0,-1740.0,60.0,-1060.0,1930.0,200.0,1750.0,213719.0,850.0,214203.0,890.0,147150.0,-1010.0,-4183.0,150.0,16925.0,350.0,15355.0,-390.0,1086.0,110.0,4077.0,330.0,24097.0,170.0,13900.0,870.0,44319.0,-60.0,-950.0,-10270.0,420.0,8760.0,10.0,-6534.0,80.0,484.0,-70.0,-19.0,10.0,-144.0,0.0,-65.0,90.0,334.0,430.0,972.0,-60.0,190.0,-730.0,-710.0,-300.0,-2163.0,92880.0,-140.0,-321.0,-70.0,-66.0,-270.0,2797.0,-280.0,1795.0,-530.0,-4971.0,-220.0,1684.0,1420.0,190920.0,1470.0,34484.0,120.0,392.0,590.0,454.0,370.0,-47.0,390.0,-475.0,110.0,64.0,20.0,138.0,320.0,59.0,-20.0,-117.0,-320.0,39.0,90.0,-1256.0,980.0,2952.0,1120.0,3222.0,3790.0,730.0,1030.0,27906.0,-20.0,154.0,-170.0,50.0,-280.0,-706.0,-170.0,-102.0,460.0,308.0,1410.0,34765.0,2420.0,36694.0,1370.0,2038.0,260.0,1264.0,1190.0,5331.0,-170.0,-3971.0
christian,2745.0,0.0,0.0,0.0,8953.0,IL,-30.0,80.0,-30.0,-60.0,-100.0,-330.0,-210.0,430.0,270.0,160.0,4627.0,-40.0,4784.0,10.0,10174.0,-140.0,-312.0,10.0,-291.0,-20.0,-184.0,-60.0,37.0,-90.0,358.0,-40.0,7960.0,10.0,1787.0,110.0,5410.0,-20.0,-410.0,-3781.0,70.0,1581.0,-20.0,594.0,-60.0,159.0,-30.0,-5.0,10.0,17.0,30.0,307.0,0.0,17.0,40.0,77.0,-10.0,-62.0,-30.0,-34.0,-50.0,-454.0,-5760.0,-40.0,-474.0,-10.0,-9.0,-80.0,-70.0,-50.0,-518.0,-80.0,-556.0,-10.0,70.0,-10.0,11151.0,-20.0,1662.0,-10.0,-132.0,110.0,81.0,-50.0,-156.0,60.0,-8.0,-10.0,-2.0,-10.0,1.0,120.0,25.0,-80.0,-88.0,-90.0,-30.0,-60.0,-370.0,150.0,545.0,180.0,613.0,730.0,132.0,30.0,2874.0,70.0,208.0,90.0,149.0,10.0,13.0,-30.0,-22.0,50.0,34.0,10.0,1821.0,100.0,1403.0,60.0,72.0,-10.0,-296.0,20.0,-1097.0,-50.0,71.0
dewitt,1559.0,0.0,0.0,0.0,3874.0,IL,-30.0,-20.0,30.0,-20.0,-110.0,-30.0,20.0,60.0,30.0,30.0,-3185.0,-30.0,-3588.0,-30.0,1771.0,-140.0,-91.0,-40.0,745.0,-10.0,595.0,-80.0,36.0,-10.0,-578.0,60.0,4703.0,-10.0,353.0,10.0,2859.0,0.0,-170.0,-1736.0,30.0,797.0,20.0,-2331.0,-70.0,-403.0,0.0,-1.0,0.0,-143.0,0.0,83.0,-10.0,29.0,60.0,60.0,-20.0,-18.0,-120.0,-96.0,-60.0,-408.0,-7540.0,-50.0,-448.0,10.0,5.0,-50.0,-19.0,-40.0,-472.0,-30.0,-408.0,-40.0,-18.0,-110.0,264.0,-100.0,-1034.0,20.0,44.0,60.0,55.0,-70.0,-7.0,50.0,10.0,-40.0,-5.0,-30.0,-28.0,30.0,11.0,-40.0,-38.0,-30.0,-1.0,-20.0,-297.0,110.0,320.0,110.0,377.0,370.0,71.0,-10.0,3.0,20.0,134.0,50.0,121.0,0.0,17.0,-40.0,-26.0,40.0,21.0,-70.0,-937.0,-20.0,-1147.0,50.0,82.0,0.0,34.0,10.0,-1102.0,-80.0,84.0
greene,1443.0,0.0,0.0,0.0,2835.0,IL,-60.0,-30.0,-50.0,10.0,-120.0,-200.0,-80.0,40.0,40.0,0.0,-6230.0,-70.0,-6475.0,-30.0,2139.0,-130.0,-258.0,-20.0,620.0,-30.0,475.0,0.0,64.0,0.0,-367.0,-10.0,681.0,20.0,929.0,-40.0,1921.0,-30.0,-110.0,-1102.0,40.0,370.0,10.0,-460.0,30.0,-245.0,10.0,1.0,0.0,-104.0,0.0,32.0,0.0,-30.0,20.0,42.0,-10.0,6.0,0.0,-91.0,-30.0,-666.0,-3722.0,-30.0,-244.0,-10.0,-14.0,-40.0,-22.0,-30.0,-295.0,-40.0,-183.0,-40.0,-63.0,-20.0,-6570.0,-20.0,-2295.0,-10.0,-17.0,60.0,34.0,-40.0,-143.0,10.0,5.0,-30.0,-11.0,-20.0,-5.0,50.0,12.0,-70.0,-72.0,-30.0,-26.0,20.0,-215.0,100.0,302.0,110.0,312.0,310.0,57.0,-30.0,-1074.0,-30.0,50.0,-30.0,-6.0,20.0,23.0,-50.0,-39.0,40.0,30.0,0.0,-2144.0,40.0,-2297.0,0.0,0.0,0.0,-1.0,30.0,-1483.0,-80.0,-91.0
jersey,2813.0,0.0,0.0,0.0,5167.0,IL,-60.0,-20.0,-60.0,20.0,-70.0,-330.0,-150.0,180.0,100.0,70.0,14479.0,-60.0,14509.0,-50.0,10019.0,-310.0,113.0,0.0,1203.0,-20.0,949.0,-130.0,18.0,-60.0,1928.0,-10.0,416.0,-30.0,1418.0,-20.0,-172.0,0.0,-160.0,-2109.0,100.0,1389.0,-20.0,1658.0,-110.0,28.0,-30.0,-8.0,0.0,116.0,-10.0,-116.0,20.0,142.0,20.0,75.0,-20.0,-56.0,-50.0,-69.0,-80.0,-843.0,5236.0,-80.0,-163.0,20.0,15.0,-90.0,229.0,-70.0,102.0,-70.0,-271.0,-90.0,225.0,20.0,13174.0,20.0,2707.0,10.0,-15.0,90.0,63.0,-30.0,-177.0,20.0,3.0,30.0,2.0,-50.0,-23.0,20.0,13.0,-90.0,-161.0,-20.0,-37.0,-60.0,-251.0,140.0,416.0,150.0,452.0,440.0,95.0,0.0,2923.0,-10.0,29.0,0.0,54.0,-10.0,-25.0,-40.0,-12.0,50.0,37.0,40.0,2796.0,70.0,2602.0,50.0,35.0,0.0,-7.0,70.0,-555.0,-80.0,179.0
macon,12588.0,0.0,0.0,0.0,20786.0,IL,-70.0,10.0,-220.0,120.0,-460.0,-790.0,-480.0,1580.0,800.0,790.0,87738.0,-90.0,87368.0,-120.0,40168.0,-590.0,-1946.0,-130.0,4473.0,-70.0,3642.0,-410.0,733.0,10.0,-4324.0,40.0,37635.0,40.0,7415.0,250.0,19249.0,-50.0,-1990.0,-16951.0,260.0,8301.0,30.0,-5362.0,-20.0,-372.0,-110.0,-23.0,10.0,71.0,50.0,169.0,-30.0,-78.0,120.0,283.0,-10.0,21.0,-300.0,-394.0,-520.0,-9157.0,15604.0,-380.0,-2850.0,-80.0,-86.0,-410.0,-1067.0,-490.0,-4041.0,-460.0,-3151.0,-290.0,-322.0,20.0,86003.0,60.0,14879.0,10.0,-295.0,410.0,308.0,-210.0,415.0,160.0,842.0,70.0,18.0,-130.0,-149.0,170.0,23.0,-130.0,-99.0,-290.0,-43.0,160.0,-41.0,650.0,2223.0,720.0,2385.0,1980.0,353.0,-90.0,9650.0,-20.0,785.0,-110.0,592.0,-80.0,11.0,-100.0,-118.0,280.0,193.0,180.0,13978.0,660.0,15500.0,630.0,1306.0,50.0,493.0,520.0,6173.0,-590.0,-1044.0
macoupin,6389.0,0.0,0.0,0.0,9195.0,IL,-130.0,10.0,-140.0,10.0,-130.0,-590.0,-240.0,190.0,90.0,90.0,22847.0,-130.0,22035.0,-160.0,14335.0,-410.0,-914.0,-90.0,2038.0,-50.0,1979.0,-110.0,96.0,20.0,1020.0,20.0,7535.0,70.0,3504.0,-70.0,5050.0,-50.0,-450.0,-5491.0,110.0,2760.0,20.0,-3411.0,30.0,-811.0,-40.0,-9.0,-10.0,-56.0,-20.0,-102.0,20.0,21.0,60.0,117.0,-20.0,-34.0,-40.0,-624.0,-240.0,-8847.0,-2399.0,-230.0,-525.0,0.0,38.0,-230.0,-167.0,-240.0,-593.0,-230.0,-1200.0,-160.0,-127.0,-100.0,25052.0,-70.0,4312.0,0.0,76.0,220.0,240.0,-90.0,-259.0,80.0,-18.0,-20.0,-19.0,-70.0,-38.0,90.0,15.0,-130.0,-189.0,-90.0,37.0,70.0,-207.0,350.0,1176.0,380.0,1372.0,1020.0,193.0,-80.0,5083.0,-40.0,158.0,-70.0,61.0,-20.0,9.0,-50.0,-30.0,140.0,81.0,-30.0,4496.0,170.0,4903.0,80.0,83.0,20.0,96.0,170.0,-412.0,-230.0,-311.0
montgomery,3047.0,0.0,0.0,0.0,5660.0,IL,-60.0,0.0,-80.0,10.0,-100.0,-320.0,-240.0,50.0,30.0,20.0,11820.0,-70.0,11968.0,-20.0,3938.0,-220.0,-913.0,-30.0,1803.0,-20.0,1545.0,-70.0,92.0,20.0,-61.0,-40.0,3906.0,20.0,1606.0,100.0,5847.0,-10.0,-220.0,-2529.0,120.0,2235.0,30.0,-1190.0,10.0,147.0,0.0,0.0,10.0,16.0,-20.0,94.0,0.0,40.0,10.0,65.0,-40.0,-64.0,-40.0,64.0,-40.0,-1486.0,-43.0,-30.0,-518.0,-40.0,-52.0,-100.0,60.0,-70.0,-532.0,-80.0,-616.0,-50.0,-78.0,30.0,11886.0,40.0,1020.0,-20.0,-83.0,130.0,102.0,-110.0,-3.0,30.0,11.0,-20.0,0.0,-30.0,-19.0,30.0,15.0,-80.0,-48.0,-90.0,-2.0,10.0,-106.0,200.0,680.0,230.0,767.0,640.0,119.0,0.0,881.0,-90.0,74.0,-80.0,70.0,-70.0,-28.0,-30.0,-3.0,90.0,54.0,140.0,1025.0,220.0,1262.0,50.0,100.0,0.0,93.0,70.0,466.0,-130.0,-3.0
mclean,15579.0,0.0,0.0,0.0,34510.0,IL,340.0,290.0,-30.0,0.0,-860.0,-430.0,-820.0,1680.0,1300.0,390.0,162893.0,320.0,160526.0,20.0,74738.0,-80.0,-1650.0,-50.0,13591.0,70.0,11094.0,-450.0,1140.0,80.0,-523.0,50.0,44154.0,190.0,11681.0,360.0,30880.0,30.0,-820.0,-7224.0,430.0,10884.0,60.0,1084.0,130.0,-570.0,-100.0,-26.0,0.0,-986.0,40.0,177.0,-30.0,-87.0,350.0,1021.0,-130.0,-197.0,-160.0,-125.0,-530.0,-10672.0,97149.0,-470.0,-2318.0,-60.0,-44.0,-400.0,385.0,-540.0,-1769.0,-540.0,-5723.0,-360.0,-934.0,250.0,156660.0,290.0,37150.0,10.0,-110.0,520.0,440.0,-120.0,-1056.0,300.0,-715.0,-20.0,4.0,-40.0,-29.0,250.0,33.0,-340.0,-295.0,-300.0,-14.0,200.0,-507.0,780.0,2280.0,920.0,2559.0,2720.0,491.0,300.0,34552.0,180.0,573.0,50.0,423.0,-80.0,-220.0,50.0,92.0,370.0,225.0,350.0,38641.0,930.0,39714.0,1570.0,2713.0,90.0,876.0,750.0,2128.0,-420.0,-3462.0
piatt,2016.0,0.0,0.0,0.0,5007.0,IL,20.0,-10.0,-50.0,40.0,0.0,-60.0,-30.0,110.0,0.0,110.0,20550.0,20.0,19411.0,-30.0,10611.0,-90.0,247.0,-10.0,163.0,-10.0,-88.0,-70.0,123.0,10.0,1239.0,0.0,3900.0,50.0,2540.0,110.0,5113.0,0.0,-170.0,-1537.0,30.0,1040.0,20.0,1529.0,-120.0,-1138.0,-10.0,1.0,0.0,-262.0,-20.0,-4.0,0.0,-139.0,0.0,22.0,-10.0,-43.0,-270.0,-916.0,-60.0,-1194.0,9703.0,-50.0,-328.0,-10.0,-10.0,-80.0,-319.0,-70.0,-601.0,-70.0,-381.0,-40.0,-94.0,-30.0,19435.0,-20.0,4261.0,10.0,-47.0,60.0,57.0,-20.0,-105.0,70.0,6.0,-20.0,5.0,-30.0,-23.0,-20.0,-3.0,-10.0,-58.0,-60.0,-12.0,0.0,-378.0,120.0,394.0,140.0,397.0,290.0,53.0,10.0,4741.0,20.0,11.0,0.0,-13.0,0.0,-13.0,10.0,14.0,60.0,42.0,-30.0,4383.0,20.0,4377.0,100.0,128.0,10.0,63.0,50.0,-291.0,-90.0,-381.0
sangamon,23958.0,0.0,0.0,0.0,47092.0,IL,120.0,170.0,-80.0,20.0,-660.0,-470.0,-500.0,2190.0,910.0,1300.0,246653.0,80.0,248125.0,180.0,93606.0,-630.0,-2370.0,-240.0,16653.0,0.0,13833.0,-860.0,1363.0,-130.0,5157.0,80.0,68624.0,220.0,14022.0,580.0,45771.0,-20.0,-1280.0,-13750.0,600.0,17040.0,10.0,15789.0,130.0,1472.0,-80.0,-17.0,-10.0,265.0,70.0,576.0,-80.0,54.0,450.0,941.0,-150.0,-328.0,-340.0,-708.0,-590.0,-5891.0,104703.0,-500.0,-3728.0,-30.0,86.0,-660.0,1032.0,-610.0,-2884.0,-690.0,-4316.0,-510.0,2830.0,650.0,225198.0,630.0,41949.0,10.0,-17.0,630.0,458.0,-100.0,-2864.0,300.0,-38.0,-90.0,-8.0,-210.0,-105.0,470.0,75.0,-360.0,-640.0,-320.0,-101.0,100.0,835.0,990.0,3057.0,1120.0,3319.0,3820.0,718.0,210.0,34976.0,80.0,1204.0,40.0,911.0,-110.0,55.0,-280.0,-155.0,440.0,309.0,830.0,42657.0,1460.0,46225.0,1530.0,2772.0,170.0,1048.0,1300.0,9884.0,-950.0,-2380.0
dekalb,10724.0,0.0,0.0,0.0,16835.0,IL,250.0,200.0,-70.0,30.0,-350.0,-490.0,-660.0,1080.0,230.0,860.0,112083.0,250.0,112901.0,250.0,60438.0,-970.0,-1613.0,-110.0,4496.0,-10.0,3527.0,-460.0,144.0,120.0,3118.0,-70.0,20479.0,90.0,8715.0,90.0,14849.0,-10.0,-790.0,-9050.0,230.0,7155.0,-20.0,7211.0,250.0,821.0,-80.0,-21.0,-10.0,275.0,30.0,103.0,0.0,16.0,260.0,409.0,-50.0,150.0,80.0,6.0,-310.0,-5190.0,49728.0,-290.0,-301.0,-10.0,-70.0,-240.0,-598.0,-320.0,-1612.0,-310.0,-5358.0,-290.0,1922.0,410.0,96516.0,440.0,19007.0,20.0,-242.0,400.0,379.0,-50.0,15.0,140.0,347.0,-30.0,-11.0,20.0,-35.0,150.0,38.0,-200.0,-311.0,-110.0,41.0,90.0,-86.0,670.0,2075.0,760.0,2307.0,2060.0,396.0,370.0,15484.0,-90.0,-61.0,-100.0,-112.0,-230.0,-393.0,50.0,30.0,310.0,183.0,450.0,18994.0,910.0,19669.0,320.0,472.0,50.0,220.0,520.0,3327.0,-210.0,-1875.0
mchenry,32085.0,0.0,0.0,0.0,58904.0,IL,1250.0,1560.0,-230.0,-240.0,420.0,-3360.0,-3770.0,2790.0,970.0,1830.0,503755.0,1200.0,507427.0,1120.0,170649.0,-3170.0,-4303.0,-80.0,28690.0,370.0,23738.0,-1640.0,1014.0,170.0,19021.0,430.0,107739.0,460.0,49983.0,960.0,42555.0,-40.0,-1750.0,-30129.0,940.0,23819.0,-40.0,90444.0,720.0,3672.0,-60.0,-14.0,40.0,1326.0,220.0,1593.0,50.0,616.0,800.0,1629.0,-290.0,-573.0,40.0,3286.0,-680.0,-11902.0,331501.0,-570.0,1292.0,-70.0,353.0,-740.0,4481.0,-700.0,5794.0,-1020.0,-26428.0,-660.0,9899.0,2330.0,486134.0,2330.0,98433.0,190.0,8.0,1400.0,1339.0,-500.0,1166.0,610.0,1843.0,20.0,0.0,-430.0,-218.0,390.0,81.0,-990.0,-1336.0,-410.0,23.0,360.0,2257.0,2100.0,5565.0,2530.0,6373.0,6040.0,1322.0,1540.0,72008.0,-280.0,-81.0,-350.0,-276.0,-950.0,-2126.0,-370.0,-212.0,1040.0,779.0,2830.0,99394.0,3770.0,105012.0,3330.0,4588.0,410.0,3640.0,2210.0,22544.0,-640.0,-10173.0
clark,1342.0,0.0,0.0,0.0,3802.0,IL,-20.0,-70.0,0.0,40.0,30.0,-100.0,-90.0,230.0,20.0,210.0,11353.0,-10.0,11464.0,-20.0,7267.0,-160.0,-284.0,-10.0,988.0,10.0,1171.0,-10.0,26.0,10.0,1409.0,20.0,2117.0,0.0,813.0,0.0,1087.0,-10.0,-150.0,-1298.0,30.0,1151.0,10.0,3183.0,30.0,113.0,-20.0,-5.0,0.0,-39.0,40.0,141.0,-20.0,-117.0,50.0,44.0,-10.0,-34.0,0.0,-140.0,-80.0,-3176.0,-2628.0,-100.0,-413.0,0.0,8.0,-100.0,-239.0,-80.0,-674.0,-130.0,-676.0,-80.0,-112.0,10.0,9718.0,10.0,1593.0,0.0,96.0,80.0,63.0,-60.0,-131.0,20.0,-1.0,-40.0,-6.0,10.0,-10.0,10.0,2.0,-40.0,-47.0,-30.0,-19.0,-20.0,-3.0,110.0,402.0,120.0,445.0,480.0,91.0,30.0,3334.0,0.0,143.0,10.0,88.0,20.0,-4.0,10.0,-7.0,40.0,24.0,0.0,1710.0,90.0,1864.0,30.0,31.0,10.0,46.0,30.0,-907.0,0.0,91.0
clay,810.0,0.0,0.0,0.0,3099.0,IL,20.0,10.0,-30.0,10.0,10.0,-100.0,-70.0,40.0,40.0,0.0,8420.0,20.0,8573.0,20.0,4612.0,-70.0,-513.0,20.0,231.0,10.0,403.0,-40.0,12.0,-30.0,228.0,50.0,1536.0,10.0,885.0,50.0,1233.0,10.0,-80.0,-692.0,40.0,862.0,20.0,1416.0,-10.0,153.0,0.0,3.0,0.0,1.0,10.0,32.0,0.0,38.0,20.0,10.0,0.0,12.0,0.0,154.0,10.0,160.0,2667.0,40.0,-11.0,-20.0,-13.0,0.0,130.0,10.0,125.0,10.0,20.0,0.0,-88.0,100.0,6728.0,100.0,882.0,-10.0,-61.0,90.0,68.0,0.0,54.0,10.0,3.0,0.0,0.0,0.0,-12.0,20.0,5.0,10.0,57.0,-20.0,31.0,-10.0,42.0,140.0,551.0,160.0,585.0,530.0,101.0,30.0,1246.0,-20.0,49.0,-30.0,46.0,-20.0,-36.0,0.0,5.0,60.0,34.0,90.0,776.0,140.0,998.0,0.0,0.0,0.0,-27.0,30.0,-204.0,-20.0,185.0
clinton,2543.0,0.0,0.0,0.0,10115.0,IL,-30.0,20.0,-20.0,-10.0,-40.0,-130.0,-140.0,230.0,40.0,190.0,35923.0,-40.0,37680.0,-80.0,16954.0,-400.0,-1778.0,-20.0,2161.0,40.0,1936.0,-180.0,-23.0,-40.0,641.0,50.0,27902.0,50.0,1366.0,30.0,4969.0,-20.0,-220.0,-2691.0,130.0,3034.0,10.0,7970.0,-40.0,1757.0,-40.0,-8.0,0.0,-117.0,10.0,276.0,10.0,38.0,-40.0,47.0,-10.0,61.0,-20.0,1189.0,-70.0,-205.0,12870.0,-110.0,-547.0,20.0,68.0,-80.0,112.0,-90.0,-368.0,-70.0,-594.0,-100.0,-232.0,170.0,34001.0,150.0,4717.0,30.0,-223.0,160.0,117.0,0.0,-372.0,80.0,-43.0,60.0,39.0,-90.0,-103.0,60.0,3.0,-80.0,-109.0,-100.0,-10.0,20.0,224.0,240.0,782.0,270.0,857.0,580.0,114.0,-30.0,4041.0,-50.0,22.0,-20.0,19.0,-90.0,-58.0,-120.0,-94.0,100.0,72.0,210.0,5009.0,250.0,5578.0,110.0,135.0,30.0,167.0,210.0,1041.0,-190.0,1287.0
coles,4283.0,0.0,0.0,0.0,10209.0,IL,200.0,270.0,-70.0,-10.0,-100.0,10.0,-100.0,1030.0,1030.0,0.0,68757.0,190.0,69326.0,180.0,37911.0,-370.0,96.0,-10.0,2999.0,0.0,2180.0,-140.0,431.0,30.0,1652.0,-20.0,14772.0,80.0,4807.0,-10.0,2734.0,-10.0,-520.0,-3643.0,160.0,2752.0,-30.0,-19530.0,0.0,568.0,40.0,10.0,0.0,117.0,60.0,159.0,30.0,60.0,50.0,150.0,20.0,-5.0,-60.0,50.0,-70.0,-2559.0,37491.0,-40.0,-708.0,-20.0,-54.0,-90.0,-266.0,-80.0,-1095.0,-140.0,-909.0,-50.0,-933.0,290.0,60279.0,260.0,13498.0,0.0,87.0,180.0,167.0,-50.0,-75.0,80.0,59.0,-50.0,-10.0,-30.0,7.0,70.0,16.0,-10.0,47.0,-90.0,-38.0,10.0,9.0,330.0,999.0,360.0,1119.0,1040.0,179.0,240.0,13678.0,-20.0,76.0,-20.0,38.0,-50.0,12.0,30.0,55.0,130.0,80.0,300.0,13734.0,440.0,14428.0,170.0,382.0,30.0,464.0,310.0,1168.0,-60.0,-187.0
crawford,1747.0,0.0,0.0,0.0,4504.0,IL,10.0,20.0,-20.0,-10.0,30.0,70.0,50.0,0.0,0.0,0.0,15457.0,10.0,14986.0,0.0,10895.0,-10.0,-407.0,-70.0,1345.0,-30.0,1255.0,20.0,29.0,0.0,44.0,20.0,1347.0,50.0,3409.0,20.0,3740.0,-10.0,-180.0,-2249.0,100.0,1438.0,-20.0,1214.0,-80.0,-397.0,0.0,-2.0,-10.0,-139.0,60.0,124.0,-20.0,-28.0,-20.0,12.0,-50.0,-107.0,-10.0,-817.0,10.0,-168.0,7241.0,0.0,-651.0,40.0,51.0,10.0,257.0,20.0,-332.0,-20.0,-112.0,10.0,39.0,60.0,14960.0,90.0,2886.0,0.0,-54.0,60.0,48.0,-90.0,-331.0,30.0,5.0,10.0,-2.0,40.0,29.0,30.0,10.0,-30.0,-23.0,-10.0,-11.0,20.0,-130.0,130.0,473.0,140.0,497.0,450.0,101.0,50.0,3842.0,-20.0,96.0,0.0,110.0,30.0,84.0,50.0,24.0,60.0,36.0,70.0,3223.0,130.0,3251.0,50.0,54.0,0.0,48.0,70.0,-54.0,-10.0,616.0
cumberland,954.0,0.0,0.0,0.0,2913.0,IL,-60.0,10.0,-50.0,-30.0,-30.0,-220.0,-120.0,40.0,40.0,0.0,4072.0,-70.0,3930.0,-70.0,3149.0,-90.0,56.0,-10.0,667.0,0.0,514.0,-30.0,22.0,10.0,858.0,-10.0,2538.0,10.0,74.0,0.0,498.0,-30.0,-150.0,-1321.0,50.0,761.0,10.0,3707.0,-30.0,-140.0,10.0,0.0,20.0,241.0,50.0,34.0,0.0,28.0,10.0,13.0,0.0,9.0,20.0,58.0,-40.0,-488.0,474.0,-10.0,158.0,-20.0,13.0,-40.0,-72.0,-40.0,-43.0,-20.0,-103.0,0.0,-29.0,-50.0,2359.0,-50.0,-124.0,0.0,5.0,50.0,28.0,0.0,4.0,30.0,3.0,-10.0,5.0,0.0,7.0,20.0,12.0,-20.0,-42.0,0.0,40.0,10.0,-190.0,90.0,329.0,100.0,349.0,200.0,39.0,-40.0,230.0,-50.0,-95.0,-40.0,-83.0,-30.0,-29.0,20.0,15.0,40.0,25.0,0.0,-208.0,20.0,-391.0,0.0,0.0,0.0,24.0,30.0,-890.0,-110.0,-533.0
douglas,1190.0,0.0,0.0,0.0,4698.0,IL,-20.0,70.0,-30.0,-60.0,-30.0,-170.0,-20.0,60.0,30.0,30.0,19373.0,-20.0,18969.0,10.0,10621.0,-140.0,-93.0,130.0,807.0,-10.0,451.0,-20.0,130.0,20.0,988.0,-30.0,6209.0,20.0,1012.0,10.0,3816.0,0.0,-110.0,-1045.0,40.0,1244.0,20.0,514.0,-150.0,-404.0,-10.0,-4.0,-10.0,-16.0,40.0,107.0,10.0,-47.0,0.0,38.0,-20.0,-5.0,-260.0,-517.0,-10.0,245.0,4851.0,0.0,-407.0,-10.0,-10.0,-30.0,-13.0,-20.0,-391.0,-40.0,-425.0,-10.0,798.0,40.0,15988.0,30.0,3632.0,0.0,52.0,90.0,81.0,20.0,-47.0,40.0,-11.0,-30.0,-12.0,30.0,55.0,50.0,24.0,-20.0,-94.0,-40.0,-13.0,10.0,95.0,140.0,489.0,160.0,550.0,580.0,117.0,0.0,3387.0,-20.0,78.0,-10.0,37.0,-10.0,-1.0,30.0,18.0,50.0,38.0,50.0,3680.0,170.0,4112.0,40.0,29.0,30.0,75.0,90.0,791.0,-70.0,34.0
edgar,1679.0,0.0,0.0,0.0,4322.0,IL,-110.0,-40.0,-40.0,-30.0,-120.0,-230.0,-90.0,90.0,0.0,90.0,7399.0,-110.0,6787.0,-140.0,4535.0,-90.0,-405.0,-30.0,425.0,-10.0,283.0,0.0,70.0,-10.0,-193.0,10.0,2079.0,10.0,648.0,60.0,2707.0,-10.0,-140.0,-1720.0,40.0,1521.0,10.0,-1056.0,-20.0,-613.0,0.0,1.0,-10.0,-199.0,-30.0,-223.0,0.0,101.0,40.0,95.0,-10.0,0.0,-20.0,-80.0,-50.0,-523.0,895.0,-50.0,-378.0,-10.0,-2.0,-50.0,33.0,-40.0,-301.0,-40.0,-199.0,-10.0,46.0,20.0,7261.0,-10.0,537.0,-20.0,-87.0,60.0,55.0,-70.0,-43.0,20.0,-22.0,-20.0,6.0,-50.0,-43.0,10.0,7.0,-20.0,16.0,-30.0,16.0,-50.0,-241.0,100.0,363.0,110.0,385.0,410.0,75.0,-70.0,2059.0,-30.0,-58.0,-50.0,-89.0,-40.0,-51.0,-30.0,-28.0,40.0,25.0,30.0,539.0,70.0,521.0,40.0,51.0,0.0,57.0,30.0,-1070.0,-110.0,213.0
edwards,363.0,0.0,0.0,0.0,1916.0,IL,-60.0,-20.0,20.0,-10.0,-40.0,-110.0,-50.0,0.0,0.0,0.0,4821.0,-60.0,4844.0,-20.0,4062.0,-50.0,-160.0,-20.0,351.0,0.0,336.0,-40.0,26.0,0.0,-571.0,-10.0,77.0,10.0,-56.0,40.0,1481.0,0.0,-30.0,-271.0,20.0,553.0,10.0,746.0,0.0,23.0,0.0,0.0,0.0,0.0,-10.0,33.0,10.0,39.0,20.0,15.0,10.0,8.0,10.0,18.0,10.0,224.0,1357.0,-20.0,-19.0,10.0,6.0,0.0,15.0,20.0,-35.0,-10.0,-52.0,10.0,27.0,-10.0,4430.0,-10.0,573.0,0.0,-15.0,20.0,25.0,-10.0,-20.0,10.0,1.0,-10.0,1.0,-10.0,-11.0,0.0,-1.0,-20.0,14.0,-20.0,-17.0,-20.0,37.0,40.0,153.0,50.0,169.0,170.0,33.0,-40.0,618.0,-50.0,-86.0,-30.0,-86.0,-50.0,-73.0,0.0,-10.0,20.0,12.0,30.0,594.0,10.0,674.0,0.0,0.0,-20.0,-33.0,-10.0,48.0,-30.0,12.0
effingham,2272.0,0.0,0.0,0.0,9827.0,IL,110.0,130.0,0.0,-10.0,-10.0,30.0,-80.0,210.0,190.0,20.0,18315.0,100.0,17573.0,130.0,19098.0,-180.0,-1722.0,60.0,3212.0,80.0,2203.0,-140.0,415.0,30.0,1137.0,90.0,19946.0,-10.0,1635.0,0.0,6485.0,-10.0,-220.0,-2945.0,70.0,2165.0,0.0,7597.0,-10.0,-751.0,-30.0,-9.0,0.0,-310.0,-10.0,-114.0,-20.0,14.0,60.0,108.0,20.0,63.0,10.0,-147.0,-70.0,-2313.0,-13798.0,-20.0,-1293.0,-40.0,-9.0,-70.0,-30.0,-60.0,-1364.0,-40.0,-211.0,-50.0,-666.0,140.0,14505.0,130.0,3716.0,0.0,-269.0,190.0,176.0,-130.0,95.0,60.0,-14.0,0.0,9.0,-70.0,-30.0,40.0,5.0,-10.0,-20.0,-130.0,-27.0,-10.0,-157.0,340.0,1257.0,380.0,1351.0,910.0,167.0,150.0,-4054.0,70.0,32.0,30.0,32.0,-40.0,-40.0,-90.0,-57.0,190.0,118.0,210.0,3621.0,370.0,4133.0,190.0,325.0,40.0,412.0,250.0,5543.0,-110.0,-1925.0
fayette,1541.0,0.0,0.0,0.0,4965.0,IL,-10.0,40.0,-30.0,-30.0,-70.0,-110.0,-40.0,90.0,90.0,0.0,17510.0,-10.0,17682.0,-40.0,8720.0,-270.0,-143.0,-40.0,977.0,-10.0,907.0,-40.0,103.0,-10.0,592.0,-40.0,4548.0,10.0,496.0,10.0,1647.0,0.0,-210.0,-2487.0,50.0,699.0,40.0,382.0,-10.0,171.0,0.0,0.0,0.0,136.0,10.0,84.0,-10.0,2.0,0.0,36.0,0.0,1.0,20.0,-12.0,-20.0,-401.0,9952.0,10.0,-83.0,-20.0,-35.0,-10.0,136.0,-10.0,28.0,20.0,-74.0,-20.0,-47.0,30.0,17290.0,40.0,3550.0,0.0,5.0,100.0,109.0,-30.0,-34.0,40.0,3.0,0.0,7.0,-40.0,-17.0,60.0,12.0,-50.0,24.0,-30.0,5.0,-30.0,-18.0,180.0,692.0,210.0,815.0,500.0,89.0,0.0,1072.0,-30.0,-11.0,-10.0,-10.0,-50.0,-52.0,-20.0,1.0,80.0,36.0,100.0,3587.0,160.0,3668.0,30.0,50.0,10.0,40.0,110.0,2166.0,-70.0,-4.0
ford,757.0,0.0,0.0,0.0,3612.0,IL,-30.0,-10.0,-40.0,0.0,-90.0,-50.0,-10.0,50.0,0.0,50.0,-5266.0,-30.0,-6486.0,0.0,6016.0,-80.0,-221.0,0.0,142.0,50.0,379.0,0.0,32.0,10.0,-1440.0,-10.0,1972.0,-30.0,1074.0,100.0,4724.0,10.0,-80.0,-988.0,20.0,604.0,0.0,-13549.0,10.0,-1220.0,-20.0,-8.0,-10.0,-262.0,10.0,-38.0,0.0,-37.0,10.0,31.0,10.0,62.0,-20.0,-669.0,-70.0,-792.0,-8466.0,-40.0,-273.0,-40.0,-79.0,-40.0,42.0,-60.0,-382.0,-50.0,-348.0,-20.0,-116.0,-30.0,-6315.0,-30.0,-3665.0,0.0,42.0,50.0,34.0,0.0,-13.0,50.0,6.0,-10.0,-1.0,-20.0,-27.0,0.0,3.0,-10.0,5.0,-70.0,-35.0,-10.0,-549.0,70.0,248.0,80.0,288.0,280.0,51.0,-10.0,-2020.0,10.0,115.0,10.0,90.0,20.0,-14.0,-50.0,-35.0,30.0,26.0,-40.0,-3653.0,10.0,-3999.0,30.0,34.0,0.0,0.0,40.0,-2789.0,-60.0,-239.0
gallatin,579.0,0.0,0.0,0.0,1220.0,IL,-10.0,10.0,0.0,10.0,-40.0,-70.0,-50.0,0.0,0.0,0.0,-5589.0,-10.0,-5634.0,0.0,455.0,20.0,70.0,0.0,25.0,-10.0,53.0,-20.0,61.0,0.0,-22.0,-20.0,-959.0,10.0,33.0,0.0,-310.0,0.0,-70.0,-803.0,-20.0,191.0,0.0,2210.0,-10.0,-15.0,-10.0,-1.0,0.0,0.0,10.0,81.0,10.0,35.0,0.0,3.0,20.0,34.0,-10.0,42.0,-20.0,-249.0,-2897.0,-20.0,-122.0,-20.0,-29.0,10.0,78.0,-20.0,-35.0,30.0,45.0,0.0,-8.0,-20.0,-5038.0,-10.0,-1265.0,10.0,50.0,0.0,0.0,-30.0,-37.0,0.0,-1.0,0.0,1.0,-10.0,-1.0,10.0,4.0,0.0,-15.0,-30.0,-11.0,-20.0,-133.0,40.0,159.0,40.0,181.0,150.0,29.0,-20.0,-645.0,20.0,71.0,10.0,64.0,20.0,33.0,10.0,2.0,0.0,0.0,10.0,-1190.0,20.0,-1367.0,0.0,0.0,10.0,-74.0,10.0,-1047.0,-30.0,-89.0
hamilton,758.0,0.0,0.0,0.0,2357.0,IL,-60.0,-70.0,-30.0,40.0,-30.0,-210.0,-150.0,0.0,0.0,0.0,416.0,-60.0,441.0,-50.0,695.0,-60.0,51.0,0.0,351.0,-10.0,310.0,10.0,17.0,-30.0,-573.0,-10.0,-975.0,40.0,125.0,0.0,729.0,0.0,-80.0,-652.0,-10.0,537.0,10.0,3140.0,-10.0,46.0,0.0,0.0,0.0,0.0,0.0,-18.0,10.0,27.0,10.0,18.0,40.0,40.0,10.0,72.0,10.0,57.0,3901.0,20.0,-20.0,-20.0,8.0,0.0,114.0,10.0,109.0,0.0,-14.0,10.0,-61.0,-30.0,1112.0,-40.0,445.0,-10.0,-30.0,40.0,29.0,-30.0,17.0,0.0,2.0,0.0,-7.0,0.0,3.0,20.0,7.0,-40.0,-46.0,-20.0,26.0,-20.0,-78.0,60.0,204.0,70.0,243.0,210.0,40.0,-10.0,359.0,0.0,-25.0,10.0,-27.0,0.0,-9.0,-10.0,-1.0,0.0,0.0,-20.0,355.0,0.0,287.0,20.0,31.0,0.0,-19.0,-30.0,-154.0,-20.0,22.0
hardin,361.0,0.0,0.0,0.0,1075.0,IL,-40.0,0.0,-30.0,-10.0,20.0,-160.0,-60.0,0.0,0.0,0.0,6589.0,-30.0,6426.0,-30.0,1031.0,-140.0,-78.0,-20.0,24.0,0.0,77.0,-10.0,77.0,0.0,349.0,0.0,586.0,20.0,-206.0,30.0,559.0,0.0,-50.0,-551.0,10.0,133.0,0.0,4505.0,-20.0,-155.0,10.0,0.0,0.0,0.0,20.0,107.0,20.0,110.0,0.0,6.0,0.0,0.0,0.0,0.0,0.0,-341.0,416.0,10.0,-260.0,-40.0,-36.0,-10.0,-10.0,0.0,-307.0,0.0,-31.0,-10.0,80.0,-20.0,6887.0,-20.0,1998.0,0.0,0.0,0.0,0.0,-30.0,-27.0,0.0,0.0,-20.0,-7.0,-10.0,-2.0,-10.0,0.0,-30.0,-9.0,0.0,1.0,0.0,-18.0,0.0,0.0,20.0,83.0,60.0,11.0,-30.0,766.0,-20.0,-65.0,-20.0,-63.0,-40.0,-50.0,0.0,-1.0,0.0,0.0,0.0,1972.0,-10.0,2165.0,0.0,0.0,0.0,0.0,30.0,60.0,-40.0,-177.0
jasper,1010.0,0.0,0.0,0.0,3036.0,IL,-10.0,70.0,-70.0,0.0,-70.0,-150.0,-100.0,0.0,0.0,0.0,7882.0,-10.0,7829.0,-10.0,822.0,-120.0,-242.0,-90.0,203.0,-30.0,247.0,-10.0,-2.0,-30.0,270.0,-30.0,2951.0,20.0,718.0,-20.0,1301.0,-20.0,-60.0,-889.0,50.0,608.0,10.0,3676.0,-80.0,-57.0,10.0,2.0,-30.0,-343.0,10.0,2.0,0.0,97.0,20.0,16.0,0.0,26.0,0.0,92.0,-40.0,-1611.0,2294.0,-30.0,-595.0,-10.0,-8.0,-50.0,-153.0,-40.0,-746.0,-40.0,-237.0,-70.0,-258.0,10.0,8257.0,-10.0,1448.0,10.0,-230.0,60.0,43.0,-90.0,-1.0,20.0,1.0,-30.0,-7.0,-30.0,4.0,-10.0,-4.0,-20.0,18.0,-40.0,-7.0,-70.0,-399.0,120.0,438.0,120.0,445.0,260.0,55.0,20.0,-508.0,50.0,-28.0,50.0,-44.0,-30.0,-50.0,-40.0,-10.0,60.0,31.0,20.0,1379.0,90.0,1152.0,0.0,0.0,0.0,-1.0,30.0,-106.0,-10.0,-184.0
johnson,962.0,0.0,0.0,0.0,3563.0,IL,-10.0,-10.0,10.0,-10.0,-40.0,-40.0,-60.0,100.0,50.0,60.0,9515.0,-20.0,9606.0,-20.0,3772.0,10.0,-133.0,10.0,275.0,-10.0,273.0,-30.0,-12.0,20.0,-203.0,20.0,798.0,30.0,9.0,40.0,2110.0,0.0,-80.0,-1104.0,80.0,912.0,20.0,1484.0,-10.0,141.0,10.0,2.0,0.0,0.0,20.0,102.0,0.0,-20.0,20.0,35.0,-10.0,-22.0,0.0,0.0,-20.0,-682.0,5777.0,-10.0,85.0,-10.0,-17.0,30.0,237.0,-20.0,70.0,20.0,3.0,-20.0,186.0,10.0,8608.0,30.0,1334.0,-10.0,-65.0,50.0,57.0,-20.0,7.0,20.0,4.0,-10.0,2.0,-30.0,-10.0,40.0,5.0,-20.0,-15.0,-30.0,-18.0,20.0,44.0,80.0,308.0,90.0,344.0,260.0,48.0,-30.0,1160.0,10.0,19.0,10.0,10.0,0.0,6.0,-10.0,0.0,30.0,15.0,50.0,1341.0,90.0,1485.0,0.0,0.0,30.0,25.0,80.0,301.0,-70.0,-49.0
lawrence,1163.0,0.0,0.0,0.0,2908.0,IL,-30.0,-30.0,-40.0,0.0,10.0,-100.0,-50.0,20.0,20.0,0.0,13558.0,-40.0,13372.0,-30.0,7740.0,-100.0,-421.0,-10.0,1917.0,-30.0,578.0,-20.0,18.0,-20.0,-771.0,-10.0,2468.0,10.0,733.0,50.0,1292.0,-10.0,-70.0,-1363.0,40.0,1040.0,10.0,-3829.0,-20.0,-187.0,0.0,0.0,0.0,0.0,-10.0,-32.0,0.0,57.0,-20.0,0.0,10.0,31.0,0.0,-202.0,-60.0,576.0,2794.0,-60.0,-615.0,-10.0,-12.0,-50.0,-19.0,-60.0,-667.0,-50.0,-286.0,-40.0,-178.0,40.0,14924.0,70.0,3790.0,0.0,-71.0,70.0,54.0,-30.0,-34.0,-10.0,3.0,-40.0,-3.0,-10.0,-14.0,10.0,2.0,-40.0,-52.0,-40.0,27.0,-10.0,-225.0,110.0,463.0,120.0,498.0,480.0,90.0,-10.0,4059.0,-40.0,62.0,-50.0,45.0,-20.0,24.0,-10.0,-10.0,40.0,19.0,50.0,3844.0,140.0,3877.0,0.0,0.0,-10.0,44.0,40.0,167.0,-50.0,67.0
marion,3056.0,0.0,0.0,0.0,8741.0,IL,-70.0,60.0,-60.0,-70.0,-140.0,-350.0,-230.0,660.0,0.0,660.0,29053.0,-70.0,29167.0,-30.0,18133.0,-300.0,-890.0,-20.0,2941.0,-30.0,2772.0,-70.0,79.0,-50.0,-1367.0,30.0,9432.0,110.0,1811.0,110.0,4887.0,-20.0,-350.0,-3533.0,90.0,1992.0,30.0,2097.0,-10.0,114.0,-40.0,-9.0,0.0,50.0,20.0,118.0,0.0,-37.0,30.0,102.0,-30.0,-27.0,0.0,73.0,-40.0,-1266.0,9840.0,-20.0,-112.0,-60.0,-32.0,-60.0,-88.0,-50.0,-275.0,-60.0,-458.0,-40.0,-82.0,150.0,26866.0,160.0,4237.0,0.0,22.0,190.0,158.0,20.0,-152.0,80.0,3.0,0.0,1.0,-100.0,-63.0,190.0,26.0,-70.0,-40.0,-70.0,-77.0,-40.0,-266.0,280.0,933.0,310.0,1035.0,1000.0,185.0,-100.0,4482.0,-160.0,79.0,-160.0,75.0,-40.0,40.0,-70.0,-29.0,110.0,75.0,190.0,4520.0,380.0,4801.0,70.0,160.0,10.0,182.0,250.0,611.0,-280.0,273.0
massac,1089.0,0.0,0.0,0.0,3156.0,IL,20.0,40.0,-50.0,20.0,-10.0,-70.0,-20.0,150.0,20.0,130.0,4533.0,20.0,4798.0,-30.0,2358.0,-50.0,-314.0,-50.0,638.0,-60.0,552.0,-10.0,55.0,20.0,831.0,-50.0,2150.0,0.0,472.0,60.0,2031.0,0.0,-40.0,-814.0,20.0,762.0,10.0,-658.0,-10.0,281.0,0.0,2.0,0.0,0.0,10.0,104.0,-20.0,4.0,0.0,17.0,10.0,33.0,-30.0,-115.0,-50.0,-446.0,1105.0,-40.0,0.0,-10.0,-40.0,-50.0,18.0,-50.0,24.0,-80.0,-563.0,-20.0,142.0,-10.0,6684.0,0.0,1436.0,20.0,33.0,40.0,28.0,-90.0,-106.0,-20.0,-11.0,0.0,-6.0,-70.0,-59.0,40.0,5.0,-30.0,-10.0,-60.0,-4.0,70.0,239.0,90.0,370.0,100.0,382.0,300.0,50.0,20.0,1280.0,30.0,161.0,0.0,123.0,-30.0,29.0,-50.0,-44.0,40.0,23.0,40.0,1803.0,130.0,2113.0,0.0,0.0,10.0,18.0,60.0,915.0,-30.0,28.0
moultrie,1067.0,0.0,0.0,0.0,3423.0,IL,30.0,40.0,-30.0,-30.0,40.0,-130.0,-40.0,140.0,140.0,0.0,27902.0,30.0,27824.0,10.0,7813.0,-150.0,202.0,70.0,1146.0,10.0,1003.0,-30.0,179.0,0.0,1348.0,-10.0,4973.0,40.0,208.0,0.0,1459.0,-20.0,-170.0,-1088.0,0.0,775.0,0.0,7418.0,-130.0,-78.0,-10.0,-5.0,0.0,15.0,0.0,39.0,-10.0,-75.0,-20.0,16.0,-20.0,-18.0,-140.0,88.0,-40.0,-1081.0,16792.0,0.0,-130.0,-20.0,-2.0,-50.0,44.0,-30.0,-124.0,-40.0,-410.0,-40.0,104.0,20.0,25463.0,30.0,7419.0,-10.0,-138.0,70.0,70.0,-40.0,31.0,20.0,6.0,-10.0,3.0,-10.0,-48.0,10.0,3.0,-20.0,18.0,-10.0,-48.0,30.0,-181.0,110.0,464.0,140.0,496.0,350.0,68.0,0.0,3303.0,-20.0,-44.0,-30.0,-52.0,-60.0,-55.0,0.0,-12.0,60.0,45.0,60.0,7393.0,100.0,7317.0,40.0,53.0,10.0,70.0,120.0,11.0,-100.0,-763.0
pope,359.0,0.0,0.0,0.0,1190.0,IL,-30.0,0.0,-10.0,10.0,10.0,-40.0,10.0,0.0,0.0,0.0,248.0,-20.0,266.0,-30.0,-617.0,-60.0,22.0,10.0,221.0,10.0,187.0,10.0,3.0,20.0,358.0,20.0,309.0,0.0,97.0,20.0,239.0,20.0,-20.0,-296.0,0.0,406.0,0.0,152.0,10.0,30.0,10.0,2.0,0.0,0.0,10.0,66.0,0.0,0.0,10.0,12.0,0.0,0.0,0.0,0.0,0.0,251.0,744.0,10.0,72.0,0.0,6.0,-20.0,25.0,0.0,75.0,0.0,-178.0,10.0,-5.0,-20.0,101.0,-20.0,-60.0,0.0,0.0,0.0,0.0,-10.0,-39.0,0.0,0.0,0.0,0.0,-10.0,-14.0,0.0,2.0,10.0,-11.0,-20.0,-26.0,30.0,69.0,0.0,0.0,0.0,0.0,90.0,14.0,-10.0,-1.0,-10.0,49.0,-10.0,45.0,10.0,3.0,0.0,-4.0,0.0,0.0,-20.0,-72.0,-20.0,48.0,0.0,0.0,0.0,0.0,20.0,168.0,-40.0,88.0
richland,1145.0,0.0,0.0,0.0,3798.0,IL,30.0,50.0,-40.0,10.0,-10.0,-40.0,0.0,0.0,0.0,0.0,7479.0,40.0,7205.0,50.0,8401.0,-180.0,-621.0,-30.0,841.0,-20.0,723.0,-50.0,2.0,-20.0,838.0,30.0,1237.0,10.0,125.0,-10.0,563.0,30.0,-130.0,-1467.0,20.0,952.0,40.0,1510.0,-30.0,-276.0,0.0,-1.0,-10.0,-216.0,-20.0,-16.0,10.0,71.0,-10.0,5.0,0.0,-29.0,-10.0,-106.0,0.0,1103.0,4224.0,-10.0,76.0,-10.0,23.0,10.0,133.0,-10.0,265.0,-20.0,-273.0,-10.0,480.0,0.0,5316.0,0.0,760.0,0.0,-85.0,80.0,40.0,10.0,-80.0,0.0,0.0,-30.0,-8.0,10.0,-23.0,60.0,12.0,30.0,18.0,-20.0,-2.0,30.0,-140.0,150.0,571.0,150.0,572.0,450.0,73.0,20.0,1492.0,20.0,32.0,-10.0,7.0,-20.0,45.0,-10.0,5.0,60.0,46.0,10.0,823.0,80.0,808.0,40.0,41.0,0.0,17.0,50.0,-450.0,-20.0,334.0
saline,1985.0,0.0,0.0,0.0,5689.0,IL,10.0,-10.0,-50.0,30.0,-80.0,-80.0,-60.0,0.0,0.0,0.0,23005.0,10.0,23610.0,30.0,13380.0,-30.0,-683.0,-20.0,442.0,0.0,386.0,10.0,114.0,70.0,-557.0,50.0,10299.0,20.0,738.0,-10.0,3212.0,10.0,-280.0,-3778.0,20.0,1088.0,0.0,-1061.0,30.0,605.0,10.0,-1.0,0.0,30.0,20.0,282.0,-10.0,-34.0,20.0,56.0,10.0,59.0,0.0,-109.0,-90.0,-1431.0,-3554.0,-20.0,-1010.0,-50.0,-85.0,-60.0,-60.0,-80.0,-1289.0,-40.0,-142.0,-60.0,-197.0,30.0,20010.0,50.0,3601.0,0.0,88.0,120.0,106.0,-20.0,-17.0,10.0,3.0,10.0,9.0,-20.0,-46.0,60.0,7.0,-30.0,-22.0,-40.0,6.0,20.0,132.0,190.0,708.0,200.0,816.0,650.0,122.0,60.0,-741.0,-10.0,199.0,-30.0,204.0,20.0,38.0,-30.0,-14.0,70.0,28.0,50.0,3714.0,140.0,3948.0,60.0,84.0,20.0,79.0,140.0,3681.0,-60.0,-14.0
shelby,2024.0,0.0,0.0,0.0,5990.0,IL,-70.0,10.0,-70.0,10.0,-160.0,-240.0,-140.0,90.0,90.0,0.0,3494.0,-80.0,3323.0,-90.0,8057.0,-190.0,-453.0,-10.0,912.0,0.0,758.0,-90.0,28.0,-30.0,100.0,20.0,4530.0,10.0,-253.0,110.0,2445.0,-20.0,-230.0,-2287.0,60.0,713.0,-10.0,-2446.0,50.0,-171.0,-10.0,-7.0,-10.0,-154.0,30.0,44.0,30.0,200.0,40.0,41.0,-20.0,-10.0,10.0,-38.0,-30.0,-315.0,-1758.0,-20.0,365.0,20.0,37.0,-50.0,-183.0,-30.0,195.0,-60.0,-402.0,30.0,33.0,-40.0,2388.0,-40.0,-315.0,-10.0,125.0,100.0,91.0,20.0,-46.0,70.0,2.0,30.0,10.0,0.0,-11.0,50.0,15.0,20.0,15.0,-60.0,-25.0,0.0,-663.0,160.0,587.0,190.0,673.0,500.0,105.0,-80.0,1728.0,-50.0,-41.0,-50.0,-80.0,-30.0,-6.0,-10.0,-26.0,70.0,62.0,-40.0,-244.0,30.0,-773.0,30.0,39.0,-10.0,43.0,-50.0,-2308.0,-40.0,98.0
vermilion,6859.0,0.0,0.0,0.0,14398.0,IL,-310.0,-190.0,-190.0,110.0,-1420.0,-810.0,-400.0,1170.0,660.0,510.0,29390.0,-320.0,28611.0,-510.0,23572.0,-650.0,-1195.0,-170.0,2962.0,-80.0,2262.0,-200.0,22.0,-40.0,138.0,-60.0,6079.0,-20.0,2126.0,80.0,11001.0,-30.0,-780.0,-9236.0,70.0,3292.0,50.0,838.0,-200.0,-781.0,-70.0,-21.0,-10.0,-190.0,-10.0,45.0,10.0,35.0,80.0,184.0,-20.0,-114.0,-140.0,-311.0,-230.0,-5010.0,-8142.0,-160.0,-885.0,-60.0,-77.0,-220.0,-453.0,-210.0,-1634.0,-210.0,-1688.0,-130.0,-860.0,-80.0,32117.0,-80.0,5323.0,-10.0,-266.0,270.0,252.0,-200.0,-248.0,90.0,30.0,-10.0,-6.0,-90.0,-67.0,170.0,24.0,-210.0,-243.0,-140.0,47.0,-30.0,-538.0,400.0,1312.0,440.0,1489.0,1540.0,275.0,-210.0,8144.0,-70.0,356.0,-90.0,303.0,-50.0,27.0,-40.0,32.0,160.0,100.0,40.0,5571.0,150.0,5371.0,150.0,226.0,0.0,-89.0,0.0,-3187.0,-300.0,-904.0
wabash,870.0,0.0,0.0,0.0,2928.0,IL,40.0,70.0,-50.0,20.0,70.0,70.0,40.0,0.0,0.0,0.0,14173.0,30.0,14567.0,20.0,7734.0,-70.0,-513.0,-20.0,805.0,-30.0,702.0,-20.0,110.0,30.0,289.0,-10.0,3993.0,40.0,1762.0,10.0,1350.0,-10.0,-60.0,-598.0,50.0,1025.0,20.0,798.0,10.0,416.0,-10.0,-2.0,0.0,-65.0,0.0,17.0,-20.0,-39.0,0.0,0.0,20.0,16.0,-10.0,411.0,10.0,-1188.0,5389.0,0.0,98.0,0.0,7.0,-20.0,-64.0,10.0,23.0,10.0,-11.0,-10.0,-1136.0,50.0,14421.0,70.0,3118.0,0.0,55.0,40.0,31.0,40.0,-40.0,10.0,12.0,10.0,3.0,-20.0,12.0,30.0,3.0,40.0,66.0,-40.0,11.0,20.0,-15.0,70.0,256.0,80.0,264.0,350.0,67.0,40.0,4211.0,-10.0,-47.0,-50.0,-99.0,-30.0,-8.0,10.0,17.0,30.0,16.0,70.0,3160.0,150.0,3379.0,40.0,68.0,0.0,3.0,50.0,-476.0,20.0,260.0
washington,1129.0,0.0,0.0,0.0,4561.0,IL,10.0,20.0,-20.0,0.0,-10.0,-120.0,-130.0,70.0,0.0,70.0,15864.0,10.0,16154.0,0.0,9875.0,-150.0,-289.0,-10.0,821.0,-40.0,672.0,-40.0,76.0,-20.0,173.0,20.0,4438.0,0.0,609.0,-20.0,1886.0,-50.0,-130.0,-1278.0,70.0,1204.0,20.0,-1372.0,-30.0,167.0,10.0,3.0,10.0,141.0,20.0,173.0,20.0,250.0,40.0,57.0,-10.0,-13.0,10.0,100.0,-40.0,-708.0,7670.0,-30.0,35.0,10.0,18.0,-50.0,-91.0,-30.0,-97.0,-40.0,-159.0,-30.0,-163.0,10.0,16040.0,40.0,3131.0,20.0,-3.0,70.0,44.0,-20.0,-189.0,0.0,6.0,-20.0,-8.0,-50.0,-31.0,60.0,6.0,0.0,-53.0,0.0,-38.0,-60.0,-222.0,120.0,411.0,140.0,405.0,340.0,66.0,30.0,1947.0,-30.0,40.0,-10.0,61.0,-40.0,-11.0,-20.0,-8.0,60.0,50.0,50.0,3321.0,60.0,3094.0,60.0,72.0,30.0,-7.0,50.0,447.0,-50.0,315.0
wayne,919.0,0.0,0.0,0.0,4845.0,IL,-190.0,-110.0,-20.0,-40.0,-180.0,-320.0,-80.0,60.0,0.0,60.0,6665.0,-190.0,6996.0,-150.0,5947.0,30.0,-484.0,0.0,-444.0,10.0,-532.0,30.0,53.0,-70.0,107.0,20.0,4165.0,20.0,1082.0,50.0,2409.0,-10.0,-120.0,-986.0,10.0,637.0,20.0,-106.0,-60.0,331.0,0.0,1.0,0.0,-21.0,30.0,214.0,10.0,40.0,30.0,39.0,-10.0,-22.0,0.0,37.0,-90.0,-591.0,2515.0,-10.0,-383.0,-80.0,-56.0,-20.0,234.0,-80.0,-167.0,-50.0,-183.0,0.0,-145.0,0.0,6756.0,0.0,641.0,-10.0,-155.0,80.0,77.0,-20.0,57.0,0.0,-6.0,-20.0,-2.0,-10.0,-16.0,40.0,19.0,20.0,83.0,-80.0,-32.0,-60.0,26.0,110.0,397.0,140.0,461.0,530.0,101.0,-100.0,664.0,-100.0,-101.0,-100.0,-94.0,-30.0,-85.0,-50.0,-28.0,40.0,24.0,20.0,583.0,60.0,848.0,30.0,42.0,-10.0,2.0,-30.0,-207.0,-70.0,36.0
white,1564.0,0.0,0.0,0.0,4369.0,IL,10.0,10.0,0.0,10.0,-10.0,10.0,-10.0,0.0,0.0,0.0,7955.0,10.0,7766.0,20.0,9526.0,-30.0,-504.0,-10.0,1033.0,-20.0,991.0,0.0,21.0,-40.0,-2648.0,50.0,4170.0,0.0,1140.0,-30.0,2653.0,0.0,-110.0,-1220.0,-10.0,387.0,10.0,-638.0,-10.0,-191.0,10.0,2.0,0.0,-173.0,-10.0,208.0,-20.0,-90.0,0.0,-1.0,0.0,6.0,-10.0,-64.0,-50.0,-131.0,-6410.0,-20.0,276.0,-30.0,-18.0,-30.0,62.0,-50.0,272.0,-50.0,-153.0,-70.0,-102.0,40.0,7599.0,50.0,640.0,0.0,91.0,80.0,52.0,0.0,-106.0,20.0,93.0,0.0,-2.0,10.0,18.0,30.0,1.0,10.0,41.0,-90.0,-15.0,10.0,34.0,130.0,480.0,140.0,524.0,440.0,89.0,10.0,4012.0,20.0,79.0,10.0,54.0,-30.0,-20.0,0.0,9.0,40.0,24.0,70.0,556.0,150.0,721.0,50.0,71.0,-20.0,-80.0,10.0,-1595.0,10.0,893.0
boone,4234.0,0.0,0.0,0.0,10753.0,IL,220.0,360.0,0.0,-70.0,-10.0,-680.0,-800.0,580.0,90.0,490.0,59669.0,210.0,60380.0,-50.0,33634.0,-470.0,-365.0,0.0,4431.0,40.0,3746.0,-290.0,85.0,70.0,-2740.0,60.0,18132.0,20.0,4322.0,10.0,5943.0,10.0,-280.0,-6332.0,170.0,3624.0,30.0,10138.0,90.0,709.0,-30.0,-2.0,-10.0,-292.0,0.0,262.0,10.0,125.0,90.0,173.0,-10.0,4.0,20.0,196.0,-220.0,-2352.0,36539.0,-130.0,-647.0,-80.0,-34.0,-210.0,774.0,-230.0,259.0,-230.0,-3717.0,-90.0,2560.0,320.0,62693.0,330.0,12377.0,-10.0,-415.0,210.0,198.0,110.0,41.0,110.0,-19.0,30.0,32.0,50.0,3.0,190.0,19.0,-170.0,-123.0,-20.0,47.0,60.0,-299.0,380.0,1275.0,420.0,1414.0,1300.0,258.0,210.0,9637.0,-50.0,-13.0,-50.0,-59.0,-220.0,-584.0,0.0,-13.0,160.0,106.0,340.0,12666.0,830.0,12907.0,370.0,566.0,40.0,193.0,250.0,2712.0,-90.0,-281.0
bureau,3882.0,0.0,0.0,0.0,8662.0,IL,-140.0,-30.0,-90.0,30.0,-200.0,-410.0,-240.0,360.0,40.0,320.0,50595.0,-120.0,50577.0,-100.0,14000.0,-170.0,-402.0,-30.0,1540.0,-40.0,1276.0,-120.0,228.0,-50.0,2095.0,10.0,5375.0,30.0,1282.0,80.0,6276.0,-10.0,-260.0,-3410.0,70.0,2095.0,60.0,28554.0,-80.0,-15.0,-10.0,0.0,0.0,-536.0,-10.0,124.0,0.0,22.0,40.0,98.0,-40.0,-70.0,40.0,748.0,-150.0,324.0,27470.0,-90.0,658.0,-20.0,-10.0,-130.0,31.0,-140.0,577.0,-120.0,-1020.0,-100.0,542.0,-70.0,46064.0,-30.0,13350.0,-30.0,-243.0,160.0,111.0,-90.0,140.0,70.0,8.0,0.0,-9.0,0.0,30.0,40.0,5.0,-90.0,-39.0,-100.0,-15.0,-90.0,-750.0,250.0,679.0,280.0,751.0,740.0,124.0,-70.0,12455.0,-80.0,56.0,-90.0,58.0,-60.0,-86.0,50.0,37.0,120.0,75.0,40.0,13321.0,120.0,12884.0,110.0,169.0,10.0,123.0,20.0,712.0,-90.0,164.0
grundy,5412.0,0.0,0.0,0.0,10908.0,IL,230.0,170.0,0.0,40.0,-50.0,-60.0,-290.0,200.0,90.0,120.0,85684.0,240.0,86503.0,130.0,47528.0,-540.0,-1080.0,0.0,-1638.0,30.0,-2261.0,-200.0,91.0,-120.0,3638.0,90.0,15152.0,80.0,3796.0,280.0,10049.0,0.0,-450.0,-6500.0,150.0,4052.0,50.0,12471.0,-30.0,821.0,10.0,1.0,0.0,167.0,0.0,140.0,-10.0,-22.0,70.0,157.0,-80.0,-98.0,0.0,253.0,-120.0,-6104.0,43257.0,-80.0,1341.0,-20.0,74.0,-140.0,-1238.0,-90.0,74.0,-160.0,-2675.0,-90.0,1509.0,340.0,78664.0,350.0,17302.0,40.0,-12.0,150.0,114.0,0.0,-60.0,90.0,61.0,-50.0,-8.0,-70.0,-6.0,50.0,11.0,-40.0,-169.0,-90.0,-15.0,-60.0,154.0,240.0,671.0,290.0,722.0,910.0,189.0,250.0,16271.0,-30.0,63.0,-40.0,51.0,-80.0,-98.0,-90.0,-44.0,120.0,97.0,410.0,17453.0,520.0,18227.0,240.0,247.0,60.0,120.0,310.0,2909.0,-20.0,146.0
iroquois,1365.0,0.0,0.0,0.0,7995.0,IL,-130.0,-40.0,-120.0,20.0,-120.0,-400.0,-210.0,210.0,50.0,160.0,4546.0,-130.0,4283.0,-80.0,9744.0,-320.0,-221.0,20.0,4331.0,10.0,4131.0,-60.0,155.0,-70.0,-1134.0,-20.0,5732.0,20.0,1811.0,80.0,5564.0,-10.0,-290.0,-2863.0,30.0,1313.0,0.0,-826.0,-70.0,-263.0,-30.0,-6.0,-10.0,-328.0,30.0,516.0,10.0,110.0,60.0,142.0,-30.0,-12.0,0.0,-187.0,-130.0,-2590.0,1496.0,-120.0,-1956.0,-30.0,-25.0,-120.0,-468.0,-120.0,-2412.0,-130.0,-1155.0,-50.0,122.0,-30.0,7587.0,-50.0,1015.0,-20.0,-108.0,110.0,82.0,-80.0,-263.0,20.0,6.0,-10.0,10.0,-50.0,-73.0,60.0,5.0,-60.0,-84.0,-100.0,-49.0,-80.0,-980.0,190.0,783.0,220.0,815.0,840.0,172.0,-110.0,3331.0,-60.0,80.0,-50.0,108.0,-20.0,2.0,0.0,-30.0,80.0,69.0,-40.0,1253.0,110.0,699.0,70.0,114.0,-20.0,40.0,0.0,-3217.0,-150.0,-390.0
lee,3338.0,0.0,0.0,0.0,7774.0,IL,0.0,100.0,-60.0,-30.0,-40.0,-300.0,-200.0,390.0,60.0,340.0,29409.0,0.0,29004.0,-20.0,19476.0,-250.0,-462.0,-60.0,1460.0,-10.0,1161.0,-140.0,-21.0,-90.0,-114.0,50.0,11557.0,70.0,3783.0,180.0,7271.0,-20.0,-230.0,-3037.0,90.0,2257.0,10.0,1475.0,-40.0,-406.0,10.0,3.0,0.0,-285.0,-10.0,106.0,-10.0,35.0,60.0,94.0,-70.0,-69.0,10.0,-103.0,-120.0,-1357.0,5516.0,-120.0,219.0,-40.0,10.0,-120.0,-648.0,-130.0,-459.0,-140.0,-1170.0,-80.0,384.0,60.0,27215.0,90.0,4523.0,10.0,135.0,160.0,151.0,-130.0,-156.0,90.0,12.0,-40.0,-13.0,-80.0,-63.0,-80.0,-17.0,-70.0,-104.0,-40.0,-43.0,-40.0,-831.0,250.0,897.0,260.0,993.0,660.0,132.0,-10.0,6953.0,-50.0,64.0,-50.0,31.0,-60.0,-50.0,-30.0,-4.0,110.0,91.0,190.0,4674.0,240.0,4282.0,150.0,189.0,0.0,99.0,170.0,-2008.0,-150.0,213.0
livingston,2269.0,0.0,0.0,0.0,8762.0,IL,80.0,40.0,-50.0,80.0,-110.0,-180.0,-140.0,80.0,50.0,30.0,20617.0,90.0,19725.0,-10.0,18530.0,-110.0,-767.0,-10.0,3054.0,0.0,2495.0,-170.0,85.0,-20.0,1239.0,60.0,2701.0,30.0,2015.0,50.0,7210.0,0.0,-400.0,-3561.0,90.0,2859.0,20.0,3104.0,-120.0,-891.0,-30.0,-5.0,-10.0,-344.0,-10.0,324.0,-30.0,-195.0,30.0,82.0,-10.0,12.0,-240.0,-386.0,-220.0,-3293.0,-8790.0,-170.0,-1470.0,-30.0,20.0,-230.0,-484.0,-220.0,-2008.0,-190.0,-1166.0,-180.0,-110.0,140.0,20215.0,130.0,2736.0,0.0,-42.0,100.0,53.0,-10.0,-128.0,60.0,15.0,-50.0,-1.0,20.0,40.0,90.0,16.0,-90.0,-94.0,-70.0,-46.0,-30.0,-669.0,190.0,650.0,200.0,643.0,710.0,122.0,130.0,3446.0,10.0,52.0,-50.0,14.0,0.0,-88.0,20.0,14.0,90.0,63.0,180.0,2865.0,260.0,2561.0,110.0,134.0,0.0,75.0,90.0,-608.0,-60.0,-82.0
lasalle,11679.0,0.0,0.0,0.0,23251.0,IL,-60.0,30.0,-200.0,40.0,-380.0,-480.0,-380.0,1170.0,570.0,600.0,118213.0,-50.0,117846.0,-100.0,76708.0,-890.0,-2934.0,-50.0,8895.0,10.0,7618.0,-630.0,268.0,-60.0,1988.0,220.0,17543.0,170.0,8377.0,280.0,21632.0,-20.0,-1120.0,-14379.0,390.0,8126.0,60.0,19751.0,-60.0,-366.0,-40.0,-6.0,0.0,-720.0,30.0,94.0,-30.0,-95.0,110.0,338.0,-130.0,-174.0,120.0,148.0,-570.0,-11122.0,32398.0,-460.0,205.0,-70.0,68.0,-560.0,-3631.0,-550.0,-3526.0,-570.0,-4970.0,-350.0,569.0,400.0,119765.0,430.0,25472.0,30.0,-32.0,460.0,417.0,0.0,-445.0,230.0,-134.0,-20.0,-5.0,-120.0,-97.0,170.0,30.0,-170.0,-357.0,-210.0,-52.0,-10.0,-474.0,720.0,2287.0,800.0,2597.0,2560.0,469.0,-10.0,23545.0,-30.0,619.0,-80.0,566.0,10.0,12.0,-100.0,-93.0,290.0,197.0,450.0,25978.0,790.0,26992.0,390.0,575.0,80.0,460.0,680.0,2452.0,-640.0,-2245.0
ogle,3901.0,0.0,0.0,0.0,13058.0,IL,-60.0,50.0,-60.0,-10.0,-330.0,-550.0,-470.0,440.0,90.0,340.0,58534.0,-70.0,58055.0,-70.0,36318.0,-300.0,-1320.0,-60.0,3297.0,0.0,2749.0,-370.0,-91.0,-40.0,-133.0,-30.0,11953.0,30.0,2805.0,110.0,8729.0,10.0,-310.0,-5143.0,170.0,4496.0,20.0,12029.0,20.0,-477.0,-20.0,-9.0,0.0,-53.0,-10.0,-213.0,0.0,-16.0,60.0,193.0,-50.0,-87.0,20.0,-264.0,-400.0,-5674.0,9813.0,-290.0,-806.0,-60.0,-14.0,-420.0,-2289.0,-380.0,-3267.0,-330.0,-2952.0,-260.0,12.0,220.0,59591.0,220.0,12052.0,10.0,31.0,260.0,263.0,-150.0,-226.0,80.0,-27.0,-30.0,-25.0,-90.0,-96.0,50.0,17.0,-90.0,-91.0,-100.0,-45.0,-60.0,-605.0,460.0,1505.0,490.0,1694.0,1010.0,203.0,-30.0,10794.0,-150.0,-162.0,-140.0,-167.0,-190.0,-248.0,-90.0,-65.0,200.0,143.0,390.0,12278.0,540.0,12405.0,180.0,182.0,40.0,191.0,300.0,622.0,-280.0,-1201.0
putnam,894.0,0.0,0.0,0.0,1598.0,IL,-40.0,40.0,-70.0,-10.0,-30.0,-150.0,-90.0,20.0,0.0,20.0,5520.0,-40.0,5671.0,-40.0,1774.0,-40.0,290.0,-20.0,1538.0,20.0,1422.0,-40.0,22.0,-10.0,101.0,10.0,1607.0,-10.0,515.0,-30.0,327.0,-10.0,-60.0,-715.0,20.0,576.0,-10.0,3374.0,0.0,166.0,-10.0,0.0,0.0,-12.0,0.0,68.0,0.0,-36.0,20.0,18.0,-20.0,-29.0,10.0,325.0,-10.0,-439.0,3633.0,-10.0,-556.0,10.0,15.0,-10.0,-103.0,-10.0,-619.0,-20.0,-135.0,-20.0,-94.0,-10.0,6392.0,-10.0,1098.0,-10.0,-140.0,30.0,15.0,-20.0,3.0,20.0,6.0,-20.0,-9.0,10.0,-5.0,0.0,1.0,-10.0,-28.0,-30.0,1.0,0.0,-83.0,50.0,208.0,60.0,227.0,100.0,16.0,-50.0,1141.0,-10.0,-26.0,-20.0,-22.0,-10.0,-24.0,0.0,0.0,0.0,0.0,-10.0,1094.0,-10.0,1046.0,0.0,0.0,0.0,80.0,70.0,-185.0,-100.0,-234.0
stark,478.0,0.0,0.0,0.0,1407.0,IL,-50.0,-30.0,-20.0,10.0,-30.0,-60.0,-10.0,0.0,0.0,0.0,898.0,-60.0,600.0,-50.0,2247.0,0.0,-137.0,-40.0,455.0,-40.0,417.0,-20.0,30.0,-20.0,-342.0,10.0,1523.0,0.0,210.0,30.0,526.0,0.0,-130.0,-800.0,-10.0,114.0,0.0,1123.0,-10.0,-244.0,0.0,0.0,0.0,-58.0,-20.0,-38.0,0.0,-18.0,20.0,15.0,20.0,40.0,10.0,25.0,-10.0,570.0,349.0,-20.0,-54.0,0.0,-5.0,-10.0,-6.0,-10.0,-73.0,-20.0,37.0,0.0,89.0,-50.0,374.0,-50.0,-165.0,0.0,-28.0,0.0,0.0,10.0,6.0,50.0,3.0,10.0,9.0,0.0,1.0,20.0,1.0,-10.0,-17.0,-10.0,-1.0,-20.0,-357.0,40.0,122.0,40.0,122.0,140.0,23.0,-50.0,786.0,-10.0,-11.0,-20.0,-21.0,0.0,-11.0,0.0,-6.0,0.0,0.0,-20.0,-163.0,-30.0,-466.0,30.0,37.0,-10.0,40.0,-10.0,-809.0,-40.0,303.0
winnebago,16908.0,12588.0,0.0,6300.0,42553.0,IL,930.0,1010.0,-470.0,270.0,-20.0,-1010.0,-1450.0,2760.0,1750.0,1010.0,266705.0,910.0,268634.0,550.0,159667.0,-2340.0,-3939.0,-220.0,19185.0,70.0,15299.0,-1590.0,-80.0,250.0,-4688.0,-90.0,56972.0,260.0,17314.0,90.0,35026.0,-20.0,-2320.0,-33948.0,710.0,17201.0,80.0,41503.0,200.0,1930.0,-210.0,-45.0,0.0,-164.0,-40.0,158.0,-10.0,316.0,510.0,1027.0,-160.0,-359.0,0.0,162.0,-1550.0,-20415.0,55126.0,-1180.0,-2765.0,-280.0,-77.0,-1560.0,-4865.0,-1510.0,-7431.0,-1640.0,-13897.0,-1070.0,2990.0,1430.0,247151.0,1530.0,43625.0,80.0,-175.0,1350.0,1318.0,-90.0,939.0,370.0,65.0,10.0,-15.0,-20.0,-39.0,460.0,137.0,-360.0,-371.0,-380.0,22.0,60.0,9.0,2150.0,6681.0,2420.0,7646.0,5870.0,1118.0,1170.0,40147.0,420.0,2547.0,170.0,2158.0,-200.0,-302.0,80.0,107.0,850.0,550.0,1780.0,41433.0,3000.0,43667.0,1110.0,1800.0,130.0,820.0,1720.0,7053.0,-420.0,2381.0
carroll,0.0,2758.0,2.0,2780.0,0.0,IL,-60.0,-10.0,-40.0,-40.0,-90.0,-240.0,-120.0,420.0,0.0,420.0,11838.0,-70.0,11421.0,-90.0,3902.0,-190.0,-220.0,-40.0,-86.0,-10.0,-211.0,-60.0,-30.0,0.0,1396.0,40.0,1286.0,20.0,1461.0,-20.0,3344.0,0.0,-80.0,-953.0,70.0,1393.0,-20.0,4752.0,-80.0,-420.0,0.0,-1.0,0.0,-69.0,-10.0,-90.0,-20.0,-109.0,10.0,26.0,-10.0,-1.0,-20.0,50.0,-110.0,-1894.0,-552.0,-60.0,-73.0,-10.0,-50.0,-50.0,-187.0,-90.0,-331.0,-70.0,-334.0,-40.0,43.0,30.0,9970.0,60.0,1822.0,20.0,68.0,80.0,47.0,-90.0,-109.0,30.0,7.0,0.0,2.0,-50.0,-46.0,-30.0,-13.0,-40.0,-34.0,-20.0,3.0,-40.0,-448.0,150.0,661.0,160.0,676.0,400.0,72.0,-30.0,3054.0,10.0,24.0,0.0,-25.0,-20.0,-5.0,-30.0,-7.0,80.0,49.0,50.0,1760.0,100.0,1471.0,40.0,45.0,20.0,-3.0,120.0,-1199.0,-160.0,-304.0
fulton,0.0,6917.0,0.0,4128.0,0.0,IL,-50.0,90.0,-140.0,-20.0,-130.0,-350.0,-110.0,350.0,320.0,30.0,13074.0,-50.0,12884.0,-60.0,11049.0,150.0,-5.0,-60.0,1297.0,-20.0,1234.0,-90.0,44.0,-80.0,-863.0,-10.0,3934.0,20.0,1582.0,30.0,5305.0,-10.0,-560.0,-4844.0,120.0,1969.0,60.0,-2664.0,0.0,-188.0,-20.0,-6.0,-10.0,-140.0,10.0,-49.0,0.0,27.0,20.0,85.0,-10.0,-49.0,-20.0,67.0,-70.0,-1146.0,-2591.0,-90.0,-625.0,10.0,-49.0,-100.0,-26.0,-70.0,-681.0,-110.0,-576.0,-60.0,32.0,-80.0,15411.0,-70.0,2040.0,-20.0,-26.0,140.0,102.0,-120.0,-143.0,50.0,11.0,10.0,1.0,-20.0,-3.0,10.0,-13.0,-80.0,-26.0,-130.0,-45.0,-10.0,-120.0,190.0,658.0,210.0,731.0,800.0,150.0,-30.0,1511.0,-60.0,-82.0,-130.0,-133.0,-70.0,-49.0,10.0,11.0,60.0,39.0,50.0,2244.0,180.0,2388.0,50.0,72.0,10.0,26.0,80.0,452.0,-100.0,-458.0
henderson,0.0,1264.0,0.0,1358.0,0.0,IL,-50.0,-30.0,-30.0,-10.0,-10.0,-100.0,-30.0,0.0,0.0,0.0,7952.0,-40.0,7705.0,-30.0,5157.0,-60.0,-15.0,20.0,302.0,-30.0,265.0,10.0,46.0,-10.0,616.0,0.0,1963.0,0.0,132.0,20.0,812.0,-20.0,-70.0,-329.0,10.0,331.0,0.0,498.0,0.0,-244.0,10.0,4.0,0.0,0.0,0.0,-93.0,0.0,73.0,10.0,26.0,20.0,41.0,0.0,-71.0,-20.0,436.0,4723.0,0.0,-4.0,10.0,2.0,-20.0,-8.0,-20.0,-28.0,-20.0,-44.0,-20.0,80.0,0.0,7549.0,0.0,1699.0,0.0,0.0,30.0,16.0,-50.0,-25.0,-10.0,3.0,0.0,-3.0,-20.0,-5.0,10.0,-5.0,0.0,-6.0,-30.0,-3.0,-50.0,-401.0,40.0,108.0,50.0,105.0,150.0,22.0,-60.0,1396.0,-60.0,-24.0,-40.0,-31.0,-20.0,-7.0,-20.0,-2.0,0.0,0.0,30.0,1711.0,40.0,1531.0,0.0,0.0,0.0,40.0,0.0,161.0,-60.0,-4.0
henry,0.0,7637.0,1.0,10049.0,0.0,IL,-240.0,-150.0,-90.0,-30.0,-140.0,-670.0,-400.0,280.0,40.0,250.0,76474.0,-230.0,75442.0,-170.0,13875.0,-510.0,-1687.0,-130.0,3807.0,-60.0,3246.0,-230.0,79.0,-10.0,-809.0,60.0,8619.0,20.0,1973.0,10.0,10041.0,-10.0,-350.0,-2564.0,120.0,3515.0,0.0,-8676.0,-50.0,-1030.0,-10.0,-4.0,0.0,-550.0,-10.0,49.0,-10.0,-33.0,40.0,78.0,-50.0,-93.0,-40.0,-841.0,-150.0,1229.0,54485.0,-110.0,2490.0,-40.0,-14.0,-190.0,-343.0,-140.0,1975.0,-170.0,-1037.0,-100.0,638.0,-10.0,74434.0,-50.0,9578.0,20.0,-105.0,190.0,129.0,-100.0,-290.0,110.0,97.0,-20.0,-24.0,-50.0,19.0,120.0,23.0,-130.0,-182.0,-140.0,12.0,-70.0,-1194.0,300.0,788.0,340.0,843.0,1020.0,208.0,-110.0,4458.0,-60.0,-159.0,-70.0,-197.0,-150.0,-198.0,-50.0,-30.0,140.0,87.0,70.0,9909.0,170.0,9488.0,200.0,288.0,20.0,419.0,90.0,906.0,-290.0,482.0
jodaviess,0.0,3524.0,11.0,4182.0,0.0,IL,330.0,410.0,-80.0,0.0,400.0,170.0,-60.0,160.0,0.0,160.0,36556.0,340.0,36933.0,310.0,9110.0,-160.0,-493.0,-60.0,2583.0,0.0,-957.0,-60.0,386.0,-20.0,-214.0,50.0,14632.0,90.0,3543.0,60.0,5187.0,10.0,-130.0,-1429.0,100.0,2410.0,20.0,8511.0,-30.0,377.0,-10.0,-2.0,-10.0,66.0,40.0,192.0,10.0,222.0,10.0,21.0,-20.0,17.0,-30.0,-214.0,-80.0,-3050.0,18480.0,-30.0,-334.0,-30.0,-88.0,-60.0,-38.0,-60.0,-522.0,-60.0,-694.0,10.0,-135.0,340.0,34740.0,370.0,6157.0,30.0,83.0,130.0,113.0,10.0,-149.0,40.0,24.0,0.0,3.0,20.0,4.0,30.0,14.0,10.0,17.0,-50.0,60.0,40.0,21.0,230.0,1030.0,260.0,1096.0,490.0,84.0,330.0,4522.0,-50.0,-67.0,-40.0,-56.0,-30.0,-88.0,-20.0,-18.0,110.0,79.0,310.0,5941.0,350.0,6144.0,70.0,91.0,20.0,74.0,140.0,1209.0,330.0,440.0
knox,0.0,8848.0,0.0,7270.0,0.0,IL,-250.0,-190.0,-90.0,-10.0,-330.0,-560.0,-230.0,230.0,110.0,110.0,31721.0,-240.0,30703.0,-210.0,15458.0,-280.0,350.0,-20.0,3534.0,0.0,2555.0,-40.0,409.0,-30.0,308.0,20.0,461.0,140.0,3814.0,90.0,7651.0,-30.0,-580.0,-5209.0,170.0,3063.0,10.0,558.0,-30.0,-1018.0,-10.0,-10.0,-10.0,-278.0,20.0,124.0,-30.0,-227.0,70.0,126.0,-10.0,-37.0,-20.0,-178.0,-60.0,-837.0,19545.0,-30.0,-736.0,-30.0,67.0,-60.0,284.0,-70.0,-353.0,-100.0,-1004.0,-30.0,1235.0,0.0,30157.0,0.0,4542.0,10.0,-13.0,220.0,174.0,-250.0,-433.0,40.0,-6.0,-30.0,-16.0,-110.0,-122.0,70.0,15.0,-50.0,-105.0,-150.0,2.0,-10.0,-750.0,370.0,1292.0,400.0,1417.0,1280.0,230.0,-160.0,8430.0,-80.0,307.0,-70.0,271.0,-30.0,83.0,-60.0,-59.0,140.0,82.0,50.0,5087.0,140.0,4658.0,140.0,203.0,0.0,144.0,130.0,-2397.0,-340.0,396.0
mercer,0.0,3251.0,0.0,3319.0,0.0,IL,-130.0,-20.0,-80.0,-20.0,-180.0,-350.0,-160.0,70.0,30.0,40.0,9417.0,-120.0,8479.0,-100.0,3197.0,-190.0,-826.0,-20.0,8142.0,-20.0,8015.0,-80.0,-27.0,-30.0,-800.0,-40.0,7578.0,30.0,1772.0,-10.0,3624.0,-10.0,-10.0,-534.0,70.0,1605.0,-10.0,-3008.0,-30.0,-935.0,-10.0,-1.0,0.0,-263.0,20.0,40.0,-10.0,-21.0,10.0,7.0,-10.0,-24.0,10.0,-72.0,-30.0,-50.0,7665.0,-10.0,357.0,-10.0,-21.0,-10.0,214.0,-30.0,551.0,-30.0,-199.0,-50.0,-64.0,-40.0,9672.0,-40.0,653.0,20.0,145.0,50.0,34.0,-120.0,-230.0,30.0,7.0,-20.0,-13.0,-40.0,-33.0,20.0,10.0,-80.0,-99.0,-50.0,-35.0,-20.0,-494.0,90.0,266.0,100.0,276.0,270.0,50.0,-70.0,2065.0,-30.0,-33.0,-50.0,-33.0,-40.0,-19.0,-40.0,-30.0,50.0,32.0,-10.0,839.0,10.0,980.0,40.0,49.0,0.0,364.0,50.0,-950.0,-170.0,-112.0
peoria,9544.0,12492.0,1.0,5884.0,24136.0,IL,30.0,260.0,-110.0,-90.0,-1330.0,-600.0,-630.0,2440.0,890.0,1560.0,274215.0,30.0,274454.0,100.0,129102.0,910.0,2511.0,-310.0,21810.0,-120.0,18835.0,-680.0,1222.0,-140.0,14059.0,-30.0,57801.0,210.0,18436.0,80.0,27427.0,-30.0,-3550.0,-22622.0,510.0,14823.0,10.0,24650.0,-120.0,238.0,-150.0,-39.0,10.0,-21.0,10.0,66.0,-40.0,-12.0,180.0,575.0,-200.0,-269.0,0.0,-524.0,-600.0,-3852.0,174342.0,-570.0,-2556.0,-30.0,-432.0,-560.0,-247.0,-590.0,-3392.0,-700.0,-5331.0,-420.0,8532.0,320.0,255207.0,340.0,60704.0,-50.0,-681.0,600.0,483.0,-410.0,-6085.0,180.0,-5498.0,0.0,22.0,-160.0,33.0,-50.0,-14.0,-120.0,-23.0,-440.0,-55.0,40.0,268.0,930.0,2583.0,1040.0,2946.0,3950.0,723.0,130.0,57803.0,70.0,893.0,-30.0,721.0,-130.0,85.0,-150.0,-62.0,370.0,220.0,550.0,66559.0,1250.0,69998.0,2210.0,5342.0,240.0,1118.0,1240.0,12721.0,-920.0,498.0
rock island,0.0,24385.0,1.0,20641.0,0.0,IL,10.0,10.0,-160.0,90.0,-170.0,-530.0,-350.0,2220.0,700.0,1520.0,86456.0,-20.0,83993.0,20.0,29071.0,-1640.0,-8405.0,-320.0,9274.0,-160.0,8203.0,-610.0,-120.0,190.0,789.0,-30.0,31697.0,110.0,10014.0,90.0,15801.0,10.0,-790.0,-7522.0,430.0,9935.0,100.0,19962.0,-120.0,-2464.0,10.0,6.0,-30.0,-536.0,40.0,-88.0,-50.0,74.0,130.0,346.0,-110.0,-202.0,-10.0,-626.0,-800.0,-14415.0,15155.0,-680.0,-3810.0,-50.0,-47.0,-670.0,-1325.0,-780.0,-5251.0,-790.0,-5160.0,-490.0,-149.0,90.0,91792.0,160.0,17980.0,30.0,-185.0,520.0,375.0,-230.0,-1549.0,60.0,-1179.0,30.0,6.0,-10.0,-32.0,310.0,35.0,-290.0,-285.0,-190.0,5.0,80.0,-332.0,790.0,1695.0,890.0,1916.0,3120.0,545.0,70.0,17871.0,230.0,1451.0,100.0,1241.0,10.0,109.0,30.0,14.0,360.0,197.0,170.0,20346.0,860.0,20857.0,560.0,927.0,20.0,925.0,640.0,-217.0,-470.0,2810.0
stephenson,0.0,7633.0,0.0,6929.0,0.0,IL,-20.0,40.0,-100.0,20.0,-10.0,-190.0,-170.0,920.0,30.0,890.0,11915.0,-30.0,12588.0,-90.0,13467.0,-220.0,-1347.0,-120.0,3022.0,0.0,2633.0,-120.0,52.0,10.0,2741.0,10.0,9072.0,20.0,1500.0,120.0,8349.0,-30.0,-350.0,-5248.0,160.0,3532.0,30.0,18222.0,10.0,674.0,-10.0,0.0,-10.0,-294.0,20.0,171.0,10.0,322.0,0.0,43.0,-30.0,-24.0,20.0,549.0,-170.0,-2071.0,-23410.0,-150.0,-1600.0,-10.0,-5.0,-180.0,-555.0,-180.0,-2176.0,-170.0,-1076.0,-160.0,334.0,110.0,6545.0,150.0,-4776.0,50.0,330.0,290.0,198.0,-90.0,487.0,90.0,28.0,20.0,13.0,-20.0,-1.0,80.0,22.0,-120.0,-163.0,-70.0,-1.0,60.0,-277.0,480.0,1887.0,500.0,1985.0,980.0,170.0,10.0,-3292.0,50.0,227.0,-60.0,214.0,-70.0,-5.0,-20.0,-9.0,200.0,148.0,260.0,-5264.0,380.0,-5102.0,130.0,152.0,10.0,88.0,380.0,2894.0,-330.0,401.0
tazewell,7601.0,7213.0,0.0,4965.0,23660.0,IL,-130.0,80.0,-160.0,-60.0,-980.0,-860.0,-560.0,750.0,100.0,670.0,143585.0,-120.0,143380.0,-120.0,73733.0,1160.0,4513.0,-130.0,17600.0,20.0,16249.0,-570.0,587.0,-230.0,3673.0,20.0,18122.0,170.0,12198.0,80.0,24938.0,-30.0,-2840.0,-18740.0,430.0,12599.0,80.0,6945.0,160.0,-206.0,-80.0,-17.0,0.0,-479.0,0.0,44.0,10.0,108.0,100.0,265.0,-120.0,-185.0,240.0,-414.0,-600.0,-5213.0,55091.0,-580.0,-1508.0,-30.0,51.0,-560.0,-1648.0,-600.0,-3192.0,-650.0,-5194.0,-320.0,3559.0,-30.0,135253.0,-70.0,28664.0,20.0,-23.0,440.0,377.0,-530.0,-666.0,250.0,-115.0,-40.0,-24.0,-330.0,-190.0,-10.0,-16.0,-310.0,-348.0,-340.0,52.0,110.0,111.0,600.0,1754.0,700.0,2065.0,2480.0,487.0,-90.0,21810.0,60.0,543.0,60.0,405.0,-10.0,11.0,-230.0,-123.0,220.0,135.0,80.0,29359.0,390.0,30974.0,850.0,1374.0,170.0,359.0,1100.0,4136.0,-1030.0,-2401.0
warren,0.0,2619.0,0.0,2846.0,0.0,IL,-30.0,-20.0,-30.0,50.0,-30.0,-230.0,-200.0,320.0,320.0,0.0,8856.0,-30.0,8057.0,-90.0,6758.0,-100.0,-377.0,-60.0,1134.0,-70.0,967.0,-40.0,-56.0,0.0,-271.0,-30.0,1901.0,30.0,1275.0,100.0,3655.0,10.0,-80.0,-805.0,60.0,823.0,20.0,2069.0,-20.0,-797.0,-20.0,0.0,-10.0,-380.0,0.0,0.0,10.0,-40.0,20.0,40.0,-30.0,-49.0,-20.0,-110.0,-30.0,-774.0,3793.0,-30.0,-1293.0,0.0,-13.0,-40.0,-77.0,-30.0,-1397.0,-40.0,-174.0,0.0,-195.0,70.0,9397.0,70.0,1414.0,-10.0,-130.0,70.0,41.0,-50.0,-124.0,20.0,15.0,-20.0,-5.0,0.0,4.0,-20.0,-10.0,-10.0,-1.0,-30.0,-16.0,-10.0,-346.0,100.0,240.0,110.0,263.0,370.0,73.0,20.0,2426.0,0.0,-26.0,0.0,-65.0,-40.0,-174.0,-30.0,-14.0,40.0,22.0,90.0,1515.0,170.0,1421.0,50.0,50.0,0.0,76.0,10.0,-854.0,0.0,-148.0
whiteside,0.0,9431.0,0.0,8134.0,0.0,IL,90.0,160.0,-80.0,-10.0,-210.0,-530.0,-510.0,1270.0,30.0,1240.0,47214.0,80.0,46173.0,50.0,33364.0,-400.0,-1667.0,-140.0,5075.0,-80.0,4627.0,-200.0,214.0,30.0,1430.0,50.0,36720.0,80.0,2861.0,110.0,11804.0,-10.0,-430.0,-5145.0,140.0,3798.0,20.0,-9521.0,20.0,-1040.0,-20.0,-9.0,0.0,-353.0,20.0,200.0,0.0,70.0,80.0,158.0,-10.0,25.0,-10.0,-367.0,-240.0,-4625.0,8867.0,-180.0,132.0,-80.0,-223.0,-290.0,-654.0,-220.0,-589.0,-240.0,-1479.0,-130.0,-622.0,170.0,46009.0,210.0,5426.0,0.0,245.0,290.0,206.0,10.0,-392.0,180.0,119.0,-20.0,-11.0,-30.0,-47.0,60.0,10.0,-30.0,29.0,-130.0,7.0,0.0,-931.0,420.0,1036.0,470.0,1172.0,1190.0,216.0,110.0,7260.0,-70.0,26.0,-130.0,11.0,-150.0,-304.0,-40.0,-29.0,170.0,104.0,290.0,6021.0,510.0,5613.0,140.0,242.0,10.0,266.0,230.0,-1949.0,-120.0,61.0
adams,4530.0,0.0,0.0,0.0,17648.0,IL,220.0,220.0,-80.0,70.0,-170.0,170.0,-50.0,1760.0,1760.0,0.0,64919.0,210.0,65701.0,250.0,42891.0,-220.0,41.0,-160.0,9722.0,-140.0,8761.0,-130.0,270.0,80.0,1310.0,-30.0,48.0,40.0,4656.0,170.0,10375.0,20.0,-230.0,-4063.0,190.0,5305.0,20.0,10425.0,40.0,785.0,-60.0,-10.0,0.0,652.0,-20.0,-141.0,-30.0,-73.0,130.0,253.0,-50.0,-138.0,20.0,47.0,-140.0,-2201.0,37151.0,-20.0,-425.0,-110.0,-105.0,-170.0,236.0,-150.0,-259.0,-150.0,-1088.0,-70.0,-60.0,460.0,61952.0,460.0,11906.0,30.0,-168.0,260.0,247.0,-50.0,-235.0,170.0,158.0,-30.0,4.0,-90.0,-24.0,190.0,26.0,-10.0,-1.0,-340.0,-171.0,30.0,-80.0,420.0,1425.0,460.0,1616.0,1540.0,288.0,270.0,11445.0,10.0,299.0,-50.0,266.0,20.0,88.0,-160.0,-102.0,180.0,120.0,470.0,12142.0,650.0,12595.0,360.0,703.0,50.0,291.0,410.0,-543.0,-150.0,-460.0
brown,309.0,0.0,0.0,0.0,1258.0,IL,10.0,30.0,-10.0,0.0,-10.0,0.0,0.0,20.0,20.0,0.0,2841.0,20.0,2821.0,20.0,2405.0,-30.0,-66.0,-10.0,-211.0,-10.0,-169.0,-10.0,-6.0,0.0,-356.0,30.0,884.0,10.0,338.0,0.0,1148.0,0.0,-30.0,-393.0,20.0,173.0,0.0,-291.0,20.0,-14.0,30.0,6.0,0.0,0.0,-10.0,11.0,10.0,34.0,-10.0,-1.0,0.0,0.0,0.0,0.0,20.0,866.0,6376.0,30.0,39.0,10.0,0.0,20.0,-17.0,20.0,-7.0,20.0,15.0,-10.0,37.0,0.0,2590.0,10.0,1286.0,0.0,0.0,0.0,0.0,-10.0,2.0,-10.0,1.0,-10.0,2.0,10.0,-6.0,10.0,2.0,0.0,3.0,-40.0,-6.0,0.0,19.0,30.0,81.0,30.0,81.0,120.0,24.0,30.0,989.0,10.0,43.0,10.0,25.0,10.0,2.0,0.0,4.0,0.0,0.0,-10.0,1285.0,10.0,1316.0,0.0,0.0,0.0,0.0,0.0,-103.0,0.0,139.0
cass,1057.0,0.0,0.0,0.0,2713.0,IL,80.0,60.0,30.0,20.0,-60.0,-20.0,-120.0,30.0,30.0,0.0,11093.0,90.0,10570.0,70.0,5857.0,-50.0,-318.0,0.0,328.0,10.0,444.0,-30.0,38.0,20.0,224.0,20.0,3642.0,-10.0,425.0,90.0,2068.0,20.0,-80.0,-1253.0,50.0,906.0,10.0,2304.0,-40.0,-236.0,20.0,3.0,-10.0,20.0,10.0,-74.0,-10.0,-1.0,0.0,32.0,10.0,45.0,-170.0,-214.0,-20.0,-909.0,956.0,10.0,-147.0,-40.0,-49.0,20.0,0.0,-10.0,-197.0,-10.0,-169.0,0.0,395.0,130.0,7071.0,140.0,759.0,0.0,21.0,50.0,37.0,30.0,-25.0,20.0,5.0,0.0,2.0,-30.0,-18.0,70.0,4.0,0.0,-25.0,-20.0,1.0,50.0,132.0,70.0,279.0,80.0,318.0,380.0,76.0,90.0,1208.0,30.0,177.0,10.0,112.0,40.0,38.0,-40.0,-64.0,30.0,14.0,130.0,776.0,240.0,1130.0,20.0,24.0,10.0,36.0,80.0,-7.0,10.0,71.0
hancock,1490.0,0.0,0.0,0.0,4382.0,IL,10.0,40.0,-40.0,-10.0,70.0,-100.0,-90.0,50.0,50.0,0.0,7193.0,0.0,7065.0,-20.0,8033.0,-200.0,-311.0,0.0,798.0,30.0,658.0,-30.0,38.0,-30.0,312.0,70.0,3214.0,0.0,487.0,50.0,2459.0,0.0,-160.0,-1229.0,20.0,690.0,-10.0,-57.0,30.0,-129.0,10.0,2.0,0.0,-167.0,-10.0,-38.0,40.0,68.0,0.0,25.0,-10.0,16.0,0.0,-3.0,-60.0,-691.0,-2877.0,-100.0,-653.0,20.0,62.0,-70.0,-212.0,-60.0,-754.0,-60.0,-506.0,-70.0,218.0,-10.0,6418.0,-10.0,709.0,10.0,68.0,50.0,26.0,-40.0,56.0,30.0,61.0,-20.0,-6.0,-10.0,-14.0,10.0,10.0,0.0,3.0,-60.0,40.0,-10.0,-528.0,100.0,270.0,110.0,277.0,320.0,60.0,0.0,1745.0,-70.0,-23.0,-60.0,-19.0,-40.0,-28.0,-30.0,-19.0,40.0,39.0,-20.0,656.0,50.0,172.0,40.0,40.0,0.0,-62.0,50.0,-1242.0,-90.0,304.0
logan,1808.0,0.0,0.0,0.0,6793.0,IL,0.0,30.0,-60.0,0.0,-90.0,-60.0,-30.0,330.0,70.0,260.0,6603.0,0.0,6111.0,-10.0,6035.0,200.0,338.0,-20.0,2104.0,10.0,1943.0,-140.0,-34.0,-40.0,-605.0,50.0,1772.0,50.0,1557.0,100.0,5051.0,0.0,-280.0,-2306.0,80.0,1645.0,20.0,-579.0,-50.0,-493.0,-10.0,-2.0,0.0,-371.0,50.0,70.0,-10.0,-12.0,20.0,87.0,0.0,-31.0,-30.0,-73.0,-90.0,-501.0,-599.0,-60.0,-691.0,-20.0,58.0,-70.0,38.0,-90.0,-660.0,-60.0,-637.0,-50.0,121.0,20.0,4763.0,0.0,-201.0,-20.0,-113.0,100.0,69.0,-90.0,-105.0,40.0,1.0,-50.0,-13.0,-40.0,-47.0,50.0,-4.0,0.0,21.0,-50.0,-19.0,-70.0,-304.0,170.0,522.0,170.0,540.0,530.0,98.0,-10.0,730.0,-60.0,182.0,-50.0,194.0,-10.0,-16.0,-20.0,-33.0,60.0,50.0,60.0,-96.0,140.0,-185.0,80.0,56.0,-10.0,43.0,150.0,-1452.0,-150.0,-303.0
marshall,1192.0,0.0,0.0,0.0,3027.0,IL,-20.0,10.0,-40.0,0.0,30.0,-130.0,-80.0,40.0,0.0,40.0,4081.0,-10.0,3866.0,10.0,8128.0,0.0,-214.0,-40.0,625.0,-10.0,497.0,-80.0,4.0,-40.0,948.0,-30.0,-346.0,-20.0,249.0,30.0,1877.0,-20.0,-220.0,-1421.0,50.0,1158.0,-20.0,-3691.0,-50.0,-216.0,-20.0,-3.0,0.0,-203.0,-10.0,11.0,10.0,92.0,70.0,64.0,0.0,5.0,-110.0,-140.0,-90.0,-1859.0,-8273.0,-80.0,-641.0,-10.0,-24.0,-90.0,-228.0,-90.0,-907.0,-60.0,-365.0,-70.0,-232.0,40.0,5045.0,50.0,821.0,0.0,-28.0,30.0,21.0,0.0,-107.0,50.0,7.0,10.0,3.0,0.0,-46.0,20.0,5.0,10.0,44.0,-30.0,7.0,-50.0,-248.0,60.0,214.0,70.0,235.0,250.0,46.0,0.0,2223.0,-20.0,-44.0,-10.0,-65.0,-20.0,-67.0,-30.0,-14.0,20.0,8.0,70.0,853.0,80.0,688.0,40.0,53.0,-10.0,-42.0,70.0,-1292.0,-70.0,-88.0
mason,1775.0,0.0,0.0,0.0,3495.0,IL,-30.0,20.0,-70.0,30.0,-120.0,-140.0,-20.0,30.0,0.0,30.0,-1090.0,-30.0,-1734.0,-60.0,5370.0,60.0,25.0,20.0,664.0,-10.0,630.0,-40.0,0.0,-20.0,1064.0,-10.0,233.0,0.0,230.0,10.0,2643.0,0.0,-190.0,-2066.0,10.0,271.0,-30.0,-2749.0,-60.0,-642.0,-20.0,-3.0,0.0,-16.0,30.0,-146.0,10.0,-6.0,20.0,22.0,0.0,-13.0,-20.0,-155.0,-40.0,-61.0,-2314.0,-40.0,-59.0,0.0,20.0,-20.0,-19.0,-40.0,-68.0,-50.0,-312.0,0.0,-42.0,-40.0,56.0,-50.0,-208.0,10.0,3.0,40.0,23.0,-40.0,-42.0,20.0,4.0,-10.0,-8.0,10.0,6.0,30.0,2.0,-30.0,-28.0,-50.0,0.0,-20.0,-382.0,70.0,187.0,70.0,212.0,320.0,64.0,-50.0,749.0,-20.0,4.0,-30.0,-37.0,-10.0,-20.0,-10.0,1.0,20.0,14.0,-20.0,-446.0,60.0,-776.0,50.0,67.0,0.0,-33.0,50.0,-1181.0,-80.0,73.0
menard,1079.0,0.0,0.0,0.0,3743.0,IL,-80.0,-40.0,-10.0,-30.0,-30.0,-140.0,-120.0,40.0,0.0,40.0,12481.0,-90.0,12038.0,-100.0,2366.0,-20.0,-93.0,-40.0,567.0,-30.0,416.0,-110.0,-46.0,-20.0,686.0,-10.0,3191.0,40.0,949.0,50.0,4038.0,10.0,-60.0,-569.0,60.0,1195.0,-10.0,595.0,-110.0,-442.0,0.0,-4.0,0.0,-119.0,0.0,38.0,-10.0,-66.0,0.0,-19.0,-10.0,-39.0,-140.0,-277.0,-30.0,80.0,5014.0,-30.0,-256.0,20.0,37.0,-60.0,-65.0,-40.0,-184.0,-20.0,-177.0,10.0,145.0,10.0,11329.0,10.0,2383.0,0.0,-30.0,30.0,21.0,-10.0,-47.0,30.0,12.0,0.0,11.0,10.0,19.0,70.0,8.0,-70.0,-75.0,-20.0,4.0,-10.0,-146.0,50.0,153.0,60.0,181.0,240.0,50.0,-70.0,1534.0,-30.0,24.0,-20.0,37.0,-10.0,-3.0,20.0,28.0,30.0,11.0,0.0,2406.0,10.0,2288.0,40.0,29.0,20.0,50.0,30.0,757.0,-100.0,83.0
morgan,2648.0,0.0,0.0,0.0,8512.0,IL,100.0,140.0,-60.0,-10.0,-120.0,-60.0,-100.0,370.0,370.0,0.0,9630.0,80.0,9936.0,50.0,13712.0,-120.0,487.0,-60.0,2098.0,-60.0,1919.0,-90.0,63.0,30.0,-27.0,50.0,5127.0,20.0,1332.0,60.0,4777.0,10.0,-320.0,-2983.0,130.0,2287.0,-10.0,-38.0,-60.0,306.0,-20.0,-8.0,0.0,-141.0,30.0,334.0,0.0,43.0,70.0,146.0,-10.0,-18.0,-160.0,-355.0,-80.0,421.0,-1745.0,-20.0,-659.0,-50.0,-13.0,-100.0,-110.0,-70.0,-868.0,-40.0,-283.0,-40.0,330.0,80.0,8741.0,60.0,775.0,10.0,62.0,170.0,115.0,-10.0,-10.0,60.0,189.0,-30.0,-16.0,-50.0,-98.0,170.0,17.0,-20.0,-7.0,-50.0,-25.0,-40.0,-231.0,250.0,799.0,280.0,874.0,660.0,111.0,80.0,1891.0,-40.0,21.0,-80.0,45.0,-40.0,-49.0,-90.0,-90.0,100.0,64.0,110.0,423.0,180.0,430.0,100.0,122.0,0.0,58.0,200.0,-197.0,-110.0,365.0
mcdonough,2715.0,0.0,0.0,0.0,5793.0,IL,40.0,80.0,-80.0,20.0,-80.0,20.0,50.0,130.0,30.0,100.0,10729.0,40.0,9994.0,60.0,8263.0,-120.0,-259.0,-60.0,1735.0,-40.0,1414.0,-70.0,-3.0,10.0,927.0,60.0,5854.0,40.0,-206.0,10.0,2619.0,-40.0,-190.0,-1483.0,110.0,1213.0,10.0,1553.0,-20.0,-737.0,-50.0,-11.0,-10.0,-34.0,-30.0,-148.0,10.0,17.0,80.0,102.0,0.0,56.0,0.0,16.0,-50.0,-414.0,4140.0,-30.0,-656.0,-10.0,1.0,-10.0,-15.0,-50.0,-691.0,-50.0,-323.0,0.0,184.0,0.0,8983.0,-20.0,190.0,0.0,-100.0,90.0,53.0,-70.0,-122.0,40.0,10.0,-30.0,-6.0,10.0,-6.0,-20.0,3.0,-40.0,-19.0,-90.0,-119.0,-10.0,-261.0,220.0,732.0,230.0,758.0,490.0,84.0,120.0,1806.0,70.0,148.0,60.0,145.0,10.0,7.0,60.0,52.0,100.0,55.0,60.0,222.0,80.0,280.0,60.0,137.0,0.0,28.0,10.0,-1266.0,50.0,-371.0
pike,1321.0,0.0,0.0,0.0,4401.0,IL,100.0,170.0,-60.0,10.0,-40.0,-100.0,-80.0,130.0,130.0,0.0,6504.0,100.0,6718.0,50.0,8491.0,-90.0,-74.0,-20.0,400.0,-40.0,332.0,0.0,64.0,0.0,485.0,20.0,3256.0,-20.0,1019.0,10.0,1616.0,0.0,-100.0,-1208.0,30.0,1068.0,20.0,-387.0,50.0,212.0,0.0,0.0,20.0,344.0,10.0,8.0,0.0,34.0,20.0,63.0,0.0,22.0,10.0,91.0,0.0,-629.0,5111.0,0.0,-244.0,-20.0,14.0,-10.0,-27.0,-10.0,-233.0,10.0,-432.0,-20.0,132.0,60.0,9641.0,100.0,1605.0,0.0,-55.0,60.0,34.0,10.0,-51.0,50.0,3.0,0.0,4.0,-40.0,-53.0,70.0,7.0,10.0,21.0,-30.0,-37.0,30.0,54.0,110.0,430.0,110.0,436.0,440.0,88.0,90.0,2276.0,-20.0,-36.0,-30.0,-12.0,-10.0,5.0,-40.0,-36.0,50.0,34.0,90.0,1611.0,140.0,1769.0,30.0,28.0,0.0,-48.0,70.0,-230.0,50.0,378.0
schuyler,847.0,0.0,0.0,0.0,2405.0,IL,-90.0,-30.0,-60.0,-20.0,-90.0,-220.0,-90.0,0.0,0.0,0.0,-1272.0,-90.0,-1494.0,-60.0,-840.0,-40.0,-170.0,-20.0,207.0,0.0,236.0,0.0,-6.0,-20.0,-248.0,-30.0,1323.0,10.0,69.0,-10.0,641.0,-20.0,-60.0,-631.0,0.0,81.0,0.0,456.0,-50.0,-221.0,-10.0,-2.0,0.0,0.0,-10.0,12.0,-10.0,12.0,-10.0,5.0,20.0,36.0,0.0,16.0,-40.0,-597.0,-261.0,-30.0,-77.0,-20.0,-16.0,-20.0,-20.0,-40.0,-71.0,0.0,-124.0,10.0,63.0,-60.0,354.0,-50.0,261.0,-10.0,-11.0,0.0,0.0,-70.0,-76.0,-10.0,3.0,-10.0,-12.0,-10.0,-23.0,20.0,7.0,-20.0,-51.0,-10.0,-12.0,-20.0,-173.0,50.0,147.0,50.0,144.0,160.0,25.0,-80.0,209.0,0.0,63.0,-10.0,24.0,0.0,-8.0,10.0,13.0,0.0,0.0,-60.0,341.0,-10.0,175.0,0.0,0.0,20.0,36.0,0.0,121.0,-90.0,85.0
scott,442.0,0.0,0.0,0.0,1715.0,IL,0.0,0.0,0.0,10.0,20.0,-20.0,-40.0,20.0,20.0,0.0,2985.0,0.0,2734.0,10.0,3886.0,-50.0,-168.0,-10.0,204.0,10.0,103.0,0.0,21.0,10.0,877.0,30.0,1289.0,-10.0,124.0,-10.0,1504.0,0.0,-50.0,-455.0,50.0,580.0,20.0,-840.0,0.0,-172.0,0.0,0.0,0.0,0.0,10.0,68.0,10.0,21.0,-10.0,-2.0,20.0,59.0,-10.0,-71.0,0.0,-362.0,1407.0,10.0,-46.0,0.0,2.0,-20.0,-72.0,0.0,-83.0,0.0,-85.0,0.0,64.0,50.0,2969.0,50.0,297.0,0.0,0.0,20.0,17.0,30.0,45.0,10.0,-1.0,10.0,5.0,0.0,9.0,50.0,11.0,0.0,4.0,10.0,19.0,40.0,-146.0,40.0,144.0,50.0,161.0,110.0,23.0,10.0,852.0,10.0,53.0,-20.0,40.0,0.0,14.0,0.0,-3.0,0.0,0.0,60.0,240.0,70.0,110.0,0.0,0.0,0.0,6.0,30.0,-663.0,-10.0,95.0
woodford,2940.0,0.0,0.0,0.0,10898.0,IL,-50.0,30.0,-40.0,0.0,-80.0,-170.0,-40.0,130.0,40.0,90.0,61673.0,-50.0,61602.0,-130.0,15007.0,160.0,985.0,-40.0,4829.0,40.0,3945.0,-90.0,935.0,40.0,433.0,120.0,28569.0,80.0,2681.0,90.0,6815.0,10.0,-730.0,-3838.0,140.0,3372.0,20.0,11363.0,90.0,50.0,-10.0,0.0,0.0,-104.0,-10.0,214.0,-10.0,-100.0,70.0,123.0,-60.0,-117.0,-40.0,127.0,-140.0,-326.0,32588.0,-170.0,-1208.0,40.0,34.0,-160.0,377.0,-140.0,-536.0,-160.0,-1006.0,-120.0,1065.0,120.0,54114.0,120.0,10161.0,30.0,395.0,130.0,97.0,-20.0,176.0,130.0,250.0,-40.0,21.0,-70.0,-42.0,70.0,15.0,-30.0,-33.0,-160.0,10.0,60.0,-379.0,210.0,644.0,240.0,681.0,520.0,112.0,10.0,4720.0,-50.0,-2.0,-60.0,-45.0,-30.0,-30.0,-80.0,-46.0,90.0,71.0,150.0,10036.0,220.0,10113.0,350.0,455.0,50.0,373.0,300.0,1573.0,-300.0,-2370.0
kankakee,0.0,14858.0,1.0,18261.0,0.0,IL,-60.0,40.0,-170.0,20.0,-750.0,-1080.0,-830.0,970.0,920.0,40.0,50318.0,-60.0,49758.0,-20.0,43674.0,-710.0,-1395.0,40.0,5638.0,20.0,5044.0,-570.0,-171.0,-30.0,1040.0,20.0,4063.0,150.0,7983.0,80.0,14284.0,-20.0,-1070.0,-12080.0,350.0,7610.0,-10.0,-1738.0,-40.0,-561.0,-70.0,-18.0,10.0,60.0,70.0,74.0,-10.0,-139.0,220.0,490.0,-160.0,-235.0,-20.0,-494.0,-430.0,-8330.0,4963.0,-340.0,-1366.0,-40.0,-5.0,-460.0,-626.0,-420.0,-2267.0,-480.0,-5198.0,-360.0,319.0,80.0,47162.0,80.0,5923.0,10.0,-186.0,330.0,284.0,-160.0,-596.0,150.0,157.0,-50.0,-39.0,-150.0,-234.0,240.0,45.0,-290.0,-395.0,-160.0,36.0,-80.0,-484.0,510.0,1270.0,590.0,1487.0,2590.0,519.0,60.0,8336.0,70.0,488.0,0.0,443.0,-190.0,-127.0,-130.0,-98.0,220.0,142.0,300.0,6515.0,880.0,6715.0,310.0,435.0,40.0,-80.0,430.0,-1044.0,-360.0,-1014.0
