County,D0,D1,OTHER0,R0,R1,STATE,N1,MARS1,MARS2,MARS4,PREP,N2,NUMDEP,TOTAL_VITA,VITA,TCE,VITA_EIC,RAL,RAC,ELDERLY,A00100,N02650,A02650,N00200,A00200,N00300,A00300,N00600,A00600,N00650,A00650,N00700,A00700,N00900,A00900,N01000,A01000,N01400,A01400,N01700,A01700,SCHF,N02300,A02300,N02500,A02500,N26270,A26270,N02900,A02900,N03220,A03220,N03300,A03300,N03270,A03270,N03150,A03150,N03210,A03210,N03230,A03230,N03240,A03240,N04470,A04470,A00101,N17000,A17000,N18425,A18425,N18450,A18450,N18500,A18500,N18800,A18800,N18300,A18300,N19300,A19300,N19500,A19500,N19530,A19530,N19550,A19550,N19570,A19570,N19700,A19700,N20800,A20800,N21020,A21020,N04800,A04800,N05800,A05800,N09600,A09600,N05780,A05780,N07100,A07100,N07300,A07300,N07180,A07180,N07230,A07230,N07240,A07240,N07220,A07220,N07260,A07260,N09400,A09400,N85770,A85770,N85775,A85775,N09750,A09750,N10600,A10600,N59660,A59660,N59720,A59720,N11070,A11070,N10960,A10960,N11560,A11560,N06500,A06500,N10300,A10300,N85530,A85530,N85300,A85300,N11901,A11901,N11902,A11902
cook,129937.0,1452320.0,13767.0,352239.0,58205.0,IL,-32500.0,-900.0,-10440.0,-21410.0,-21030.0,-115560.0,-73920.0,-1950.0,-260.0,-1680.0,-610.0,12210.0,-20210.0,3140.0,-2280051.0,-32020.0,-2234153.0,-22660.0,839747.0,-10570.0,-61634.0,-8200.0,-166520.0,-8440.0,54676.0,12010.0,91409.0,5970.0,-98728.0,-6980.0,-1650082.0,40.0,-18414.0,-3560.0,41552.0,-80.0,-11490.0,-28334.0,640.0,42246.0,-390.0,326580.0,-7060.0,45898.0,-350.0,-61.0,200.0,6911.0,-250.0,26915.0,250.0,2765.0,-3960.0,-7015.0,-1420.0,-4412.0,10.0,2132.0,2710.0,419731.0,-2600592.0,148690,1477174,-8180.0,-512872.0,10420.0,26426.0,-790.0,197352.0,78170,72115,2690.0,-272462.0,-1150.0,-65009.0,11470,63685,18230,12408,72660,101831,26490,319531,-950.0,442983.0,240640,2084974,23870,298534,-3940.0,-2442725.0,-1810.0,-785881.0,450.0,-27410.0,-1760.0,-2495.0,-17100.0,-61470.0,-1760.0,-57950.0,-320.0,-81.0,-15430.0,-16450.0,5330.0,1510.0,-9700.0,-11682.0,2160.0,5495.0,-3780.0,-9790.0,-170.0,-9437.0,930.0,-8830.0,-28800.0,8652.0,-31030.0,-569520.0,-20010.0,-59388.0,-19880.0,-49207.0,-28080.0,-44093.0,-26490.0,-25983.0,-1680.0,-1677.0,7660.0,-807965.0,-8230.0,-855585.0,3580.0,2717.0,940.0,-107580.0,-9700.0,-176997.0,-21360.0,-39040.0
will,146148.0,0.0,24.0,0.0,150079.0,IL,770.0,1580.0,-650.0,-340.0,-210.0,-5150.0,-5460.0,-360.0,-110.0,-250.0,-60.0,1750.0,-1600.0,2040.0,188950.0,780.0,196683.0,-100.0,207231.0,-1000.0,1363.0,-910.0,-2984.0,-910.0,4605.0,360.0,3512.0,1250.0,-6577.0,-570.0,-169505.0,680.0,6010.0,2740.0,43434.0,-20.0,-1470.0,-1177.0,850.0,19611.0,110.0,38839.0,1400.0,7733.0,70.0,37.0,0.0,482.0,50.0,2833.0,80.0,654.0,700.0,748.0,-60.0,-69.0,110.0,786.0,160.0,-3541.0,42629.0,23110,204316,-1520.0,-31087.0,1650.0,4130.0,-220.0,19580.0,14310,11020,150.0,-8955.0,-260.0,-24654.0,2160,8528,4660,2544,16790,23336,2320,7095,-790.0,6818.0,40420,265504,3680,61503,2070.0,143737.0,2440.0,37039.0,70.0,-2480.0,420.0,883.0,-1210.0,-4001.0,70.0,-2677.0,170.0,137.0,-1770.0,-1925.0,1230.0,311.0,-1520.0,-2237.0,510.0,641.0,510.0,-355.0,1370.0,10181.0,1420.0,11210.0,-2690.0,1071.0,630.0,91059.0,-800.0,-1977.0,-910.0,-1970.0,-1670.0,-3044.0,-2290.0,-2236.0,350.0,445.0,3110.0,41155.0,2290.0,38309.0,470.0,339.0,240.0,-871.0,-1140.0,-24854.0,1730.0,18072.0
kankakee,133221.0,67490.0,1041.0,105594.0,112408.0,IL,-360.0,190.0,-300.0,-310.0,-710.0,-1610.0,-990.0,40.0,30.0,10.0,30.0,750.0,-810.0,210.0,-49252.0,-350.0,-47910.0,-260.0,-1943.0,-1310.0,-252.0,-220.0,1857.0,-210.0,2437.0,-180.0,262.0,-50.0,2213.0,-150.0,-58189.0,60.0,1838.0,530.0,10242.0,0.0,-230.0,481.0,260.0,3235.0,-80.0,1869.0,-20.0,1342.0,40.0,9.0,-10.0,-151.0,-10.0,452.0,20.0,51.0,80.0,40.0,20.0,69.0,110.0,440.0,-30.0,1349.0,-69306.0,3570,35934,-330.0,-4423.0,280.0,329.0,-90.0,2519.0,1040,829,-40.0,-1300.0,-110.0,-1920.0,260,784,390,188,1900,2015,210,569,-70.0,-220.0,4200,25868,270,3905,130.0,-49722.0,140.0,-11445.0,-20.0,-290.0,60.0,175.0,-250.0,-1.0,0.0,-12.0,-60.0,-14.0,-60.0,-95.0,60.0,24.0,-310.0,-379.0,80.0,5.0,-150.0,-88.0,240.0,1823.0,220.0,1990.0,-550.0,14.0,-280.0,-5695.0,-200.0,-575.0,-190.0,-455.0,-350.0,-667.0,-210.0,-173.0,70.0,126.0,240.0,-11484.0,-10.0,-11855.0,0.0,-48.0,-20.0,-131.0,-140.0,-6289.0,-100.0,-202.0
dupage,70502.0,25034.0,0.0,17661.0,82752.0,IL,-5060.0,-2140.0,-1020.0,-1920.0,-2630.0,-14210.0,-9470.0,-210.0,-20.0,-200.0,-60.0,910.0,-1600.0,2460.0,-1442241.0,-5020.0,-1433966.0,-5390.0,-128979.0,-1580.0,9834.0,-1320.0,-17579.0,-1570.0,16645.0,5630.0,23228.0,1050.0,33560.0,-1800.0,-1426534.0,980.0,18083.0,1670.0,30300.0,-20.0,-1550.0,-2266.0,830.0,20240.0,-110.0,-31894.0,-340.0,8275.0,80.0,35.0,10.0,2003.0,-60.0,6765.0,120.0,1466.0,-1100.0,-1964.0,-270.0,-910.0,-60.0,-8646.0,-920.0,8248.0,-1579322.0,38320,395485,-3570.0,-101507.0,2500.0,5088.0,-1030.0,32223.0,18910,12648,-970.0,-67951.0,-1160.0,-18340.0,3110,16146,6510,3288,13830,19814,7130,60075,-1590.0,39662.0,44360,336429,4890,80499,-1530.0,-1456470.0,-590.0,-369493.0,390.0,-4121.0,880.0,2055.0,-2540.0,-4673.0,0.0,-4397.0,330.0,292.0,-2450.0,-3027.0,840.0,288.0,-1780.0,-2329.0,310.0,927.0,310.0,2350.0,2660.0,21986.0,2770.0,24369.0,-4930.0,787.0,-4560.0,-322723.0,-1840.0,-4306.0,-1910.0,-4324.0,-3580.0,-6493.0,-3240.0,-3118.0,780.0,870.0,880.0,-378367.0,-650.0,-381897.0,1170.0,-2850.0,610.0,-13874.0,-3610.0,-35122.0,-1490.0,-2797.0
kane,14361.0,9235.0,0.0,6594.0,22247.0,IL,90.0,1650.0,-50.0,-1590.0,-640.0,-7590.0,-7480.0,-130.0,-70.0,-50.0,-80.0,930.0,-780.0,1520.0,31709.0,110.0,42582.0,-180.0,159375.0,-100.0,-4163.0,-290.0,2364.0,-370.0,9549.0,1910.0,6094.0,670.0,5208.0,-410.0,-97860.0,690.0,4425.0,1770.0,26224.0,-10.0,-940.0,-1181.0,800.0,14823.0,50.0,101372.0,660.0,10873.0,210.0,50.0,-10.0,626.0,80.0,3569.0,40.0,813.0,460.0,434.0,-160.0,-164.0,10.0,2825.0,510.0,-15640.0,-111459.0,19060,174688,-1060.0,-29701.0,1450.0,3201.0,180.0,8578.0,9490,6895,490.0,-17393.0,70.0,-13169.0,1600,6884,3090,1657,11200,15740,1990,7607,-270.0,-3542.0,22850,150667,1960,25106,2960.0,33268.0,3210.0,-22431.0,-50.0,-2357.0,320.0,716.0,-1400.0,-209.0,-40.0,-933.0,140.0,142.0,-850.0,-549.0,710.0,227.0,-1460.0,-1111.0,130.0,110.0,110.0,1768.0,1070.0,7923.0,1140.0,8746.0,-2840.0,731.0,210.0,-10564.0,-1220.0,-3620.0,-1230.0,-3663.0,-4240.0,-8729.0,-1340.0,-932.0,270.0,364.0,4650.0,-22320.0,2950.0,-22877.0,180.0,-170.0,110.0,-1036.0,-420.0,3917.0,620.0,7168.0
lake,20792.0,138055.0,55.0,89716.0,35646.0,IL,-2570.0,-90.0,-840.0,-1610.0,-2710.0,-11200.0,-9060.0,-140.0,0.0,-160.0,-10.0,1270.0,-1530.0,1820.0,-556644.0,-2570.0,-548027.0,-2060.0,-319183.0,-1060.0,22906.0,-1640.0,21068.0,-1690.0,36770.0,4200.0,19860.0,770.0,25273.0,-2580.0,-327362.0,710.0,-16534.0,1030.0,24294.0,-10.0,-920.0,190.0,890.0,22404.0,-210.0,-2115.0,390.0,8617.0,180.0,59.0,20.0,1958.0,50.0,5802.0,90.0,469.0,170.0,-111.0,-20.0,-10.0,-80.0,-3213.0,-210.0,60616.0,-608955.0,27350,299945,-1980.0,-83413.0,1660.0,3745.0,-760.0,35690.0,14680,12217,-210.0,-46125.0,-940.0,-22463.0,2560,13448,4100,1979,10450,13618,7190,62841,-900.0,76996.0,33440,317544,3770,50910,940.0,-537281.0,1480.0,-184839.0,30.0,-12528.0,630.0,1249.0,-1160.0,-4227.0,-450.0,-6105.0,230.0,202.0,-1260.0,-1574.0,910.0,291.0,-1220.0,-1691.0,670.0,453.0,70.0,1450.0,1540.0,11493.0,1710.0,13254.0,-3270.0,919.0,-1950.0,-84179.0,-1100.0,-3438.0,-1220.0,-3183.0,-3530.0,-6882.0,-1930.0,-1892.0,350.0,449.0,2350.0,-186450.0,610.0,-190757.0,400.0,-4086.0,-140.0,-8287.0,-2040.0,-55781.0,-260.0,25914.0
mchenry,1139.0,0.0,134.0,0.0,1412.0,IL,140.0,570.0,-120.0,-390.0,-240.0,-2650.0,-3090.0,-290.0,-50.0,-240.0,-20.0,610.0,-250.0,1170.0,7959.0,150.0,9475.0,-90.0,101559.0,-230.0,2193.0,-640.0,-721.0,-670.0,1278.0,410.0,2847.0,200.0,1635.0,-570.0,-144937.0,520.0,-4122.0,1450.0,20763.0,-20.0,-660.0,-1407.0,520.0,7152.0,-50.0,19583.0,440.0,1516.0,40.0,9.0,-30.0,-162.0,-120.0,546.0,80.0,814.0,320.0,311.0,60.0,212.0,-30.0,-956.0,-380.0,-16569.0,-145656.0,13520,124391,-1150.0,-17081.0,660.0,1537.0,-520.0,2953.0,5640,3831,-350.0,-9570.0,-510.0,-13987.0,1450,5528,2350,1081,7450,9826,1220,7213,-490.0,-4208.0,14830,95817,1200,10791,1180.0,-24393.0,1420.0,-10688.0,-90.0,-984.0,470.0,1078.0,-60.0,-4613.0,30.0,-4869.0,230.0,137.0,-600.0,-563.0,430.0,142.0,-50.0,-81.0,-20.0,112.0,-90.0,-251.0,1130.0,8651.0,1200.0,9695.0,-1330.0,383.0,300.0,-10452.0,-370.0,-928.0,-390.0,-1016.0,-1110.0,-2441.0,-840.0,-702.0,330.0,337.0,1580.0,-9679.0,1080.0,-8764.0,170.0,41.0,50.0,-2201.0,-730.0,3857.0,950.0,-3379.0
kendall,5605.0,0.0,974.0,0.0,11759.0,IL,1020.0,530.0,240.0,160.0,350.0,970.0,-30.0,10.0,-10.0,30.0,-10.0,260.0,10.0,400.0,118010.0,1010.0,120766.0,860.0,82999.0,380.0,837.0,-30.0,656.0,-60.0,1582.0,-20.0,157.0,270.0,4892.0,80.0,15512.0,160.0,1151.0,790.0,7623.0,0.0,-170.0,-58.0,210.0,3179.0,10.0,4040.0,460.0,2756.0,120.0,30.0,0.0,-36.0,-10.0,432.0,30.0,170.0,140.0,142.0,50.0,106.0,90.0,1457.0,160.0,2490.0,48063.0,3910,34209,-20.0,-2530.0,170.0,512.0,90.0,3073.0,2910,1992,170.0,1018.0,150.0,-3654.0,440,1544,760,521,4490,6603,240,606,-50.0,2119.0,6450,41098,480,4488,990.0,104386.0,1040.0,21724.0,60.0,-572.0,120.0,263.0,160.0,168.0,-30.0,-595.0,70.0,34.0,-80.0,-116.0,220.0,79.0,0.0,-228.0,110.0,103.0,170.0,464.0,320.0,2468.0,320.0,2851.0,-420.0,102.0,1050.0,27479.0,-10.0,-121.0,-40.0,-139.0,-180.0,-268.0,-180.0,-176.0,90.0,64.0,1090.0,21557.0,1060.0,22557.0,80.0,21.0,30.0,711.0,-150.0,1359.0,1140.0,4857.0
alexander,9558.0,0.0,1850.0,0.0,12823.0,IL,-100.0,-30.0,-30.0,-40.0,-80.0,-220.0,-110.0,0.0,0.0,0.0,0.0,80.0,-160.0,-10.0,-637.0,-100.0,-566.0,-100.0,-1733.0,-20.0,-44.0,0.0,50.0,0.0,112.0,-10.0,11.0,10.0,-277.0,-10.0,-187.0,0.0,756.0,10.0,-458.0,10.0,-20.0,60.0,0.0,61.0,0.0,208.0,-10.0,71.0,10.0,2.0,0.0,0.0,10.0,66.0,-10.0,-22.0,10.0,-8.0,0.0,0.0,0.0,0.0,-20.0,200.0,-347.0,90,827,-20.0,-121.0,0.0,10.0,-20.0,-60.0,20,5,-20.0,-183.0,-10.0,-34.0,0,0,0,0,0,0,0,0,0.0,-124.0,80,873,0,0,-30.0,289.0,-20.0,205.0,0.0,0.0,10.0,9.0,10.0,-42.0,10.0,2.0,-10.0,-8.0,0.0,-5.0,10.0,-2.0,-10.0,-26.0,0.0,3.0,-20.0,-39.0,10.0,83.0,20.0,98.0,-10.0,21.0,-80.0,-409.0,-60.0,-98.0,-60.0,-99.0,-40.0,-49.0,-10.0,0.0,0.0,0.0,-40.0,243.0,-30.0,293.0,0.0,0.0,0.0,0.0,20.0,352.0,-100.0,-258.0
franklin,4388.0,0.0,1029.0,0.0,11023.0,IL,-210.0,-70.0,-110.0,-50.0,-50.0,-470.0,-200.0,0.0,0.0,0.0,0.0,470.0,-370.0,20.0,-16141.0,-200.0,-15604.0,-240.0,-8720.0,-170.0,392.0,-120.0,-409.0,-110.0,-153.0,-90.0,102.0,0.0,455.0,-100.0,-7071.0,-50.0,-91.0,130.0,2890.0,-20.0,10.0,952.0,30.0,-622.0,40.0,-2172.0,-10.0,537.0,-10.0,-3.0,0.0,-4.0,10.0,171.0,0.0,83.0,-10.0,2.0,-10.0,-37.0,-10.0,39.0,-60.0,-1155.0,-4630.0,630,7230,-80.0,-695.0,40.0,9.0,-40.0,239.0,140,62,-40.0,-376.0,-30.0,-138.0,20,51,0,0,140,143,30,41,-50.0,-708.0,670,6521,50,495,-170.0,-11434.0,-140.0,-1897.0,-30.0,-110.0,30.0,95.0,-90.0,130.0,0.0,131.0,-10.0,-13.0,-30.0,9.0,90.0,17.0,-70.0,-90.0,-20.0,1.0,-30.0,61.0,80.0,811.0,100.0,901.0,-150.0,100.0,-190.0,-1637.0,0.0,28.0,30.0,3.0,-10.0,43.0,-40.0,-20.0,40.0,82.0,-150.0,-2144.0,-150.0,-2175.0,-10.0,-9.0,-10.0,-156.0,-30.0,-1171.0,-140.0,-152.0
jackson,41818.0,0.0,4424.0,0.0,75772.0,IL,-800.0,-440.0,-290.0,-60.0,-200.0,-1650.0,-540.0,20.0,10.0,0.0,20.0,330.0,-460.0,130.0,-9315.0,-770.0,-10532.0,-960.0,-21023.0,-590.0,41.0,-70.0,-1519.0,-70.0,-1165.0,110.0,619.0,-100.0,-868.0,-60.0,-3811.0,60.0,1350.0,90.0,7938.0,-10.0,-130.0,-380.0,110.0,1383.0,0.0,2474.0,-400.0,-1217.0,20.0,7.0,0.0,-122.0,-50.0,46.0,-10.0,-62.0,-180.0,-289.0,-140.0,-433.0,-10.0,-111.0,-90.0,-210.0,1266.0,860,9366,-180.0,-1657.0,50.0,126.0,-80.0,280.0,310,193,-100.0,-1376.0,-80.0,-362.0,70,220,50,13,230,236,100,145,-180.0,-2864.0,1010,8082,80,1110,-410.0,63.0,-430.0,2114.0,-20.0,-206.0,-20.0,65.0,-300.0,-146.0,-30.0,-7.0,30.0,7.0,-330.0,-201.0,30.0,0.0,-60.0,-74.0,60.0,44.0,-120.0,-392.0,60.0,608.0,90.0,752.0,-280.0,65.0,-860.0,2267.0,-340.0,-556.0,-340.0,-505.0,-200.0,-255.0,-280.0,-272.0,10.0,11.0,-230.0,2355.0,-330.0,2062.0,0.0,29.0,0.0,39.0,-110.0,-470.0,-770.0,-2059.0
jefferson,5584.0,0.0,759.0,0.0,12717.0,IL,-390.0,-200.0,-130.0,-80.0,-170.0,-710.0,-190.0,-130.0,0.0,-130.0,0.0,400.0,-340.0,-10.0,-1637.0,-390.0,-1708.0,-360.0,-9568.0,-120.0,-804.0,-90.0,269.0,-110.0,582.0,60.0,381.0,-20.0,1870.0,-40.0,6330.0,-20.0,-1473.0,110.0,1675.0,-10.0,10.0,320.0,50.0,741.0,-20.0,397.0,-40.0,-71.0,-10.0,-2.0,0.0,38.0,-10.0,53.0,-20.0,7.0,-30.0,-88.0,-20.0,-32.0,10.0,-56.0,-40.0,-3185.0,1605.0,720,7684,-110.0,-2355.0,90.0,95.0,10.0,1043.0,190,94,-20.0,-1344.0,0.0,-87.0,50,164,60,8,200,180,50,81,-50.0,-1283.0,670,6009,50,679,-190.0,1554.0,-160.0,794.0,10.0,-19.0,40.0,79.0,-30.0,-119.0,-30.0,-19.0,0.0,-1.0,-10.0,-23.0,60.0,11.0,-30.0,-96.0,30.0,83.0,-50.0,30.0,50.0,676.0,60.0,830.0,-180.0,57.0,-380.0,-2189.0,-90.0,-35.0,-30.0,-62.0,-10.0,18.0,-50.0,-43.0,-20.0,-16.0,-260.0,932.0,-290.0,989.0,0.0,-5.0,0.0,39.0,-20.0,2029.0,-340.0,-469.0
madison,2547.0,0.0,295.0,0.0,6983.0,IL,-180.0,150.0,-250.0,-170.0,-830.0,-1250.0,-720.0,70.0,-20.0,100.0,-10.0,1490.0,-1160.0,740.0,49103.0,-180.0,54217.0,-150.0,54984.0,-620.0,4140.0,-390.0,-1862.0,-360.0,-209.0,310.0,3592.0,90.0,7647.0,-490.0,-63752.0,260.0,4318.0,1110.0,16998.0,-20.0,-240.0,5064.0,310.0,7225.0,-40.0,22523.0,80.0,5114.0,120.0,26.0,40.0,1184.0,20.0,1162.0,40.0,173.0,180.0,292.0,-130.0,-367.0,50.0,1944.0,50.0,416.0,33425.0,6260,65167,-410.0,-7666.0,440.0,886.0,-100.0,5618.0,2600,1407,40.0,-1068.0,10.0,-3444.0,610,1855,940,363,3890,4119,670,2051,-270.0,4871.0,6630,45425,960,13190,350.0,45812.0,490.0,17551.0,-40.0,-304.0,-20.0,228.0,350.0,-607.0,-100.0,-883.0,140.0,112.0,-320.0,-238.0,720.0,151.0,-30.0,-272.0,200.0,293.0,-20.0,408.0,290.0,2539.0,320.0,2844.0,-1110.0,355.0,-30.0,27166.0,-370.0,-1166.0,-260.0,-1032.0,-200.0,-148.0,-620.0,-535.0,70.0,140.0,450.0,17968.0,70.0,18593.0,90.0,277.0,10.0,-486.0,-220.0,-4110.0,80.0,720.0
monroe,1022.0,0.0,112.0,0.0,1524.0,IL,390.0,150.0,220.0,10.0,140.0,760.0,170.0,40.0,0.0,50.0,0.0,60.0,-40.0,240.0,92834.0,390.0,93626.0,290.0,36769.0,200.0,352.0,90.0,1061.0,120.0,1157.0,270.0,882.0,70.0,191.0,40.0,17593.0,80.0,2115.0,310.0,6974.0,0.0,-130.0,-281.0,130.0,2501.0,-30.0,9738.0,180.0,792.0,10.0,0.0,10.0,38.0,10.0,486.0,20.0,36.0,70.0,86.0,-20.0,42.0,10.0,183.0,150.0,15034.0,80251.0,1040,12131,60.0,-496.0,70.0,87.0,160.0,2331.0,460,221,140.0,1980.0,160.0,481.0,110,236,160,41,610,750,160,362,80.0,164.0,1240,7903,140,2623,350.0,70025.0,390.0,14294.0,0.0,-37.0,10.0,1.0,0.0,3.0,-20.0,20.0,100.0,45.0,-10.0,-19.0,-20.0,3.0,10.0,5.0,0.0,38.0,50.0,-14.0,60.0,411.0,60.0,413.0,-30.0,63.0,390.0,8899.0,0.0,-93.0,-40.0,-137.0,-20.0,-11.0,-70.0,-47.0,10.0,21.0,360.0,14319.0,360.0,14400.0,20.0,7.0,10.0,1.0,-40.0,-1168.0,340.0,169.0
perry,4375.0,0.0,429.0,0.0,9307.0,IL,-100.0,10.0,-70.0,-50.0,-100.0,-120.0,-10.0,0.0,0.0,0.0,0.0,190.0,-140.0,30.0,-2277.0,-100.0,-2335.0,-100.0,1733.0,-260.0,-243.0,-50.0,-116.0,-50.0,3.0,0.0,68.0,-20.0,385.0,-70.0,-2589.0,40.0,266.0,20.0,455.0,10.0,0.0,64.0,30.0,1140.0,10.0,-1725.0,-40.0,-58.0,0.0,-1.0,-30.0,-405.0,-10.0,121.0,10.0,-24.0,10.0,-22.0,10.0,15.0,-10.0,-17.0,-10.0,1089.0,-1844.0,340,4067,-40.0,-367.0,20.0,49.0,-30.0,118.0,50,32,-10.0,-193.0,-20.0,-78.0,0,0,0,0,70,66,0,0,-10.0,154.0,460,4464,20,497,10.0,-2771.0,20.0,-966.0,-10.0,-54.0,0.0,4.0,20.0,86.0,-20.0,4.0,0.0,10.0,-40.0,-9.0,30.0,10.0,30.0,30.0,0.0,41.0,-40.0,-59.0,40.0,525.0,60.0,529.0,-50.0,48.0,-40.0,-167.0,-50.0,-46.0,-60.0,-76.0,-40.0,5.0,-60.0,-22.0,30.0,36.0,0.0,-1063.0,-10.0,-1172.0,-30.0,-21.0,-10.0,-63.0,-10.0,-690.0,-70.0,214.0
pulaski,58719.0,0.0,6778.0,0.0,54031.0,IL,-40.0,0.0,-30.0,-10.0,-10.0,-80.0,-30.0,10.0,10.0,0.0,0.0,30.0,-60.0,10.0,-1161.0,-40.0,-1109.0,-10.0,-101.0,-10.0,4.0,0.0,-44.0,-10.0,4.0,0.0,-13.0,0.0,5.0,-10.0,-76.0,20.0,356.0,-10.0,175.0,20.0,-10.0,45.0,10.0,314.0,0.0,-18.0,-20.0,52.0,-20.0,-5.0,0.0,0.0,-10.0,42.0,-10.0,-4.0,-10.0,-15.0,-20.0,-33.0,0.0,0.0,-10.0,-207.0,-1434.0,90,635,-20.0,-83.0,10.0,23.0,-20.0,22.0,0,0,0.0,-40.0,0.0,56.0,0,0,0,0,0,0,0,0,-20.0,-16.0,90,837,0,0,30.0,796.0,20.0,173.0,0.0,0.0,0.0,4.0,10.0,-43.0,0.0,-1.0,0.0,-8.0,0.0,-3.0,-10.0,4.0,0.0,-26.0,10.0,3.0,20.0,-18.0,10.0,35.0,10.0,48.0,-30.0,5.0,0.0,145.0,-30.0,-85.0,-30.0,-77.0,20.0,-2.0,10.0,8.0,20.0,15.0,20.0,224.0,0.0,240.0,0.0,0.0,0.0,0.0,40.0,201.0,-40.0,-13.0
randolph,2131.0,0.0,364.0,0.0,6019.0,IL,-150.0,-100.0,-110.0,20.0,-160.0,-330.0,-150.0,0.0,20.0,-20.0,0.0,270.0,-240.0,90.0,-2965.0,-160.0,-3174.0,-180.0,2770.0,-90.0,-459.0,-80.0,490.0,-60.0,691.0,20.0,240.0,20.0,-60.0,-50.0,-2035.0,30.0,68.0,50.0,995.0,-30.0,-60.0,-129.0,40.0,1044.0,10.0,142.0,0.0,-209.0,0.0,2.0,-10.0,-212.0,0.0,78.0,20.0,-34.0,0.0,-9.0,0.0,-11.0,10.0,9.0,0.0,-1812.0,-11791.0,500,6116,-90.0,-1092.0,50.0,67.0,-20.0,-36.0,110,55,-10.0,-1099.0,-10.0,-182.0,40,117,0,0,180,192,70,76,-30.0,423.0,650,5489,60,515,-40.0,5025.0,-20.0,1349.0,0.0,-202.0,10.0,10.0,0.0,56.0,30.0,-20.0,-10.0,6.0,-50.0,-50.0,40.0,22.0,-10.0,26.0,20.0,-11.0,10.0,-28.0,60.0,525.0,30.0,554.0,-180.0,-4.0,-150.0,1266.0,-90.0,-271.0,-80.0,-241.0,-30.0,-128.0,-70.0,-37.0,20.0,9.0,-20.0,1165.0,-90.0,1170.0,10.0,17.0,0.0,-23.0,50.0,-270.0,-240.0,-456.0
st. clair,8061.0,0.0,1632.0,0.0,21497.0,IL,-370.0,550.0,-460.0,-670.0,-810.0,-2240.0,-1510.0,-20.0,10.0,-40.0,-60.0,1850.0,-1680.0,800.0,-141452.0,-370.0,-140464.0,-380.0,19300.0,-570.0,1090.0,-490.0,-1087.0,-460.0,1306.0,590.0,1583.0,-70.0,-2625.0,-650.0,-124324.0,290.0,5887.0,560.0,16478.0,-10.0,-810.0,-1307.0,210.0,6265.0,20.0,-49270.0,-120.0,988.0,50.0,15.0,10.0,-175.0,30.0,1091.0,70.0,238.0,-30.0,-205.0,-90.0,-219.0,-20.0,-1222.0,-80.0,-792.0,-184836.0,5060,54121,-240.0,-14247.0,200.0,217.0,-770.0,2942.0,3200,1753,-80.0,-11411.0,-330.0,-4786.0,540,1613,890,437,3690,4665,580,1629,-170.0,2603.0,6480,48638,1060,16325,500.0,-146385.0,570.0,-44229.0,-70.0,-510.0,160.0,225.0,-240.0,-1224.0,-140.0,-313.0,10.0,20.0,-500.0,-621.0,590.0,139.0,-200.0,-374.0,90.0,60.0,-250.0,-28.0,370.0,2450.0,420.0,2919.0,-1080.0,178.0,-370.0,-17480.0,-610.0,-1848.0,-640.0,-1519.0,-680.0,-577.0,-690.0,-583.0,50.0,42.0,630.0,-42796.0,0.0,-43392.0,80.0,-182.0,40.0,-1168.0,-100.0,-24778.0,-300.0,305.0
union,647.0,0.0,0.0,0.0,5944.0,IL,-70.0,40.0,-70.0,-50.0,-40.0,-330.0,-190.0,0.0,0.0,0.0,0.0,50.0,-10.0,10.0,-1290.0,-70.0,-1573.0,-60.0,-397.0,-190.0,-191.0,20.0,831.0,20.0,787.0,20.0,65.0,10.0,-984.0,-40.0,2534.0,20.0,1037.0,20.0,1679.0,0.0,-40.0,-211.0,20.0,239.0,-30.0,-4899.0,-80.0,-283.0,0.0,0.0,-10.0,-187.0,-20.0,112.0,0.0,-15.0,-20.0,-38.0,-20.0,-34.0,0.0,404.0,0.0,694.0,-452.0,350,3448,-20.0,163.0,20.0,85.0,-20.0,77.0,90,52,0.0,319.0,-30.0,-184.0,30,72,0,0,80,78,0,0,0.0,220.0,380,3397,0,0,-90.0,775.0,-80.0,-412.0,-10.0,56.0,20.0,24.0,-60.0,15.0,10.0,-8.0,0.0,-2.0,0.0,-8.0,20.0,8.0,-60.0,-31.0,-30.0,33.0,-30.0,-225.0,0.0,270.0,10.0,313.0,-110.0,20.0,-10.0,2684.0,10.0,-93.0,-10.0,-93.0,-80.0,-122.0,-20.0,-14.0,-20.0,-26.0,-40.0,-439.0,-70.0,-581.0,10.0,-1.0,0.0,18.0,-30.0,-374.0,-20.0,118.0
williamson,781.0,0.0,0.0,0.0,1672.0,IL,-330.0,-80.0,-150.0,-40.0,-40.0,-680.0,-230.0,-30.0,0.0,-40.0,0.0,630.0,-550.0,100.0,-7130.0,-310.0,-6923.0,-320.0,-4259.0,-360.0,1851.0,-200.0,928.0,-160.0,1124.0,-50.0,391.0,-20.0,-442.0,-160.0,-5777.0,60.0,-1791.0,220.0,6447.0,0.0,-140.0,448.0,80.0,1176.0,-30.0,-5280.0,-130.0,207.0,30.0,4.0,-20.0,-101.0,-40.0,173.0,-30.0,-146.0,20.0,-40.0,-110.0,-258.0,-10.0,52.0,10.0,-472.0,-3010.0,1380,13724,-90.0,-2516.0,90.0,165.0,-10.0,1008.0,450,236,30.0,-1357.0,-50.0,-84.0,110,395,110,56,480,502,150,186,-20.0,152.0,1630,12814,110,935,-10.0,-4124.0,-20.0,-2269.0,-60.0,-262.0,30.0,-9.0,-50.0,19.0,-40.0,-2.0,60.0,31.0,-60.0,-39.0,60.0,4.0,30.0,42.0,0.0,35.0,-20.0,-269.0,90.0,1077.0,90.0,1155.0,-340.0,86.0,-250.0,-3621.0,-160.0,-537.0,-150.0,-514.0,-110.0,-169.0,-100.0,-58.0,-10.0,-3.0,70.0,-2292.0,-20.0,-2618.0,10.0,-46.0,-20.0,92.0,-20.0,523.0,-220.0,-626.0
bond,37567.0,0.0,0.0,0.0,47357.0,IL,50.0,70.0,-10.0,0.0,0.0,80.0,20.0,10.0,20.0,-10.0,0.0,80.0,-60.0,30.0,-14273.0,50.0,-14463.0,30.0,6064.0,-20.0,-61.0,-10.0,-87.0,0.0,72.0,0.0,46.0,10.0,-408.0,-20.0,-2120.0,40.0,505.0,70.0,2165.0,10.0,10.0,126.0,-10.0,351.0,0.0,-2882.0,60.0,-190.0,10.0,6.0,0.0,-87.0,10.0,176.0,0.0,89.0,40.0,7.0,-20.0,-33.0,20.0,89.0,-10.0,-1560.0,-2931.0,390,3745,-30.0,-561.0,30.0,51.0,-20.0,443.0,120,28,-10.0,-944.0,-30.0,-78.0,20,45,20,1,130,139,30,49,-40.0,13.0,390,2924,20,59,10.0,-13401.0,40.0,-3009.0,-10.0,-74.0,-10.0,18.0,80.0,125.0,-10.0,-1.0,20.0,8.0,30.0,8.0,30.0,15.0,0.0,70.0,0.0,50.0,30.0,-119.0,20.0,431.0,40.0,439.0,-60.0,1.0,70.0,-2426.0,10.0,-22.0,-10.0,-18.0,-20.0,-24.0,10.0,35.0,20.0,18.0,50.0,-3168.0,50.0,-3217.0,0.0,6.0,-10.0,-49.0,0.0,-342.0,60.0,399.0
calhoun,2973.0,0.0,0.0,0.0,12306.0,IL,0.0,0.0,-20.0,10.0,-10.0,0.0,30.0,20.0,20.0,0.0,0.0,0.0,-10.0,-10.0,2867.0,0.0,3109.0,20.0,1533.0,-20.0,7.0,-30.0,-84.0,-10.0,-14.0,40.0,36.0,20.0,-38.0,-20.0,-848.0,10.0,370.0,40.0,-27.0,0.0,-40.0,-10.0,20.0,119.0,0.0,-115.0,20.0,242.0,10.0,0.0,0.0,0.0,0.0,46.0,-10.0,-50.0,20.0,-1.0,20.0,56.0,0.0,44.0,10.0,543.0,63.0,130,1649,10.0,-174.0,20.0,21.0,0.0,48.0,0,0,10.0,-149.0,-10.0,-39.0,0,0,0,0,0,0,0,0,10.0,-7.0,150,1034,0,0,-10.0,1106.0,0.0,237.0,0.0,0.0,-10.0,-14.0,-30.0,-11.0,-10.0,1.0,10.0,7.0,-10.0,-33.0,0.0,1.0,0.0,4.0,-10.0,-1.0,0.0,-1.0,10.0,159.0,0.0,122.0,-20.0,-1.0,10.0,614.0,-10.0,69.0,10.0,72.0,20.0,27.0,0.0,-17.0,-10.0,4.0,-10.0,238.0,0.0,264.0,0.0,0.0,0.0,0.0,40.0,72.0,-10.0,123.0
champaign,1629.0,0.0,0.0,0.0,5779.0,IL,-1410.0,-630.0,-650.0,-160.0,-270.0,-2710.0,-840.0,-160.0,150.0,-280.0,70.0,590.0,-440.0,470.0,-30545.0,-1360.0,-29928.0,-1720.0,3955.0,-590.0,1999.0,-530.0,-7804.0,-500.0,-5460.0,170.0,2812.0,390.0,5296.0,-590.0,40182.0,250.0,9010.0,180.0,8885.0,30.0,-310.0,18.0,240.0,4870.0,-40.0,-11025.0,20.0,617.0,20.0,10.0,-30.0,-940.0,40.0,1047.0,-150.0,-488.0,-260.0,-399.0,-20.0,-40.0,830.0,1461.0,-390.0,-24177.0,-26404.0,4130,50987,-840.0,-8404.0,390.0,767.0,-420.0,1058.0,1940,1150,-400.0,-6396.0,-210.0,-2070.0,420,1371,420,174,2300,2141,590,2973,-350.0,12862.0,4380,31807,300,2940,-1000.0,1667.0,-990.0,11702.0,-160.0,-1711.0,70.0,140.0,-500.0,575.0,-180.0,-175.0,-30.0,26.0,-300.0,-233.0,140.0,29.0,-260.0,-285.0,90.0,731.0,140.0,379.0,280.0,1618.0,300.0,1846.0,-810.0,198.0,-1230.0,17052.0,-170.0,-196.0,-160.0,-263.0,-160.0,-270.0,-360.0,-282.0,60.0,124.0,-940.0,9739.0,-1110.0,8936.0,70.0,408.0,-80.0,1051.0,-480.0,-1962.0,-750.0,4391.0
christian,1254.0,0.0,0.0,0.0,4110.0,IL,-120.0,-10.0,-120.0,10.0,-220.0,-310.0,-60.0,-10.0,-30.0,20.0,-30.0,430.0,-340.0,50.0,-2487.0,-120.0,-2064.0,-150.0,3.0,-220.0,-272.0,-90.0,-591.0,-20.0,-418.0,-190.0,122.0,0.0,-361.0,-50.0,-2267.0,10.0,1140.0,160.0,5164.0,-40.0,-60.0,-274.0,-20.0,672.0,-40.0,1629.0,10.0,423.0,0.0,-2.0,-10.0,-199.0,10.0,73.0,-20.0,94.0,0.0,-29.0,0.0,-8.0,170.0,600.0,-70.0,-534.0,-16672.0,620,7490,-110.0,-1655.0,70.0,139.0,-40.0,251.0,100,62,-70.0,-1178.0,-30.0,-209.0,20,82,0,0,160,148,70,155,-60.0,-248.0,530,4539,60,825,-30.0,-3222.0,-50.0,-718.0,0.0,-231.0,10.0,4.0,-10.0,11.0,10.0,-66.0,0.0,-17.0,-30.0,-19.0,30.0,10.0,-20.0,-50.0,-10.0,42.0,-50.0,-174.0,80.0,580.0,80.0,559.0,-210.0,27.0,-60.0,1470.0,-60.0,-86.0,-50.0,-77.0,0.0,5.0,-10.0,-4.0,20.0,42.0,-50.0,-729.0,-60.0,-880.0,0.0,-14.0,-20.0,-28.0,-70.0,-2213.0,0.0,284.0
dewitt,2842.0,0.0,0.0,0.0,7743.0,IL,-230.0,-110.0,-40.0,-60.0,-130.0,-370.0,-130.0,50.0,-20.0,70.0,0.0,190.0,-180.0,40.0,-5316.0,-230.0,-4343.0,-230.0,-8480.0,-50.0,-251.0,0.0,-65.0,-20.0,-14.0,-130.0,84.0,10.0,1252.0,0.0,-2702.0,20.0,876.0,90.0,2273.0,-20.0,0.0,180.0,60.0,268.0,10.0,-133.0,0.0,973.0,20.0,1.0,10.0,125.0,40.0,353.0,0.0,-28.0,-20.0,-6.0,0.0,-17.0,60.0,165.0,-60.0,-1312.0,-9663.0,370,4711,-100.0,-1171.0,30.0,50.0,-40.0,-108.0,120,47,-60.0,-1261.0,-50.0,-483.0,20,60,0,0,110,90,0,0,-20.0,146.0,270,1878,20,61,-160.0,-3170.0,-150.0,-410.0,-20.0,-41.0,30.0,63.0,-50.0,-61.0,0.0,-5.0,-10.0,-4.0,-50.0,-15.0,20.0,6.0,-40.0,-68.0,-20.0,0.0,10.0,230.0,30.0,188.0,50.0,266.0,-50.0,36.0,-200.0,-1669.0,-50.0,-62.0,-40.0,-22.0,-30.0,-22.0,-30.0,-16.0,0.0,-12.0,-170.0,-349.0,-180.0,-171.0,20.0,1.0,10.0,-88.0,10.0,373.0,-220.0,-716.0
greene,15827.0,0.0,0.0,0.0,31188.0,IL,-10.0,0.0,20.0,-10.0,-30.0,-10.0,0.0,0.0,0.0,0.0,0.0,130.0,-130.0,0.0,5460.0,0.0,5827.0,50.0,6069.0,-100.0,-29.0,-40.0,-33.0,-30.0,-16.0,10.0,29.0,-30.0,-43.0,-80.0,-2157.0,20.0,742.0,80.0,1804.0,0.0,-20.0,40.0,30.0,146.0,-20.0,455.0,50.0,367.0,10.0,-1.0,0.0,0.0,0.0,158.0,0.0,33.0,20.0,-25.0,10.0,31.0,70.0,240.0,30.0,-76.0,1327.0,230,2889,-50.0,-269.0,20.0,20.0,10.0,36.0,20,14,30.0,-320.0,0.0,23.0,0,0,0,0,40,39,0,0,0.0,110.0,220,2252,20,222,50.0,5384.0,60.0,1128.0,0.0,15.0,-20.0,0.0,20.0,4.0,20.0,1.0,0.0,-5.0,-20.0,-18.0,20.0,5.0,0.0,-8.0,-10.0,-6.0,-10.0,-11.0,20.0,393.0,10.0,352.0,-70.0,33.0,20.0,1202.0,0.0,-89.0,-30.0,-72.0,0.0,12.0,-10.0,-7.0,30.0,37.0,40.0,1107.0,50.0,1302.0,0.0,0.0,0.0,6.0,10.0,126.0,20.0,204.0
jersey,7332.0,0.0,0.0,0.0,14247.0,IL,-20.0,30.0,10.0,-50.0,-70.0,-90.0,-90.0,0.0,0.0,0.0,0.0,80.0,-20.0,90.0,10357.0,-10.0,10927.0,-50.0,7223.0,20.0,172.0,-30.0,148.0,-50.0,347.0,-30.0,123.0,30.0,-1237.0,-60.0,-1286.0,80.0,241.0,80.0,2612.0,-20.0,-70.0,-104.0,30.0,639.0,20.0,3795.0,40.0,570.0,0.0,1.0,0.0,-54.0,10.0,116.0,20.0,37.0,0.0,46.0,-20.0,-33.0,30.0,250.0,-10.0,-1139.0,4520.0,470,4568,-120.0,-675.0,90.0,197.0,-10.0,345.0,120,70,0.0,-157.0,-10.0,-292.0,40,96,50,4,220,230,50,143,-30.0,-390.0,520,3400,50,886,20.0,9930.0,50.0,2986.0,-10.0,-87.0,10.0,57.0,50.0,0.0,20.0,-4.0,-20.0,2.0,0.0,-9.0,60.0,13.0,-20.0,-23.0,10.0,20.0,50.0,23.0,50.0,577.0,60.0,645.0,-130.0,3.0,-10.0,2377.0,-40.0,-134.0,-50.0,-142.0,-70.0,-16.0,-20.0,4.0,10.0,19.0,30.0,2984.0,30.0,2970.0,0.0,1.0,-10.0,-20.0,40.0,775.0,-20.0,-22.0
macon,3665.0,0.0,0.0,0.0,8961.0,IL,-1080.0,-490.0,-530.0,-100.0,-880.0,-2200.0,-720.0,-60.0,-40.0,-20.0,-10.0,670.0,-550.0,-20.0,-22765.0,-1070.0,-22720.0,-860.0,-41913.0,-510.0,774.0,-430.0,1825.0,-340.0,2787.0,-70.0,587.0,-290.0,-3266.0,-250.0,22509.0,30.0,-141.0,160.0,5108.0,-10.0,-310.0,-424.0,-20.0,529.0,-30.0,-8883.0,-410.0,45.0,-20.0,-1.0,-20.0,169.0,0.0,355.0,-50.0,-55.0,-160.0,-316.0,-30.0,-4.0,80.0,376.0,-190.0,-4624.0,10464.0,2500,29158,-430.0,-5935.0,210.0,342.0,-150.0,1589.0,690,510,-210.0,-4054.0,-50.0,-1038.0,160,488,80,34,1090,1048,230,1254,-190.0,239.0,2040,15443,200,2572,-920.0,-8842.0,-820.0,-268.0,-50.0,-719.0,-20.0,29.0,-400.0,-656.0,-70.0,-388.0,-100.0,-47.0,-60.0,-8.0,110.0,34.0,-260.0,-338.0,-160.0,-63.0,-270.0,-813.0,40.0,903.0,40.0,977.0,-560.0,83.0,-990.0,-4587.0,-40.0,-263.0,-80.0,-144.0,-110.0,-91.0,-70.0,-52.0,-10.0,-8.0,-790.0,367.0,-1050.0,-251.0,-10.0,-37.0,20.0,-21.0,-550.0,3392.0,-470.0,-129.0
macoupin,30541.0,0.0,3.0,0.0,48799.0,IL,0.0,40.0,-50.0,-40.0,-60.0,-340.0,-270.0,40.0,30.0,0.0,10.0,360.0,-250.0,130.0,-26500.0,0.0,-24366.0,-50.0,634.0,-120.0,384.0,-140.0,-1709.0,-120.0,-1515.0,10.0,262.0,20.0,979.0,-130.0,-4343.0,10.0,-747.0,120.0,4266.0,-10.0,-80.0,171.0,40.0,877.0,0.0,4894.0,50.0,2134.0,20.0,4.0,10.0,207.0,0.0,397.0,20.0,248.0,20.0,11.0,10.0,4.0,80.0,1307.0,-90.0,-1893.0,-36241.0,920,11204,-140.0,-2628.0,70.0,152.0,-70.0,-192.0,200,120,-70.0,-2713.0,-40.0,-525.0,50,162,40,25,310,303,70,106,-70.0,-284.0,980,8218,90,1015,20.0,-25761.0,60.0,-7523.0,-30.0,-216.0,20.0,0.0,-30.0,-22.0,-50.0,-11.0,30.0,14.0,-10.0,-44.0,100.0,26.0,-70.0,-100.0,20.0,102.0,0.0,313.0,130.0,1332.0,140.0,1364.0,-210.0,75.0,20.0,1316.0,-30.0,-73.0,-10.0,-75.0,-10.0,-19.0,-80.0,-64.0,60.0,43.0,70.0,-7510.0,-10.0,-7217.0,0.0,14.0,-20.0,-64.0,-10.0,618.0,50.0,-548.0
montgomery,2028.0,0.0,0.0,0.0,6918.0,IL,-80.0,50.0,-60.0,-70.0,-60.0,-360.0,-220.0,70.0,70.0,0.0,30.0,290.0,-300.0,70.0,-5767.0,-90.0,-5210.0,-100.0,-8370.0,-160.0,11.0,-80.0,110.0,-60.0,229.0,30.0,281.0,30.0,264.0,-60.0,-1135.0,40.0,1254.0,100.0,4433.0,10.0,-100.0,-532.0,50.0,1191.0,-40.0,-3430.0,-10.0,557.0,0.0,2.0,0.0,0.0,0.0,157.0,10.0,14.0,-10.0,16.0,0.0,7.0,-20.0,202.0,-40.0,-1331.0,-13294.0,530,7173,-80.0,-1392.0,40.0,69.0,-30.0,156.0,100,55,-30.0,-1148.0,-40.0,-216.0,20,80,0,0,140,122,50,70,-30.0,-399.0,540,4840,40,410,-50.0,-3164.0,-20.0,-1869.0,-20.0,-76.0,-10.0,17.0,-90.0,153.0,0.0,2.0,50.0,33.0,-60.0,-62.0,70.0,11.0,-100.0,-154.0,10.0,157.0,40.0,328.0,70.0,764.0,60.0,798.0,-50.0,110.0,-40.0,-1917.0,-70.0,-188.0,-90.0,-198.0,-40.0,-14.0,-70.0,-72.0,50.0,41.0,20.0,-2022.0,-20.0,-1516.0,-20.0,-49.0,-10.0,39.0,40.0,-474.0,-70.0,-760.0
mclean,32879.0,0.0,0.0,0.0,63426.0,IL,-1190.0,-540.0,-590.0,-110.0,-580.0,-2640.0,-1100.0,20.0,-20.0,60.0,-30.0,590.0,-490.0,560.0,-55129.0,-1180.0,-51332.0,-1510.0,-65707.0,-170.0,1082.0,-310.0,2457.0,-340.0,3136.0,-470.0,1846.0,50.0,460.0,-400.0,-40526.0,370.0,5079.0,960.0,36866.0,10.0,-210.0,3496.0,330.0,6210.0,-40.0,-5703.0,20.0,3797.0,100.0,18.0,-40.0,-194.0,40.0,1198.0,10.0,48.0,-220.0,-361.0,-110.0,-156.0,330.0,671.0,-400.0,-7421.0,-21019.0,4570,53257,-850.0,-7843.0,490.0,868.0,-400.0,3042.0,2410,1399,-410.0,-3858.0,-330.0,-4179.0,460,1592,350,212,2630,2973,430,1261,-410.0,3199.0,3940,28447,350,2737,-1120.0,-19909.0,-1010.0,1398.0,-130.0,-906.0,110.0,103.0,-470.0,-427.0,-50.0,-123.0,40.0,60.0,-390.0,-522.0,90.0,46.0,-380.0,-493.0,260.0,186.0,150.0,667.0,300.0,1609.0,380.0,1731.0,-620.0,100.0,-1130.0,10232.0,10.0,98.0,60.0,53.0,-180.0,-293.0,-430.0,-514.0,70.0,119.0,-840.0,2226.0,-940.0,2737.0,10.0,248.0,0.0,-244.0,-910.0,-4386.0,-280.0,613.0
piatt,6555.0,0.0,27.0,0.0,29421.0,IL,-50.0,40.0,-40.0,0.0,-90.0,-110.0,-70.0,20.0,0.0,20.0,0.0,100.0,-100.0,40.0,7609.0,-40.0,7675.0,-70.0,9682.0,-110.0,-381.0,-50.0,-109.0,-60.0,2.0,-20.0,168.0,20.0,211.0,-70.0,-4714.0,70.0,1764.0,70.0,1560.0,-10.0,-60.0,-81.0,-10.0,72.0,10.0,-7854.0,-20.0,66.0,-40.0,-6.0,-10.0,-155.0,-10.0,144.0,20.0,50.0,-30.0,4.0,10.0,-4.0,100.0,95.0,-30.0,-967.0,9748.0,410,4712,-60.0,-519.0,20.0,82.0,-20.0,41.0,120,66,-30.0,-496.0,-10.0,-135.0,20,33,30,4,190,184,30,24,-60.0,-272.0,380,2469,30,152,30.0,9940.0,40.0,4181.0,-30.0,-82.0,0.0,10.0,-20.0,202.0,-30.0,-17.0,30.0,3.0,-10.0,13.0,40.0,6.0,-30.0,-27.0,10.0,66.0,10.0,89.0,30.0,123.0,40.0,225.0,-70.0,10.0,-10.0,5758.0,-10.0,7.0,-10.0,-4.0,20.0,46.0,0.0,12.0,0.0,-21.0,10.0,4069.0,-10.0,4120.0,0.0,97.0,0.0,-56.0,-20.0,-1189.0,-30.0,204.0
sangamon,55053.0,0.0,0.0,0.0,84088.0,IL,-1280.0,-420.0,-420.0,-500.0,-420.0,-2820.0,-1200.0,30.0,30.0,10.0,-20.0,1340.0,-1430.0,460.0,-43639.0,-1260.0,-46781.0,-1560.0,-31777.0,-210.0,-372.0,-380.0,3228.0,-330.0,5163.0,-310.0,2608.0,10.0,-7353.0,-460.0,-34041.0,250.0,5659.0,750.0,37468.0,10.0,-680.0,-2800.0,430.0,11339.0,10.0,-12895.0,-340.0,-3142.0,60.0,17.0,-10.0,-897.0,30.0,-893.0,-50.0,-154.0,-260.0,-525.0,-60.0,-242.0,290.0,-247.0,-160.0,-10849.0,-45963.0,4630,56678,-800.0,-15365.0,540.0,907.0,-270.0,898.0,1790,1252,-210.0,-13611.0,-150.0,-1478.0,380,1233,400,202,2780,2756,670,1874,-320.0,1069.0,4630,33047,560,7150,-600.0,-25866.0,-470.0,-7210.0,-90.0,-1120.0,20.0,159.0,-430.0,184.0,-50.0,301.0,-60.0,-35.0,-300.0,-254.0,80.0,38.0,-250.0,-305.0,90.0,284.0,-150.0,-1134.0,270.0,1985.0,310.0,2105.0,-860.0,201.0,-1120.0,-2705.0,-510.0,-1521.0,-510.0,-1240.0,-420.0,-454.0,-500.0,-455.0,130.0,163.0,-300.0,-7748.0,-750.0,-10213.0,60.0,-69.0,0.0,-709.0,-500.0,-12188.0,-700.0,-3395.0
dekalb,0.0,0.0,0.0,0.0,6625.0,IL,-480.0,-120.0,-170.0,-200.0,-210.0,-1660.0,-1040.0,-160.0,-50.0,-110.0,-20.0,250.0,150.0,190.0,-80990.0,-460.0,-81789.0,-520.0,9168.0,-110.0,-210.0,-210.0,-1874.0,-230.0,-1206.0,-190.0,580.0,20.0,-3023.0,-70.0,-76243.0,80.0,1399.0,310.0,6579.0,-20.0,-170.0,-530.0,80.0,1296.0,-40.0,-18769.0,-250.0,-799.0,-40.0,-9.0,-10.0,-213.0,20.0,941.0,-80.0,-197.0,-120.0,-287.0,-20.0,-112.0,-20.0,-1014.0,-240.0,-4854.0,-99937.0,3170,31873,-440.0,-7000.0,180.0,310.0,-220.0,1682.0,1130,674,-250.0,-4989.0,-170.0,-3386.0,260,779,350,114,1880,2161,210,711,-290.0,248.0,3470,22057,210,1431,-80.0,-74613.0,-50.0,-16713.0,-40.0,-769.0,30.0,-12.0,-130.0,-273.0,100.0,51.0,10.0,46.0,-40.0,21.0,190.0,35.0,-240.0,-375.0,-80.0,1.0,0.0,-352.0,210.0,1869.0,200.0,1879.0,-380.0,166.0,-370.0,-3128.0,-10.0,73.0,-40.0,69.0,-300.0,-889.0,-150.0,-118.0,110.0,98.0,50.0,-16491.0,-20.0,-17500.0,20.0,34.0,-20.0,-695.0,-320.0,-11804.0,-70.0,1856.0
clark,0.0,0.0,0.0,0.0,5409.0,IL,-50.0,-30.0,-60.0,40.0,-100.0,-130.0,-10.0,-10.0,0.0,-10.0,0.0,130.0,-130.0,0.0,3290.0,-50.0,2921.0,-60.0,1564.0,-40.0,-208.0,-40.0,-974.0,-30.0,-833.0,50.0,162.0,-10.0,-1607.0,-20.0,5620.0,-10.0,309.0,0.0,31.0,-30.0,-50.0,-155.0,30.0,533.0,0.0,-9443.0,-70.0,-369.0,0.0,3.0,10.0,8.0,-20.0,-27.0,10.0,66.0,-20.0,-49.0,0.0,8.0,-40.0,-119.0,-40.0,-642.0,1447.0,350,4489,-60.0,-788.0,60.0,120.0,10.0,255.0,90,45,-30.0,735.0,10.0,28.0,0,0,0,0,70,80,0,0,-50.0,311.0,380,3730,0,0,-80.0,4122.0,-60.0,5747.0,0.0,-31.0,10.0,8.0,-40.0,23.0,-10.0,-19.0,20.0,22.0,-10.0,5.0,30.0,14.0,10.0,-6.0,-20.0,-8.0,0.0,46.0,40.0,108.0,50.0,92.0,-120.0,25.0,-90.0,-1014.0,10.0,53.0,20.0,46.0,20.0,-10.0,-10.0,-3.0,10.0,13.0,-70.0,5724.0,-70.0,5713.0,10.0,12.0,10.0,29.0,20.0,424.0,-70.0,-308.0
clay,0.0,0.0,0.0,0.0,15537.0,IL,-80.0,-30.0,-80.0,30.0,-10.0,-130.0,-20.0,-20.0,-20.0,0.0,-10.0,90.0,-20.0,10.0,-1871.0,-80.0,-1843.0,-80.0,1074.0,-40.0,15.0,-50.0,63.0,-60.0,116.0,-20.0,121.0,-20.0,-655.0,-20.0,-549.0,30.0,401.0,40.0,875.0,0.0,-110.0,-415.0,-10.0,45.0,0.0,-1383.0,20.0,28.0,0.0,1.0,0.0,0.0,10.0,102.0,0.0,55.0,10.0,-5.0,-10.0,8.0,30.0,24.0,-20.0,-727.0,-1080.0,240,2764,-40.0,-625.0,40.0,51.0,-10.0,-6.0,20,8,-20.0,-584.0,0.0,103.0,0,0,0,0,0,0,20,22,-40.0,89.0,210,2326,0,0,-20.0,-574.0,-20.0,52.0,0.0,-34.0,-20.0,0.0,0.0,-37.0,0.0,1.0,0.0,0.0,-20.0,2.0,30.0,3.0,-20.0,-46.0,0.0,-8.0,10.0,-50.0,-10.0,283.0,-10.0,282.0,-160.0,22.0,-50.0,114.0,0.0,97.0,0.0,92.0,20.0,52.0,0.0,-7.0,0.0,9.0,-40.0,88.0,-30.0,131.0,20.0,23.0,0.0,-3.0,50.0,40.0,-90.0,90.0
clinton,0.0,0.0,0.0,0.0,17774.0,IL,-20.0,-50.0,40.0,-40.0,-40.0,-10.0,-110.0,-90.0,-30.0,-60.0,0.0,250.0,-210.0,80.0,-9243.0,-30.0,-10531.0,-60.0,12866.0,70.0,1960.0,-50.0,1139.0,-40.0,1040.0,-60.0,253.0,50.0,3241.0,-70.0,-16023.0,40.0,161.0,160.0,3925.0,0.0,-80.0,152.0,90.0,1493.0,60.0,-7681.0,150.0,-1288.0,40.0,10.0,10.0,-123.0,-20.0,412.0,10.0,114.0,70.0,25.0,-20.0,-13.0,10.0,365.0,40.0,2239.0,-10579.0,940,10228,-60.0,-934.0,90.0,130.0,60.0,1457.0,250,129,50.0,709.0,30.0,66.0,70,197,160,28,340,319,90,67,-20.0,1926.0,1090,7353,100,878,70.0,-11353.0,90.0,-2279.0,-20.0,-112.0,20.0,40.0,30.0,701.0,10.0,17.0,40.0,23.0,-90.0,-46.0,50.0,11.0,30.0,51.0,70.0,143.0,10.0,-11.0,80.0,854.0,90.0,901.0,-130.0,44.0,90.0,-1826.0,10.0,-35.0,-10.0,-69.0,-20.0,-128.0,-70.0,-44.0,20.0,42.0,60.0,-2811.0,10.0,-2981.0,10.0,37.0,0.0,-232.0,-70.0,-382.0,90.0,404.0
coles,0.0,0.0,0.0,0.0,7581.0,IL,-370.0,-140.0,-130.0,-60.0,-110.0,-670.0,-230.0,-70.0,-70.0,0.0,0.0,320.0,-290.0,50.0,-50888.0,-380.0,-51030.0,-320.0,-15838.0,-200.0,-941.0,-140.0,284.0,-120.0,713.0,-50.0,236.0,-70.0,289.0,-120.0,-4642.0,10.0,-779.0,140.0,6005.0,0.0,-220.0,119.0,100.0,547.0,30.0,-15552.0,-170.0,-142.0,-40.0,-5.0,-10.0,-261.0,-30.0,23.0,0.0,-29.0,-80.0,-94.0,-60.0,-85.0,100.0,215.0,-170.0,-3851.0,-50263.0,830,10458,-170.0,-3965.0,-10.0,66.0,-90.0,259.0,220,113,-150.0,-3421.0,-20.0,-372.0,40,132,30,12,220,193,80,142,-140.0,-267.0,750,5638,60,506,-230.0,-42110.0,-200.0,-11672.0,-20.0,-159.0,40.0,43.0,-90.0,-134.0,-10.0,13.0,-50.0,-7.0,-10.0,-22.0,50.0,22.0,-60.0,-98.0,-30.0,9.0,-120.0,-282.0,90.0,515.0,80.0,591.0,-190.0,97.0,-340.0,-11342.0,-110.0,-260.0,-80.0,-258.0,-40.0,-50.0,-60.0,-62.0,30.0,30.0,-150.0,-12222.0,-240.0,-12811.0,0.0,-31.0,-10.0,-58.0,-80.0,-3946.0,-260.0,-723.0
crawford,0.0,0.0,0.0,0.0,4948.0,IL,-140.0,-60.0,-50.0,-30.0,-200.0,-280.0,-90.0,0.0,0.0,0.0,0.0,200.0,-240.0,-10.0,-6160.0,-140.0,-5863.0,-110.0,-6350.0,-130.0,-66.0,-50.0,-157.0,-30.0,-86.0,-60.0,220.0,0.0,147.0,-70.0,-3394.0,10.0,2836.0,-80.0,-488.0,10.0,-60.0,314.0,50.0,487.0,-10.0,-387.0,-20.0,297.0,10.0,4.0,-10.0,-69.0,10.0,69.0,-10.0,-61.0,-10.0,6.0,20.0,55.0,-10.0,287.0,-40.0,-1168.0,-10941.0,390,4435,-100.0,-1079.0,50.0,72.0,-70.0,248.0,100,58,-50.0,-776.0,-20.0,-74.0,0,0,0,0,40,40,0,0,-50.0,-34.0,320,2803,0,0,-20.0,-6057.0,-20.0,-1185.0,-10.0,-85.0,30.0,-1.0,-20.0,-70.0,-10.0,-16.0,20.0,16.0,-40.0,-50.0,60.0,16.0,10.0,3.0,-20.0,-34.0,-10.0,66.0,20.0,386.0,20.0,414.0,-60.0,64.0,-110.0,-1552.0,-30.0,-169.0,-20.0,-162.0,-40.0,-35.0,-30.0,-29.0,-10.0,-6.0,10.0,-969.0,-60.0,-932.0,0.0,-19.0,0.0,27.0,-10.0,-724.0,-130.0,-1246.0
cumberland,0.0,0.0,0.0,0.0,7242.0,IL,-40.0,-10.0,-30.0,-20.0,10.0,-130.0,-100.0,0.0,0.0,0.0,0.0,60.0,-60.0,30.0,-3097.0,-30.0,-3044.0,-20.0,-1034.0,-10.0,-132.0,-30.0,173.0,-20.0,19.0,0.0,58.0,-20.0,-1476.0,-30.0,561.0,-10.0,789.0,20.0,546.0,-10.0,-40.0,-58.0,20.0,518.0,0.0,-1536.0,20.0,53.0,0.0,-1.0,0.0,0.0,0.0,-45.0,10.0,45.0,0.0,-4.0,-10.0,-17.0,20.0,70.0,-30.0,-1037.0,-5486.0,220,2520,-30.0,-559.0,10.0,16.0,-40.0,78.0,20,4,-40.0,-443.0,-10.0,67.0,0,0,0,0,40,43,0,0,-50.0,29.0,190,1914,0,0,20.0,-106.0,40.0,-472.0,-10.0,-26.0,0.0,17.0,-20.0,-32.0,-20.0,1.0,10.0,1.0,0.0,2.0,10.0,4.0,-10.0,-34.0,0.0,-16.0,10.0,-40.0,30.0,177.0,30.0,179.0,-50.0,7.0,0.0,-731.0,10.0,-47.0,30.0,-45.0,0.0,-20.0,-20.0,-11.0,10.0,4.0,-20.0,-188.0,0.0,-176.0,0.0,0.0,0.0,16.0,10.0,247.0,10.0,-248.0
douglas,0.0,0.0,0.0,0.0,6782.0,IL,-80.0,-10.0,-70.0,-20.0,-90.0,-160.0,-50.0,-10.0,0.0,-10.0,0.0,80.0,-90.0,0.0,-24284.0,-70.0,-24087.0,-70.0,-8273.0,-20.0,-189.0,-10.0,190.0,-30.0,111.0,-30.0,81.0,10.0,1186.0,-110.0,-9298.0,-30.0,-87.0,-50.0,-5915.0,-30.0,-30.0,62.0,-40.0,253.0,30.0,-2843.0,30.0,197.0,-10.0,2.0,10.0,-36.0,-30.0,67.0,0.0,-41.0,20.0,39.0,0.0,4.0,100.0,89.0,-30.0,-743.0,-19318.0,520,6418,-70.0,-1207.0,30.0,9.0,0.0,236.0,90,53,-30.0,-954.0,-20.0,-30.0,0,0,0,0,130,134,30,56,-30.0,-259.0,380,3163,0,0,-70.0,-23163.0,-60.0,-5776.0,-20.0,-144.0,0.0,0.0,-100.0,-102.0,-40.0,-89.0,10.0,10.0,-10.0,-8.0,70.0,8.0,-60.0,-65.0,-40.0,23.0,0.0,-132.0,30.0,194.0,20.0,141.0,-120.0,37.0,-60.0,-3083.0,-10.0,22.0,10.0,12.0,10.0,-23.0,10.0,5.0,10.0,48.0,-30.0,-5679.0,-50.0,-6557.0,0.0,-14.0,-30.0,-188.0,-60.0,-1956.0,-10.0,940.0
edgar,0.0,0.0,0.0,0.0,2983.0,IL,-30.0,30.0,-70.0,20.0,-110.0,-140.0,-10.0,50.0,0.0,50.0,0.0,270.0,-290.0,30.0,826.0,-40.0,1915.0,-50.0,1770.0,-50.0,-232.0,-80.0,-100.0,-50.0,-48.0,0.0,38.0,-10.0,-7.0,-70.0,-3418.0,-10.0,469.0,60.0,197.0,10.0,-70.0,-251.0,20.0,137.0,0.0,4817.0,70.0,1089.0,-10.0,1.0,0.0,109.0,-10.0,303.0,-10.0,-78.0,30.0,36.0,0.0,23.0,130.0,429.0,-20.0,-1005.0,-4367.0,400,5917,-70.0,-1129.0,30.0,51.0,-30.0,204.0,70,22,-40.0,-877.0,-20.0,-75.0,0,0,0,0,70,45,20,13,-20.0,-352.0,380,3347,0,0,-10.0,1580.0,20.0,1009.0,-20.0,-128.0,10.0,11.0,-40.0,14.0,10.0,1.0,30.0,17.0,-20.0,4.0,10.0,5.0,-10.0,-16.0,10.0,16.0,10.0,249.0,30.0,239.0,60.0,238.0,-110.0,42.0,-30.0,-812.0,-10.0,-1.0,-20.0,5.0,-10.0,-15.0,-20.0,-10.0,10.0,29.0,50.0,947.0,20.0,1114.0,0.0,9.0,-20.0,-85.0,40.0,1768.0,-10.0,-107.0
edwards,0.0,0.0,0.0,0.0,15365.0,IL,-70.0,-60.0,-10.0,20.0,-90.0,-120.0,-10.0,0.0,0.0,0.0,0.0,70.0,-60.0,0.0,-3076.0,-70.0,-3072.0,-50.0,-2948.0,-30.0,-157.0,-50.0,-422.0,-90.0,-395.0,10.0,27.0,-30.0,-260.0,-20.0,1067.0,0.0,-97.0,-20.0,1751.0,-10.0,-10.0,-58.0,-20.0,-190.0,20.0,-476.0,-20.0,4.0,-10.0,-2.0,0.0,0.0,-30.0,-26.0,-10.0,30.0,0.0,-2.0,-10.0,-10.0,120.0,135.0,-10.0,-509.0,-15.0,110,1111,-30.0,-251.0,10.0,9.0,-30.0,-49.0,0,0,-10.0,-248.0,0.0,-52.0,0,0,0,0,0,0,0,0,-10.0,-86.0,70,674,0,0,-60.0,-1238.0,-70.0,-94.0,0.0,0.0,10.0,41.0,-20.0,-51.0,-20.0,-1.0,10.0,4.0,0.0,-6.0,30.0,16.0,-50.0,-43.0,0.0,8.0,-50.0,-54.0,0.0,130.0,20.0,191.0,-60.0,14.0,-30.0,-340.0,10.0,20.0,20.0,11.0,0.0,8.0,10.0,-6.0,0.0,-10.0,-80.0,-35.0,-50.0,-29.0,0.0,0.0,0.0,0.0,-10.0,196.0,-60.0,-33.0
effingham,0.0,0.0,0.0,0.0,8253.0,IL,-230.0,-200.0,30.0,-70.0,-120.0,-430.0,-280.0,-10.0,-10.0,0.0,-30.0,150.0,-170.0,60.0,-3747.0,-230.0,-3132.0,-220.0,11580.0,0.0,298.0,-20.0,647.0,0.0,801.0,20.0,754.0,-20.0,-1230.0,-110.0,-27041.0,50.0,1744.0,170.0,1619.0,-20.0,-10.0,377.0,120.0,1371.0,50.0,5194.0,-40.0,615.0,10.0,4.0,0.0,500.0,-30.0,488.0,-10.0,9.0,0.0,39.0,-10.0,-4.0,50.0,-156.0,10.0,-1788.0,-8793.0,790,9679,-70.0,-2490.0,50.0,125.0,20.0,769.0,120,53,10.0,-1576.0,50.0,47.0,30,93,30,6,180,163,150,1054,-20.0,-1117.0,790,7619,70,692,-50.0,-4585.0,-60.0,-404.0,-40.0,-608.0,20.0,108.0,0.0,225.0,-70.0,-178.0,40.0,29.0,-10.0,-30.0,130.0,46.0,0.0,61.0,40.0,132.0,-60.0,-97.0,100.0,1069.0,100.0,1075.0,-270.0,49.0,-180.0,3315.0,-180.0,-476.0,-200.0,-449.0,-190.0,-243.0,-10.0,-31.0,50.0,55.0,30.0,-629.0,-30.0,-1209.0,-10.0,51.0,10.0,-422.0,-60.0,-3783.0,-200.0,-1027.0
fayette,0.0,0.0,0.0,0.0,5660.0,IL,-130.0,-120.0,-30.0,40.0,-200.0,-160.0,-30.0,-10.0,-10.0,0.0,-10.0,190.0,-170.0,20.0,-9423.0,-140.0,-9159.0,-120.0,492.0,-80.0,86.0,-50.0,-524.0,-20.0,-379.0,-40.0,74.0,-30.0,-486.0,-90.0,-5026.0,-40.0,72.0,40.0,2026.0,-20.0,-20.0,120.0,50.0,150.0,10.0,-2939.0,30.0,264.0,0.0,2.0,0.0,18.0,30.0,367.0,0.0,-56.0,20.0,26.0,10.0,-18.0,50.0,-73.0,-10.0,-81.0,-8637.0,500,6160,-70.0,-563.0,70.0,30.0,20.0,112.0,60,23,10.0,-502.0,40.0,145.0,0,0,0,0,90,83,30,4,-20.0,31.0,470,4825,30,459,-50.0,-7125.0,-30.0,-1956.0,-10.0,-48.0,10.0,-24.0,0.0,82.0,-20.0,-2.0,0.0,16.0,-20.0,-27.0,50.0,11.0,-20.0,21.0,30.0,58.0,-30.0,-91.0,20.0,447.0,20.0,407.0,-150.0,23.0,-70.0,-784.0,-10.0,-15.0,-40.0,29.0,-30.0,-30.0,-30.0,-21.0,-10.0,10.0,-50.0,-2040.0,-80.0,-2124.0,0.0,6.0,-10.0,-58.0,-20.0,-1225.0,-30.0,215.0
ford,0.0,0.0,0.0,0.0,2014.0,IL,0.0,20.0,0.0,10.0,-70.0,-60.0,-70.0,0.0,0.0,0.0,0.0,80.0,-80.0,40.0,-2565.0,0.0,-2585.0,0.0,1274.0,-10.0,-142.0,-30.0,198.0,-40.0,319.0,0.0,92.0,20.0,423.0,-20.0,-2796.0,30.0,1631.0,50.0,-613.0,-20.0,-30.0,-18.0,0.0,-78.0,10.0,817.0,-20.0,-20.0,-20.0,-5.0,10.0,-71.0,10.0,37.0,0.0,30.0,30.0,27.0,10.0,2.0,70.0,141.0,50.0,55.0,3836.0,410,5801,20.0,-275.0,10.0,48.0,70.0,405.0,60,21,40.0,240.0,60.0,213.0,0,0,0,0,120,90,20,6,30.0,63.0,280,1862,0,0,0.0,-2355.0,20.0,-373.0,-10.0,-122.0,20.0,3.0,-40.0,-23.0,10.0,3.0,20.0,5.0,-40.0,-23.0,50.0,13.0,-40.0,-56.0,0.0,0.0,-50.0,-270.0,40.0,268.0,20.0,287.0,-80.0,17.0,30.0,228.0,10.0,27.0,20.0,21.0,-10.0,10.0,-40.0,-33.0,10.0,-7.0,10.0,-342.0,0.0,-664.0,0.0,5.0,0.0,-38.0,-50.0,-757.0,80.0,248.0
gallatin,0.0,0.0,0.0,0.0,3304.0,IL,-60.0,-20.0,-30.0,-10.0,-20.0,-120.0,-60.0,0.0,0.0,0.0,0.0,60.0,-70.0,-20.0,-3344.0,-60.0,-2968.0,-30.0,-4327.0,-10.0,-172.0,-50.0,-54.0,-20.0,4.0,10.0,90.0,-20.0,337.0,0.0,-1705.0,10.0,142.0,30.0,539.0,0.0,30.0,289.0,-10.0,-29.0,-20.0,3287.0,0.0,376.0,10.0,1.0,0.0,0.0,-20.0,78.0,0.0,-3.0,10.0,17.0,20.0,30.0,30.0,237.0,-40.0,-1174.0,-5860.0,80,868,-40.0,-589.0,20.0,16.0,-40.0,12.0,20,4,-60.0,-597.0,-40.0,-84.0,0,0,0,0,0,0,0,0,-40.0,-322.0,70,625,0,0,-10.0,-2349.0,-30.0,-122.0,-30.0,-129.0,0.0,-10.0,10.0,-52.0,10.0,-1.0,10.0,-1.0,10.0,8.0,40.0,1.0,-20.0,-35.0,0.0,4.0,10.0,50.0,10.0,133.0,20.0,132.0,-20.0,14.0,-60.0,-997.0,0.0,-8.0,0.0,-38.0,-10.0,-21.0,0.0,2.0,10.0,9.0,-20.0,-44.0,-20.0,25.0,0.0,0.0,-10.0,-18.0,0.0,479.0,-60.0,-229.0
hamilton,0.0,0.0,0.0,0.0,1819.0,IL,-10.0,10.0,0.0,-10.0,-20.0,-10.0,-20.0,0.0,0.0,0.0,0.0,110.0,-120.0,0.0,1545.0,-10.0,1595.0,-10.0,-3158.0,-10.0,219.0,-70.0,57.0,-10.0,126.0,20.0,90.0,40.0,-378.0,20.0,2467.0,20.0,384.0,80.0,1300.0,10.0,40.0,340.0,50.0,500.0,10.0,862.0,30.0,50.0,10.0,2.0,0.0,0.0,0.0,125.0,-10.0,-15.0,0.0,6.0,-10.0,-16.0,100.0,-57.0,10.0,-318.0,521.0,160,1818,-30.0,-504.0,30.0,2.0,10.0,130.0,20,6,10.0,-375.0,0.0,16.0,0,0,0,0,30,22,0,0,-10.0,92.0,130,1044,0,0,0.0,2096.0,10.0,258.0,0.0,0.0,0.0,8.0,10.0,7.0,0.0,1.0,0.0,3.0,10.0,3.0,30.0,5.0,-10.0,-42.0,10.0,5.0,10.0,-61.0,10.0,241.0,30.0,233.0,-70.0,15.0,20.0,504.0,-20.0,-11.0,-10.0,-45.0,-10.0,26.0,-10.0,5.0,20.0,29.0,0.0,177.0,30.0,215.0,0.0,0.0,0.0,46.0,30.0,-304.0,10.0,-76.0
hardin,0.0,0.0,0.0,0.0,4435.0,IL,10.0,0.0,-10.0,10.0,80.0,-10.0,-10.0,0.0,0.0,0.0,0.0,40.0,10.0,-20.0,-1370.0,10.0,-1271.0,20.0,-959.0,-20.0,-28.0,0.0,34.0,-10.0,-5.0,10.0,39.0,40.0,212.0,0.0,-405.0,-10.0,-91.0,20.0,470.0,-10.0,20.0,137.0,-10.0,98.0,-10.0,-1224.0,30.0,99.0,0.0,1.0,0.0,0.0,0.0,34.0,0.0,0.0,0.0,4.0,0.0,0.0,0.0,0.0,-10.0,-226.0,-541.0,40,413,-10.0,-143.0,10.0,10.0,-20.0,-45.0,0,0,-20.0,-407.0,-20.0,-2.0,0,0,0,0,0,0,0,0,0.0,-38.0,70,804,0,0,0.0,-800.0,-10.0,-94.0,0.0,0.0,30.0,21.0,10.0,14.0,-10.0,2.0,0.0,0.0,20.0,16.0,10.0,2.0,10.0,-22.0,10.0,5.0,0.0,31.0,20.0,83.0,20.0,112.0,0.0,1.0,10.0,-724.0,20.0,63.0,20.0,61.0,20.0,17.0,10.0,9.0,0.0,0.0,0.0,-145.0,10.0,-104.0,0.0,0.0,0.0,0.0,-10.0,-2.0,-10.0,91.0
jasper,0.0,0.0,0.0,0.0,5199.0,IL,0.0,40.0,0.0,10.0,-30.0,-10.0,-20.0,0.0,0.0,0.0,0.0,90.0,-80.0,20.0,-1749.0,0.0,-1404.0,10.0,3702.0,-50.0,84.0,-60.0,-230.0,-40.0,-195.0,40.0,106.0,0.0,-814.0,10.0,-1179.0,40.0,-161.0,0.0,1524.0,-10.0,-40.0,93.0,-10.0,321.0,10.0,-2063.0,40.0,345.0,10.0,3.0,-20.0,-277.0,-30.0,74.0,10.0,89.0,-10.0,-11.0,-10.0,-14.0,70.0,287.0,-20.0,-960.0,-2223.0,260,3928,-50.0,-713.0,20.0,28.0,-20.0,-60.0,0,0,-30.0,-749.0,-20.0,-33.0,0,0,0,0,30,24,20,25,-20.0,124.0,220,2592,0,0,-20.0,-584.0,0.0,-439.0,-10.0,-25.0,0.0,1.0,-30.0,-35.0,-10.0,-2.0,0.0,-6.0,0.0,5.0,20.0,10.0,-30.0,-45.0,10.0,39.0,-30.0,-124.0,30.0,308.0,50.0,302.0,-60.0,29.0,20.0,448.0,50.0,63.0,0.0,57.0,-10.0,13.0,-10.0,2.0,10.0,25.0,10.0,-411.0,20.0,-558.0,0.0,0.0,0.0,-6.0,-50.0,-485.0,60.0,168.0
johnson,0.0,0.0,0.0,0.0,5179.0,IL,-100.0,-70.0,-30.0,0.0,-90.0,-80.0,10.0,0.0,20.0,-20.0,20.0,90.0,-110.0,0.0,-3016.0,-110.0,-2944.0,-80.0,-2696.0,-70.0,-1.0,-10.0,-133.0,-30.0,-99.0,-80.0,-12.0,-20.0,-517.0,10.0,543.0,30.0,145.0,-10.0,-78.0,20.0,-20.0,126.0,10.0,707.0,0.0,538.0,-10.0,72.0,30.0,10.0,0.0,0.0,0.0,61.0,0.0,-14.0,30.0,5.0,-10.0,1.0,0.0,0.0,0.0,150.0,-2541.0,250,2473,-50.0,-288.0,40.0,47.0,0.0,-11.0,60,23,0.0,-256.0,-10.0,-54.0,0,0,0,0,50,47,0,0,0.0,20.0,290,2430,0,0,-70.0,-1959.0,-50.0,-459.0,-10.0,-75.0,-10.0,8.0,20.0,14.0,10.0,0.0,0.0,4.0,-10.0,6.0,30.0,7.0,10.0,-23.0,10.0,14.0,-60.0,-45.0,20.0,245.0,20.0,223.0,-60.0,11.0,-90.0,-429.0,-10.0,-23.0,10.0,-13.0,20.0,7.0,-10.0,7.0,10.0,18.0,-80.0,-512.0,-60.0,-534.0,0.0,0.0,-20.0,-14.0,10.0,-33.0,-100.0,27.0
lawrence,0.0,0.0,0.0,0.0,14720.0,IL,-100.0,-50.0,-10.0,-30.0,-90.0,-100.0,10.0,0.0,0.0,0.0,0.0,260.0,-230.0,10.0,-1735.0,-100.0,-1450.0,-70.0,25.0,-20.0,-93.0,-80.0,-903.0,-50.0,-953.0,-20.0,174.0,-70.0,-1963.0,0.0,-876.0,20.0,784.0,0.0,771.0,0.0,20.0,413.0,10.0,52.0,-30.0,-850.0,0.0,285.0,-20.0,-2.0,0.0,0.0,30.0,286.0,-10.0,-60.0,20.0,17.0,0.0,21.0,60.0,192.0,-30.0,-895.0,-4125.0,240,3412,-50.0,-1269.0,20.0,16.0,-10.0,75.0,50,17,-20.0,-1175.0,0.0,142.0,0,0,0,0,40,37,0,0,-30.0,-372.0,210,2476,0,0,-30.0,-260.0,-20.0,-247.0,0.0,-52.0,20.0,32.0,0.0,20.0,0.0,4.0,20.0,12.0,-10.0,20.0,0.0,-1.0,10.0,-5.0,10.0,7.0,-20.0,-10.0,50.0,334.0,60.0,420.0,-90.0,33.0,-80.0,-1526.0,-70.0,-137.0,-40.0,-150.0,-30.0,19.0,0.0,-5.0,20.0,-12.0,-20.0,-266.0,-60.0,-220.0,0.0,0.0,0.0,-21.0,40.0,39.0,-120.0,-642.0
marion,0.0,0.0,0.0,0.0,5567.0,IL,-410.0,-230.0,-140.0,-60.0,-240.0,-670.0,-140.0,-130.0,0.0,-130.0,0.0,700.0,-700.0,-90.0,-20141.0,-410.0,-19996.0,-360.0,-5518.0,-270.0,-953.0,-230.0,-940.0,-230.0,-632.0,-60.0,72.0,20.0,-1642.0,-230.0,-7534.0,10.0,-528.0,60.0,3370.0,-10.0,-120.0,-313.0,-20.0,68.0,-10.0,-2994.0,-110.0,145.0,0.0,4.0,-10.0,-176.0,-10.0,310.0,-20.0,-98.0,10.0,-70.0,-10.0,17.0,20.0,-2.0,-100.0,-2030.0,-15740.0,690,7571,-150.0,-1213.0,40.0,14.0,-100.0,-133.0,170,105,-110.0,-1337.0,-20.0,-41.0,30,50,30,4,150,124,80,178,-100.0,-667.0,730,6272,50,749,-180.0,-14256.0,-170.0,-3092.0,-30.0,-114.0,-10.0,60.0,-110.0,55.0,-30.0,13.0,0.0,-2.0,-80.0,-71.0,50.0,12.0,30.0,17.0,10.0,24.0,-60.0,-244.0,30.0,526.0,30.0,667.0,-230.0,40.0,-290.0,-1511.0,-120.0,-48.0,-80.0,-78.0,-30.0,-25.0,-80.0,-59.0,-10.0,9.0,-150.0,-3149.0,-190.0,-3417.0,-10.0,-16.0,-20.0,-107.0,-90.0,-2175.0,-260.0,-559.0
massac,0.0,0.0,0.0,0.0,5420.0,IL,-80.0,10.0,-90.0,-30.0,20.0,-240.0,-50.0,-20.0,20.0,-40.0,0.0,260.0,-250.0,20.0,-7212.0,-80.0,-7164.0,-90.0,-333.0,-30.0,143.0,-50.0,100.0,-10.0,55.0,-40.0,22.0,-70.0,453.0,-10.0,-2056.0,40.0,68.0,-30.0,-723.0,-10.0,-90.0,-238.0,-20.0,232.0,10.0,-861.0,-50.0,48.0,-10.0,-1.0,0.0,0.0,0.0,59.0,0.0,34.0,-10.0,-29.0,30.0,51.0,0.0,0.0,10.0,-11.0,-948.0,280,3086,0.0,-298.0,20.0,21.0,20.0,128.0,130,50,10.0,-58.0,-10.0,11.0,0,0,0,0,70,72,0,0,0.0,-69.0,360,3380,0,0,-60.0,-3191.0,-60.0,-437.0,10.0,-29.0,0.0,-17.0,-60.0,-97.0,0.0,16.0,-10.0,-7.0,-10.0,5.0,10.0,3.0,-70.0,-109.0,-20.0,-6.0,-70.0,-41.0,-10.0,134.0,-20.0,131.0,-80.0,16.0,-110.0,-276.0,-50.0,-131.0,-30.0,-112.0,-30.0,-1.0,0.0,-2.0,-20.0,-14.0,-40.0,-572.0,-60.0,-716.0,0.0,0.0,0.0,-16.0,-80.0,-805.0,-60.0,-320.0
moultrie,0.0,0.0,0.0,0.0,1792.0,IL,10.0,20.0,10.0,0.0,-30.0,20.0,0.0,-20.0,-20.0,0.0,-10.0,140.0,-110.0,30.0,6026.0,10.0,6482.0,-20.0,798.0,10.0,-230.0,-30.0,510.0,-30.0,565.0,-60.0,58.0,-40.0,1190.0,-40.0,-20.0,10.0,-111.0,40.0,-598.0,10.0,-10.0,126.0,-10.0,-161.0,10.0,4179.0,-10.0,456.0,10.0,1.0,-10.0,-43.0,0.0,222.0,-10.0,32.0,0.0,-15.0,0.0,4.0,20.0,122.0,-60.0,-1141.0,873.0,350,4954,-80.0,-765.0,40.0,65.0,-50.0,148.0,70,45,-50.0,-526.0,-10.0,-179.0,0,0,0,0,80,71,60,40,-40.0,129.0,220,1678,0,0,10.0,7415.0,30.0,2407.0,-10.0,-27.0,10.0,-4.0,10.0,-62.0,-10.0,-3.0,10.0,0.0,-10.0,-23.0,20.0,10.0,-10.0,-1.0,0.0,-2.0,-50.0,-39.0,20.0,252.0,0.0,139.0,-60.0,24.0,30.0,4409.0,20.0,-10.0,20.0,-5.0,0.0,-23.0,-20.0,-15.0,0.0,15.0,-10.0,2462.0,-10.0,2552.0,0.0,-7.0,0.0,176.0,-50.0,-1235.0,50.0,-715.0
pope,0.0,0.0,0.0,0.0,6668.0,IL,30.0,-10.0,-10.0,40.0,30.0,70.0,60.0,0.0,0.0,0.0,0.0,30.0,-20.0,30.0,-768.0,30.0,-761.0,40.0,-435.0,0.0,91.0,-10.0,-20.0,0.0,53.0,-30.0,-12.0,-30.0,93.0,-10.0,-760.0,10.0,685.0,30.0,682.0,10.0,-20.0,107.0,-10.0,-3.0,0.0,-16.0,-10.0,7.0,0.0,-1.0,0.0,0.0,10.0,35.0,0.0,0.0,0.0,1.0,0.0,0.0,0.0,0.0,0.0,-132.0,-914.0,70,905,10.0,-87.0,10.0,16.0,10.0,30.0,0,0,0.0,-43.0,0.0,-76.0,0,0,0,0,0,0,0,0,-20.0,-69.0,80,920,0,0,-10.0,-368.0,-10.0,7.0,0.0,0.0,30.0,16.0,20.0,57.0,0.0,1.0,0.0,0.0,0.0,-4.0,10.0,0.0,20.0,35.0,40.0,28.0,-20.0,-57.0,10.0,111.0,10.0,109.0,-30.0,-1.0,20.0,91.0,40.0,96.0,50.0,91.0,20.0,8.0,0.0,4.0,0.0,0.0,-10.0,-157.0,-10.0,-199.0,0.0,0.0,0.0,0.0,-30.0,-114.0,50.0,163.0
richland,0.0,0.0,0.0,0.0,9049.0,IL,-110.0,-40.0,-90.0,10.0,-100.0,-200.0,0.0,0.0,0.0,0.0,0.0,80.0,0.0,20.0,-5427.0,-100.0,-5695.0,-140.0,-2362.0,-40.0,142.0,-50.0,157.0,-50.0,246.0,60.0,177.0,-30.0,-1799.0,-70.0,-2838.0,40.0,261.0,100.0,2749.0,10.0,-20.0,97.0,20.0,249.0,10.0,-1415.0,-70.0,-268.0,-10.0,0.0,0.0,-110.0,-10.0,-34.0,-20.0,-121.0,-30.0,-2.0,-20.0,-15.0,90.0,186.0,-30.0,-280.0,-4243.0,350,4845,-40.0,-727.0,20.0,49.0,-20.0,165.0,50,22,-30.0,-531.0,-10.0,-135.0,0,0,0,0,40,32,40,18,10.0,-221.0,250,2465,0,0,-60.0,-4117.0,-50.0,-780.0,-10.0,-26.0,40.0,26.0,-50.0,-38.0,40.0,11.0,-20.0,-6.0,-20.0,11.0,-10.0,0.0,-10.0,-28.0,-10.0,6.0,-60.0,-301.0,80.0,691.0,100.0,679.0,-100.0,42.0,-70.0,-351.0,0.0,113.0,10.0,101.0,10.0,46.0,-40.0,-10.0,20.0,56.0,-40.0,-766.0,-40.0,-990.0,10.0,0.0,0.0,-26.0,-40.0,-498.0,-60.0,-32.0
saline,0.0,0.0,0.0,0.0,9511.0,IL,-180.0,-80.0,-90.0,0.0,-30.0,-430.0,-110.0,20.0,0.0,20.0,0.0,300.0,-350.0,-40.0,-18053.0,-180.0,-17698.0,-210.0,-12541.0,-50.0,-92.0,-100.0,-229.0,-100.0,145.0,0.0,200.0,-50.0,2273.0,-50.0,-10957.0,0.0,178.0,100.0,229.0,10.0,30.0,591.0,-30.0,-166.0,0.0,-552.0,-10.0,355.0,20.0,2.0,0.0,-28.0,-10.0,73.0,0.0,-76.0,10.0,-6.0,-30.0,-51.0,10.0,14.0,30.0,-467.0,-2568.0,440,4744,-30.0,-495.0,30.0,48.0,10.0,224.0,90,48,30.0,-609.0,0.0,-74.0,0,0,0,0,70,70,40,109,10.0,193.0,440,3522,0,0,-280.0,-12160.0,-260.0,-305.0,0.0,-96.0,-10.0,-44.0,-90.0,-13.0,-20.0,-10.0,20.0,7.0,10.0,23.0,10.0,6.0,-70.0,-102.0,20.0,27.0,-50.0,-27.0,40.0,462.0,40.0,426.0,-140.0,65.0,-210.0,781.0,70.0,55.0,60.0,60.0,40.0,65.0,20.0,18.0,20.0,20.0,-280.0,-463.0,-310.0,-408.0,-10.0,32.0,10.0,3.0,-100.0,52.0,-140.0,-8.0
shelby,0.0,0.0,0.0,0.0,25371.0,IL,-10.0,0.0,-40.0,30.0,-40.0,30.0,50.0,-40.0,-40.0,0.0,-20.0,180.0,-80.0,30.0,3699.0,-10.0,4527.0,-30.0,1000.0,90.0,-99.0,-50.0,166.0,-30.0,173.0,-40.0,2.0,-20.0,131.0,-60.0,796.0,20.0,1135.0,60.0,1819.0,-10.0,-40.0,80.0,10.0,875.0,-30.0,-1459.0,110.0,828.0,-20.0,1.0,0.0,188.0,0.0,262.0,10.0,97.0,10.0,-12.0,0.0,-3.0,160.0,299.0,-30.0,-848.0,-470.0,490,6526,-70.0,-854.0,70.0,100.0,-30.0,244.0,50,20,-30.0,-492.0,20.0,138.0,0,0,0,0,80,71,30,60,-20.0,-141.0,380,3339,20,162,10.0,2838.0,30.0,735.0,-10.0,-43.0,-30.0,-40.0,40.0,92.0,-10.0,4.0,30.0,0.0,-20.0,0.0,60.0,17.0,20.0,40.0,0.0,43.0,30.0,76.0,20.0,472.0,30.0,384.0,-120.0,28.0,10.0,1251.0,20.0,122.0,30.0,84.0,10.0,17.0,10.0,3.0,30.0,56.0,10.0,643.0,0.0,801.0,0.0,7.0,0.0,-5.0,-50.0,311.0,90.0,939.0
vermilion,0.0,0.0,0.0,0.0,4729.0,IL,-850.0,-430.0,-430.0,20.0,-480.0,-1760.0,-620.0,-240.0,-240.0,0.0,-80.0,880.0,-700.0,-10.0,-28548.0,-850.0,-28188.0,-720.0,-21277.0,-310.0,-17.0,-270.0,-2508.0,-240.0,-2072.0,-220.0,203.0,-110.0,-2669.0,-180.0,-6818.0,90.0,1279.0,90.0,764.0,-30.0,-120.0,1052.0,-20.0,116.0,-30.0,7109.0,-90.0,360.0,30.0,8.0,0.0,-160.0,-30.0,244.0,0.0,-23.0,-50.0,-107.0,-20.0,39.0,220.0,207.0,-150.0,-2206.0,-16542.0,1240,15375,-200.0,-2594.0,120.0,163.0,-90.0,586.0,290,139,-110.0,-1823.0,-10.0,215.0,60,185,50,12,410,348,70,117,-100.0,-630.0,1430,11986,60,323,-520.0,-18206.0,-500.0,-1832.0,-50.0,-203.0,40.0,82.0,-290.0,-187.0,-70.0,-180.0,-30.0,-8.0,-140.0,-148.0,70.0,18.0,-190.0,-203.0,60.0,-5.0,-80.0,-101.0,120.0,845.0,150.0,957.0,-320.0,127.0,-710.0,-1265.0,-210.0,-569.0,-260.0,-522.0,-220.0,-324.0,-170.0,-110.0,40.0,52.0,-330.0,-1647.0,-430.0,-2232.0,-10.0,36.0,-10.0,-194.0,-80.0,-1400.0,-610.0,-712.0
wabash,0.0,0.0,0.0,0.0,6458.0,IL,-40.0,40.0,-20.0,-40.0,-90.0,-80.0,10.0,0.0,0.0,0.0,0.0,100.0,-30.0,40.0,-1245.0,-40.0,-980.0,-60.0,-6214.0,30.0,388.0,-60.0,-55.0,-20.0,19.0,-40.0,64.0,-10.0,-894.0,-60.0,8284.0,0.0,739.0,70.0,1182.0,-10.0,30.0,408.0,30.0,137.0,-10.0,1527.0,-70.0,265.0,0.0,-2.0,0.0,4.0,-10.0,-8.0,0.0,20.0,-40.0,-28.0,-30.0,-8.0,80.0,264.0,-40.0,-2342.0,57.0,240,2900,-80.0,-987.0,30.0,40.0,-50.0,-98.0,50,13,-40.0,-1061.0,-40.0,-219.0,0,0,0,0,40,20,30,13,-20.0,19.0,160,1406,0,0,-80.0,2019.0,-90.0,602.0,0.0,-22.0,0.0,39.0,-10.0,-87.0,-20.0,-1.0,0.0,3.0,0.0,10.0,50.0,18.0,-50.0,-94.0,-10.0,-5.0,-30.0,-83.0,20.0,286.0,30.0,328.0,-80.0,22.0,-50.0,-939.0,40.0,82.0,30.0,83.0,40.0,42.0,0.0,4.0,10.0,16.0,-110.0,710.0,-120.0,841.0,0.0,-5.0,10.0,60.0,30.0,819.0,-40.0,-655.0
washington,0.0,0.0,0.0,0.0,7311.0,IL,-110.0,-70.0,-20.0,-30.0,-70.0,-240.0,-110.0,-10.0,0.0,-10.0,0.0,100.0,-80.0,40.0,4831.0,-110.0,4596.0,-150.0,-1395.0,-80.0,-155.0,-50.0,8.0,-60.0,86.0,-10.0,227.0,20.0,2110.0,-50.0,-4799.0,30.0,174.0,80.0,881.0,0.0,30.0,242.0,60.0,833.0,-10.0,2599.0,0.0,-235.0,-20.0,1.0,0.0,-43.0,-30.0,82.0,-10.0,15.0,0.0,-48.0,-10.0,-11.0,-20.0,-296.0,0.0,-112.0,769.0,430,4726,-30.0,-590.0,20.0,8.0,20.0,215.0,60,26,0.0,-326.0,40.0,258.0,30,45,0,0,80,80,30,7,-10.0,141.0,390,2527,30,406,-30.0,-2462.0,-30.0,-168.0,-20.0,-111.0,-10.0,5.0,-10.0,-102.0,-30.0,2.0,10.0,6.0,-50.0,-41.0,40.0,-1.0,0.0,-15.0,20.0,-24.0,-20.0,37.0,20.0,353.0,0.0,392.0,-90.0,-10.0,-100.0,102.0,-10.0,-28.0,-40.0,-107.0,-10.0,-51.0,-50.0,-30.0,0.0,16.0,-30.0,-91.0,-30.0,-214.0,10.0,15.0,-20.0,-109.0,40.0,-491.0,-110.0,-187.0
wayne,0.0,0.0,0.0,0.0,6278.0,IL,-150.0,-90.0,-70.0,10.0,-80.0,-250.0,-70.0,-10.0,0.0,-10.0,0.0,200.0,-140.0,20.0,-9644.0,-160.0,-9834.0,-130.0,-4330.0,-90.0,-216.0,-100.0,-2119.0,-50.0,-1784.0,20.0,42.0,-20.0,-1800.0,-50.0,-4290.0,40.0,-132.0,110.0,1306.0,10.0,70.0,1098.0,10.0,133.0,-10.0,-3005.0,10.0,-190.0,0.0,2.0,0.0,-68.0,-30.0,172.0,-30.0,-20.0,0.0,3.0,10.0,14.0,100.0,86.0,30.0,375.0,-2352.0,310,3296,-40.0,-616.0,70.0,105.0,40.0,323.0,30,6,30.0,-210.0,80.0,327.0,0,0,0,0,30,30,0,0,10.0,272.0,210,1903,0,0,-70.0,-8680.0,-70.0,-1601.0,-10.0,-28.0,30.0,40.0,-30.0,-21.0,20.0,-6.0,10.0,13.0,0.0,40.0,40.0,17.0,-30.0,-30.0,-30.0,-10.0,0.0,18.0,70.0,563.0,80.0,566.0,-160.0,22.0,-90.0,-401.0,-10.0,-149.0,-20.0,-116.0,-10.0,-34.0,0.0,15.0,40.0,38.0,-90.0,-1572.0,-120.0,-1499.0,0.0,2.0,-10.0,-15.0,-80.0,-968.0,-40.0,-225.0
white,0.0,0.0,6.0,0.0,18991.0,IL,-170.0,-60.0,-100.0,-10.0,-180.0,-420.0,-140.0,0.0,0.0,0.0,0.0,140.0,-160.0,-10.0,-13455.0,-180.0,-13280.0,-180.0,-11823.0,-40.0,-293.0,-90.0,58.0,-70.0,114.0,10.0,185.0,-60.0,-175.0,-20.0,-2440.0,-40.0,-965.0,80.0,3127.0,-30.0,-10.0,366.0,-30.0,-277.0,-30.0,6103.0,-10.0,175.0,-10.0,-1.0,0.0,-272.0,20.0,-1.0,0.0,49.0,-10.0,-13.0,-10.0,1.0,80.0,453.0,-20.0,-2500.0,-4237.0,320,4058,-50.0,-1547.0,10.0,-7.0,-20.0,111.0,30,11,-20.0,-1680.0,20.0,205.0,0,0,0,0,40,44,40,19,-40.0,-935.0,240,1987,0,0,-160.0,-9439.0,-160.0,-983.0,-20.0,-121.0,0.0,3.0,-50.0,-60.0,-40.0,4.0,0.0,13.0,0.0,9.0,70.0,17.0,-70.0,-123.0,10.0,9.0,-20.0,-166.0,30.0,405.0,30.0,372.0,-120.0,4.0,-140.0,-2817.0,-20.0,-40.0,-20.0,-16.0,20.0,-20.0,-20.0,-1.0,30.0,13.0,-180.0,-904.0,-230.0,-1019.0,0.0,-21.0,-20.0,-74.0,-40.0,162.0,-110.0,-702.0
boone,0.0,0.0,4.0,0.0,13769.0,IL,10.0,230.0,-30.0,-190.0,10.0,-780.0,-730.0,-70.0,-40.0,-20.0,-30.0,210.0,-60.0,60.0,50361.0,30.0,51020.0,80.0,26554.0,-80.0,-204.0,-110.0,466.0,-140.0,1163.0,-260.0,402.0,10.0,-200.0,-110.0,9674.0,50.0,1549.0,100.0,1886.0,-10.0,390.0,806.0,10.0,1359.0,30.0,5885.0,90.0,659.0,10.0,6.0,-20.0,-396.0,0.0,195.0,50.0,242.0,50.0,49.0,-10.0,-19.0,0.0,167.0,-10.0,-1023.0,31705.0,1680,14840,-70.0,-924.0,90.0,217.0,-110.0,1070.0,950,1047,-10.0,557.0,-40.0,-1277.0,150,443,170,51,1070,1093,150,200,-50.0,624.0,2390,16847,140,1713,240.0,51298.0,290.0,13030.0,0.0,-192.0,0.0,103.0,-150.0,127.0,-50.0,73.0,-40.0,-11.0,-70.0,-24.0,120.0,20.0,-120.0,-81.0,80.0,20.0,-10.0,-57.0,80.0,893.0,70.0,985.0,-310.0,12.0,90.0,7747.0,-30.0,-131.0,-70.0,-114.0,-360.0,-882.0,-220.0,-86.0,30.0,57.0,420.0,12903.0,320.0,12997.0,30.0,110.0,20.0,31.0,-40.0,4618.0,140.0,166.0
bureau,0.0,0.0,4.0,0.0,19640.0,IL,-130.0,-70.0,-130.0,20.0,-140.0,-350.0,-190.0,-30.0,-30.0,-10.0,0.0,190.0,-60.0,40.0,-27607.0,-120.0,-25352.0,-130.0,3375.0,-20.0,416.0,-130.0,-578.0,-140.0,-366.0,-60.0,244.0,-50.0,-1636.0,-100.0,-11511.0,30.0,-744.0,90.0,2914.0,-40.0,-120.0,6.0,-30.0,256.0,-60.0,-6440.0,60.0,2255.0,10.0,-1.0,0.0,-97.0,0.0,433.0,-20.0,-21.0,30.0,-58.0,20.0,85.0,120.0,1738.0,-90.0,-2460.0,-27284.0,920,11790,-100.0,-1033.0,20.0,97.0,-10.0,652.0,150,80,-90.0,-346.0,-20.0,-163.0,40,66,30,4,170,145,60,77,-40.0,-295.0,790,7491,60,615,-110.0,-25309.0,-40.0,-7140.0,0.0,28.0,40.0,25.0,-20.0,-304.0,-10.0,-10.0,0.0,10.0,-80.0,-2.0,100.0,30.0,-50.0,-109.0,40.0,15.0,-60.0,16.0,100.0,761.0,100.0,828.0,-190.0,49.0,-120.0,2580.0,-70.0,-34.0,-50.0,-5.0,-10.0,-45.0,-60.0,-31.0,30.0,22.0,-10.0,-7186.0,-50.0,-7523.0,-10.0,0.0,-20.0,-565.0,-60.0,-8879.0,-120.0,1248.0
grundy,0.0,0.0,5.0,0.0,11669.0,IL,130.0,70.0,-20.0,110.0,150.0,0.0,-30.0,-20.0,0.0,-20.0,0.0,220.0,100.0,160.0,-19314.0,130.0,-16714.0,-10.0,6458.0,-150.0,529.0,30.0,108.0,-10.0,120.0,-120.0,231.0,80.0,-481.0,-40.0,-35057.0,50.0,1452.0,390.0,4832.0,-10.0,-120.0,404.0,100.0,2000.0,20.0,3814.0,120.0,2600.0,0.0,-2.0,0.0,92.0,-30.0,44.0,-20.0,62.0,30.0,38.0,-20.0,-12.0,130.0,1979.0,80.0,637.0,-20881.0,1590,15284,-50.0,-2199.0,150.0,303.0,40.0,2880.0,640,465,70.0,975.0,60.0,-907.0,220,597,240,121,1090,1361,130,371,30.0,54.0,2790,18942,240,2523,140.0,-20229.0,120.0,-2432.0,-60.0,-198.0,20.0,74.0,40.0,-24.0,30.0,94.0,-10.0,8.0,10.0,10.0,80.0,17.0,20.0,-129.0,-100.0,-10.0,30.0,-42.0,130.0,1039.0,120.0,1041.0,-270.0,36.0,150.0,-1011.0,120.0,250.0,110.0,150.0,50.0,55.0,-10.0,-14.0,40.0,62.0,120.0,-2117.0,100.0,-2463.0,-10.0,6.0,0.0,15.0,-240.0,1373.0,400.0,936.0
iroquois,0.0,0.0,8.0,0.0,13102.0,IL,-180.0,-20.0,-160.0,0.0,-150.0,-420.0,-130.0,-20.0,-10.0,-10.0,0.0,270.0,-230.0,-40.0,-4590.0,-180.0,-4065.0,-130.0,-1295.0,-210.0,-458.0,-80.0,-2635.0,-60.0,-2497.0,-100.0,329.0,-40.0,-664.0,-110.0,-6092.0,60.0,2794.0,0.0,-521.0,-10.0,-50.0,-346.0,0.0,427.0,-40.0,-5290.0,100.0,525.0,10.0,3.0,-20.0,-341.0,-10.0,86.0,0.0,-198.0,-10.0,-34.0,0.0,62.0,350.0,862.0,-80.0,-1999.0,-7129.0,880,11088,-130.0,-1187.0,50.0,55.0,-40.0,259.0,120,96,-80.0,-810.0,-40.0,-350.0,50,121,40,16,190,176,50,42,-70.0,-342.0,670,4920,40,499,-110.0,-2666.0,-80.0,-1354.0,-40.0,-15.0,20.0,50.0,-100.0,59.0,-30.0,-5.0,20.0,19.0,-90.0,-66.0,20.0,8.0,-50.0,-56.0,-20.0,-4.0,0.0,244.0,90.0,603.0,110.0,636.0,-210.0,36.0,-120.0,-197.0,-20.0,43.0,-40.0,42.0,-10.0,-34.0,-80.0,-60.0,40.0,65.0,-20.0,-1463.0,-110.0,-1283.0,-10.0,-5.0,-20.0,-101.0,-20.0,-1562.0,-40.0,-501.0
lee,0.0,0.0,10.0,0.0,13548.0,IL,-120.0,-110.0,-40.0,-10.0,-110.0,-270.0,-100.0,0.0,-10.0,10.0,0.0,170.0,-120.0,-10.0,321.0,-130.0,940.0,-50.0,1735.0,-80.0,790.0,-160.0,-1893.0,-120.0,-1536.0,-120.0,117.0,40.0,723.0,-100.0,-806.0,40.0,1105.0,90.0,2038.0,10.0,-90.0,-6.0,20.0,899.0,10.0,-1089.0,30.0,619.0,0.0,6.0,10.0,98.0,-10.0,29.0,10.0,53.0,0.0,40.0,0.0,-8.0,120.0,406.0,-140.0,-3949.0,-9315.0,870,10796,-160.0,-1962.0,50.0,77.0,-150.0,-386.0,220,100,-140.0,-2301.0,-20.0,-624.0,60,112,50,11,270,265,50,67,-70.0,-443.0,840,6842,80,906,-10.0,3433.0,30.0,83.0,-50.0,-105.0,30.0,38.0,60.0,-93.0,-10.0,-84.0,20.0,8.0,-20.0,-5.0,80.0,20.0,-60.0,-43.0,-50.0,-43.0,30.0,-25.0,80.0,621.0,70.0,658.0,-100.0,90.0,-90.0,2716.0,0.0,-9.0,10.0,1.0,30.0,5.0,-30.0,-27.0,0.0,18.0,-40.0,282.0,-70.0,142.0,-30.0,-30.0,-10.0,-107.0,-40.0,-217.0,-50.0,1313.0
livingston,0.0,0.0,18.0,0.0,39890.0,IL,-120.0,40.0,-90.0,-10.0,-70.0,-320.0,-140.0,-20.0,-10.0,-10.0,0.0,300.0,-200.0,80.0,9071.0,-140.0,9394.0,-190.0,-1456.0,-110.0,370.0,-40.0,2330.0,-70.0,520.0,-110.0,270.0,30.0,-3795.0,-10.0,-6541.0,40.0,1115.0,130.0,7961.0,30.0,-170.0,-28.0,40.0,1209.0,20.0,-1723.0,150.0,323.0,-10.0,-1.0,-20.0,-196.0,-60.0,-29.0,-20.0,-86.0,50.0,-21.0,10.0,11.0,450.0,440.0,-180.0,-4872.0,-10860.0,1040,13894,-230.0,-2616.0,20.0,71.0,-150.0,-305.0,190,111,-180.0,-2797.0,-70.0,-621.0,50,101,30,3,210,207,60,52,-150.0,-216.0,810,5432,70,564,-40.0,12966.0,-10.0,4470.0,-40.0,-202.0,60.0,33.0,-10.0,-379.0,50.0,11.0,40.0,16.0,-40.0,-113.0,50.0,14.0,-30.0,-68.0,40.0,32.0,0.0,224.0,70.0,453.0,80.0,533.0,-240.0,13.0,-80.0,3087.0,30.0,-11.0,0.0,-55.0,-10.0,55.0,-40.0,-59.0,-10.0,7.0,-40.0,4849.0,-60.0,5345.0,20.0,34.0,0.0,68.0,50.0,1485.0,-80.0,-963.0
lasalle,0.0,0.0,26.0,0.0,20757.0,IL,-320.0,20.0,-270.0,-180.0,-60.0,-990.0,-530.0,-260.0,-350.0,80.0,-130.0,830.0,-620.0,160.0,-1149.0,-320.0,198.0,-390.0,3302.0,-220.0,983.0,-310.0,-1042.0,-310.0,-328.0,-340.0,697.0,-40.0,-1549.0,-100.0,7140.0,120.0,2471.0,410.0,10265.0,10.0,-220.0,793.0,200.0,4033.0,0.0,-19606.0,150.0,1347.0,10.0,2.0,10.0,-845.0,40.0,602.0,20.0,214.0,0.0,-66.0,-40.0,21.0,340.0,887.0,-140.0,-3045.0,-15799.0,2800,35640,-330.0,-5414.0,180.0,350.0,-90.0,2126.0,790,503,-120.0,-3105.0,-50.0,-1745.0,180,570,200,104,980,1011,220,564,-160.0,-269.0,3490,29167,310,3999,160.0,6063.0,200.0,-2889.0,-40.0,-785.0,20.0,82.0,20.0,-399.0,-70.0,-33.0,70.0,23.0,-140.0,6.0,320.0,53.0,-30.0,-91.0,90.0,144.0,30.0,414.0,210.0,1773.0,230.0,1830.0,-570.0,180.0,-140.0,-4072.0,-250.0,-349.0,-270.0,-318.0,-260.0,-243.0,-70.0,-19.0,110.0,82.0,250.0,-2926.0,100.0,-2230.0,30.0,-8.0,20.0,103.0,-60.0,1673.0,-120.0,2966.0
ogle,0.0,0.0,0.0,0.0,2464.0,IL,-60.0,-30.0,-50.0,-20.0,-200.0,-450.0,-320.0,-110.0,0.0,-100.0,0.0,210.0,-230.0,130.0,50055.0,-60.0,50760.0,-30.0,12695.0,-60.0,370.0,-70.0,763.0,-50.0,645.0,-210.0,165.0,-40.0,1407.0,-70.0,-9539.0,30.0,1787.0,90.0,6161.0,-10.0,-120.0,5.0,50.0,1472.0,0.0,-1910.0,10.0,705.0,20.0,6.0,0.0,-47.0,-10.0,353.0,10.0,128.0,30.0,-36.0,10.0,4.0,10.0,-43.0,-20.0,956.0,38352.0,1620,16913,-130.0,-271.0,70.0,162.0,-60.0,1017.0,450,305,-20.0,993.0,0.0,-766.0,120,359,90,26,570,639,90,316,-120.0,1343.0,1790,13691,130,782,50.0,51005.0,80.0,10877.0,-20.0,-52.0,0.0,41.0,10.0,119.0,20.0,36.0,0.0,-2.0,-30.0,-51.0,110.0,21.0,-10.0,-33.0,-20.0,43.0,-80.0,-41.0,100.0,1060.0,90.0,1107.0,-210.0,74.0,-10.0,4103.0,-120.0,-317.0,-110.0,-281.0,-160.0,-226.0,-20.0,-26.0,60.0,63.0,130.0,10892.0,-10.0,10642.0,-10.0,0.0,-10.0,-180.0,-140.0,714.0,40.0,440.0
putnam,417.0,0.0,0.0,0.0,2189.0,IL,20.0,60.0,-30.0,10.0,40.0,0.0,-20.0,-10.0,0.0,-10.0,0.0,30.0,20.0,30.0,7781.0,20.0,7664.0,0.0,2776.0,10.0,-226.0,-10.0,-201.0,-10.0,252.0,-50.0,65.0,10.0,139.0,20.0,-500.0,10.0,-97.0,20.0,573.0,0.0,-10.0,-73.0,10.0,175.0,-30.0,547.0,30.0,-117.0,0.0,0.0,0.0,-211.0,0.0,132.0,0.0,-45.0,10.0,-7.0,10.0,4.0,10.0,-10.0,10.0,525.0,8522.0,140,1896,0.0,-253.0,20.0,38.0,10.0,221.0,0,0,10.0,9.0,30.0,77.0,0,0,0,0,30,28,0,0,0.0,-68.0,180,1656,0,0,50.0,7027.0,30.0,1435.0,0.0,10.0,0.0,-1.0,-10.0,-39.0,0.0,3.0,10.0,5.0,-30.0,-38.0,20.0,0.0,0.0,-45.0,-10.0,1.0,20.0,-67.0,10.0,198.0,10.0,173.0,-30.0,18.0,20.0,343.0,10.0,97.0,10.0,93.0,40.0,45.0,-40.0,-17.0,0.0,36.0,30.0,1489.0,20.0,1415.0,10.0,3.0,0.0,-20.0,0.0,-85.0,20.0,477.0
stark,0.0,21213.0,13.0,9083.0,71972.0,IL,-10.0,40.0,-10.0,-10.0,-40.0,-60.0,-50.0,0.0,0.0,0.0,0.0,40.0,-40.0,30.0,-2448.0,-20.0,-2421.0,0.0,-300.0,10.0,189.0,10.0,-30.0,0.0,11.0,0.0,47.0,-10.0,87.0,30.0,-1522.0,10.0,-17.0,60.0,713.0,0.0,30.0,169.0,0.0,-8.0,-10.0,91.0,0.0,27.0,0.0,0.0,-20.0,-505.0,-20.0,-8.0,0.0,-44.0,10.0,8.0,-10.0,4.0,0.0,17.0,0.0,-370.0,-4708.0,130,1939,-20.0,-474.0,20.0,26.0,-10.0,59.0,0,0,0.0,-389.0,10.0,5.0,0,0,0,0,30,19,0,0,-10.0,-107.0,100,830,0,0,-10.0,-1639.0,-20.0,-335.0,0.0,-45.0,10.0,27.0,-20.0,-30.0,-10.0,-1.0,-10.0,-4.0,-10.0,-8.0,10.0,2.0,-10.0,-8.0,0.0,0.0,-10.0,15.0,10.0,100.0,20.0,133.0,-10.0,18.0,0.0,-228.0,-10.0,-59.0,-20.0,-61.0,-20.0,-28.0,-10.0,2.0,0.0,0.0,0.0,-307.0,-20.0,-325.0,-10.0,-9.0,-10.0,-50.0,-20.0,-69.0,30.0,90.0
winnebago,0.0,3988.0,0.0,3391.0,0.0,IL,-1420.0,20.0,-930.0,-510.0,-1320.0,-4870.0,-2650.0,-190.0,-210.0,30.0,-80.0,1630.0,-1590.0,320.0,-50837.0,-1440.0,-49951.0,-1060.0,-47198.0,-990.0,13.0,-700.0,6147.0,-740.0,8923.0,-1080.0,1796.0,-370.0,-9759.0,-810.0,-10081.0,-240.0,-4171.0,430.0,15994.0,-30.0,610.0,-367.0,170.0,4450.0,-190.0,-3524.0,-340.0,886.0,10.0,5.0,0.0,423.0,-80.0,484.0,10.0,-25.0,-60.0,-213.0,-90.0,-254.0,30.0,-477.0,-900.0,-7746.0,-70050.0,8230,80419,-1390.0,-9977.0,430.0,1285.0,-970.0,-1282.0,3070,2562,-850.0,-9634.0,-710.0,-7279.0,660,1914,650,233,4900,4386,570,2046,-920.0,7371.0,9700,65309,780,10758,-940.0,-13843.0,-820.0,-822.0,-160.0,-1221.0,120.0,491.0,-1020.0,574.0,-270.0,6.0,20.0,66.0,-550.0,-380.0,510.0,115.0,-830.0,-1017.0,-10.0,9.0,-360.0,-677.0,420.0,4349.0,450.0,4891.0,-1410.0,308.0,-1070.0,4746.0,-320.0,-946.0,-260.0,-511.0,-730.0,-1451.0,-1030.0,-773.0,150.0,196.0,-420.0,-951.0,-1130.0,-2728.0,10.0,-72.0,-50.0,-579.0,-840.0,-4924.0,-510.0,54.0
carroll,0.0,9690.0,0.0,5899.0,0.0,IL,-130.0,-80.0,-50.0,0.0,-30.0,-250.0,-70.0,-50.0,0.0,-50.0,0.0,80.0,-80.0,0.0,-6618.0,-130.0,-6776.0,-120.0,3074.0,-80.0,183.0,-40.0,-147.0,-60.0,48.0,-30.0,103.0,10.0,-415.0,-50.0,-6493.0,60.0,937.0,20.0,604.0,20.0,0.0,38.0,0.0,-109.0,-40.0,786.0,-30.0,-158.0,20.0,3.0,0.0,54.0,0.0,200.0,-10.0,-8.0,20.0,-2.0,20.0,-24.0,0.0,-176.0,-10.0,-311.0,-511.0,510,5870,-50.0,-1244.0,30.0,85.0,10.0,286.0,100,64,-30.0,-637.0,20.0,54.0,0,0,0,0,70,59,30,39,-40.0,217.0,360,2940,40,450,-50.0,-3368.0,-20.0,-184.0,-10.0,-97.0,20.0,57.0,-40.0,-88.0,-10.0,-64.0,0.0,-3.0,-10.0,-22.0,30.0,5.0,-40.0,-49.0,-10.0,-18.0,-20.0,-279.0,50.0,450.0,50.0,493.0,-20.0,74.0,-120.0,43.0,-20.0,-9.0,-40.0,-30.0,-20.0,14.0,20.0,1.0,40.0,40.0,-40.0,73.0,-20.0,76.0,0.0,-1.0,-10.0,-62.0,-70.0,-911.0,-70.0,-394.0
fulton,0.0,1796.0,0.0,1656.0,0.0,IL,-430.0,-220.0,-100.0,-120.0,-140.0,-630.0,-130.0,-70.0,-40.0,-30.0,-20.0,360.0,-360.0,10.0,-8389.0,-430.0,-8086.0,-440.0,-11061.0,-40.0,69.0,-50.0,-489.0,-30.0,-210.0,-90.0,108.0,-40.0,-782.0,-10.0,4.0,70.0,186.0,150.0,3687.0,-10.0,-110.0,-98.0,20.0,890.0,-20.0,-885.0,50.0,303.0,20.0,4.0,0.0,-65.0,10.0,81.0,-10.0,-57.0,30.0,-26.0,10.0,38.0,90.0,189.0,-20.0,-218.0,-7672.0,560,6837,-60.0,-911.0,20.0,63.0,20.0,363.0,140,59,-30.0,-453.0,40.0,23.0,40,85,0,0,180,137,30,54,-20.0,4.0,610,5467,60,531,-180.0,-6305.0,-180.0,-1012.0,-10.0,-35.0,0.0,19.0,-20.0,-121.0,-20.0,3.0,10.0,13.0,-50.0,-76.0,60.0,15.0,-40.0,-71.0,70.0,34.0,50.0,4.0,60.0,639.0,70.0,645.0,-160.0,61.0,-400.0,-1749.0,-170.0,-259.0,-140.0,-218.0,-30.0,-22.0,-100.0,-84.0,40.0,47.0,-210.0,-889.0,-260.0,-916.0,-10.0,-3.0,10.0,-25.0,10.0,-274.0,-440.0,-980.0
henderson,0.0,12924.0,0.0,11477.0,0.0,IL,-80.0,-10.0,-70.0,10.0,-60.0,-140.0,-40.0,0.0,0.0,0.0,0.0,60.0,-60.0,-20.0,-8034.0,-80.0,-7901.0,-60.0,-3487.0,-70.0,-243.0,0.0,-172.0,-20.0,4.0,-20.0,17.0,-20.0,-732.0,-40.0,-776.0,0.0,-69.0,-40.0,-173.0,0.0,20.0,65.0,-20.0,66.0,-10.0,-143.0,-30.0,133.0,20.0,2.0,0.0,0.0,0.0,86.0,0.0,37.0,-10.0,-22.0,0.0,0.0,40.0,45.0,-30.0,-1246.0,-7260.0,130,1276,-50.0,-611.0,0.0,-9.0,-20.0,31.0,60,16,-30.0,-596.0,0.0,-42.0,0,0,0,0,20,25,0,0,-20.0,-182.0,160,1777,0,0,-40.0,-6638.0,-50.0,-1535.0,0.0,0.0,0.0,7.0,-20.0,-32.0,0.0,2.0,20.0,5.0,10.0,-5.0,20.0,1.0,-10.0,-4.0,-10.0,-5.0,-40.0,-116.0,20.0,199.0,10.0,198.0,-40.0,13.0,-60.0,-1636.0,10.0,-12.0,-20.0,-15.0,20.0,2.0,0.0,3.0,10.0,20.0,-60.0,-1514.0,-80.0,-1652.0,0.0,0.0,20.0,56.0,-60.0,-3.0,0.0,117.0
henry,0.0,5735.0,0.0,5360.0,0.0,IL,-350.0,-60.0,-240.0,-60.0,-320.0,-690.0,-220.0,20.0,20.0,-10.0,0.0,310.0,-210.0,50.0,-8276.0,-350.0,-6093.0,-330.0,-19560.0,330.0,-82.0,-50.0,811.0,-60.0,1205.0,-100.0,-2.0,-60.0,-59.0,-110.0,-9840.0,30.0,2601.0,110.0,1309.0,0.0,-70.0,14.0,40.0,1212.0,-20.0,10926.0,-30.0,2183.0,-30.0,-5.0,-10.0,12.0,-30.0,-3.0,-20.0,-118.0,90.0,94.0,-40.0,-105.0,30.0,3164.0,-70.0,-3729.0,-5453.0,1200,13986,-150.0,-2942.0,70.0,130.0,-20.0,552.0,410,224,-100.0,-2261.0,-20.0,-409.0,70,154,90,23,430,412,80,133,-100.0,-163.0,1140,9363,120,1170,-260.0,-742.0,-210.0,3967.0,-50.0,-260.0,70.0,107.0,-80.0,125.0,0.0,-45.0,20.0,28.0,-70.0,-107.0,70.0,9.0,-50.0,-72.0,20.0,-4.0,-30.0,151.0,120.0,982.0,150.0,1083.0,-240.0,100.0,-250.0,-2387.0,-80.0,-81.0,-110.0,-56.0,-10.0,32.0,-80.0,-62.0,60.0,91.0,-210.0,3971.0,-250.0,3618.0,-10.0,-25.0,-20.0,-338.0,-170.0,2228.0,-90.0,514.0
jodaviess,0.0,12882.0,0.0,9486.0,0.0,IL,-570.0,-450.0,-60.0,-10.0,-540.0,-790.0,-170.0,-30.0,0.0,-30.0,0.0,50.0,-50.0,50.0,-1435.0,-560.0,-1725.0,-590.0,-939.0,-130.0,436.0,-50.0,707.0,-40.0,855.0,0.0,375.0,-70.0,-565.0,-40.0,1785.0,80.0,3407.0,30.0,2434.0,-20.0,-30.0,-42.0,40.0,731.0,-20.0,-610.0,-20.0,-290.0,10.0,2.0,10.0,-178.0,-30.0,-37.0,-20.0,-113.0,50.0,15.0,0.0,-5.0,10.0,33.0,60.0,2262.0,3031.0,870,9056,-10.0,-730.0,70.0,138.0,50.0,671.0,250,136,60.0,144.0,60.0,230.0,50,184,40,8,160,133,80,400,20.0,271.0,770,5568,110,2473,-160.0,263.0,-150.0,-243.0,0.0,-59.0,30.0,9.0,-40.0,231.0,-10.0,0.0,20.0,3.0,-40.0,-31.0,10.0,-5.0,-30.0,34.0,-20.0,-109.0,-80.0,-206.0,140.0,947.0,160.0,888.0,-110.0,41.0,-470.0,2353.0,-70.0,-98.0,-40.0,-61.0,-40.0,-104.0,-60.0,-50.0,70.0,93.0,-120.0,299.0,-170.0,31.0,10.0,-29.0,-10.0,32.0,-130.0,-1489.0,-410.0,21.0
knox,0.0,4587.0,0.0,3852.0,0.0,IL,-300.0,-20.0,-250.0,-20.0,-190.0,-660.0,-170.0,10.0,10.0,0.0,0.0,320.0,-70.0,20.0,-21232.0,-290.0,-20650.0,-310.0,-16147.0,-130.0,135.0,-110.0,-133.0,-100.0,380.0,-80.0,159.0,-70.0,-2128.0,-70.0,-1118.0,90.0,1341.0,60.0,928.0,-40.0,-50.0,84.0,0.0,500.0,0.0,-565.0,-40.0,582.0,-10.0,-4.0,-10.0,-277.0,-10.0,240.0,-30.0,30.0,-20.0,-75.0,30.0,33.0,100.0,625.0,-30.0,1257.0,-21396.0,980,12565,-160.0,-2041.0,130.0,217.0,-40.0,558.0,230,181,-20.0,-1197.0,-50.0,-172.0,60,140,60,11,320,294,90,167,0.0,1615.0,1200,10554,60,592,-190.0,-19865.0,-150.0,-4568.0,-20.0,-219.0,-50.0,-56.0,-30.0,222.0,-30.0,63.0,-30.0,-9.0,-70.0,-54.0,50.0,18.0,-10.0,-85.0,10.0,12.0,-130.0,-500.0,50.0,824.0,60.0,736.0,-370.0,17.0,-280.0,-6151.0,-10.0,17.0,0.0,93.0,30.0,12.0,-130.0,-109.0,60.0,53.0,-180.0,-4795.0,-280.0,-5432.0,0.0,-38.0,-10.0,-4.0,-180.0,281.0,-140.0,-236.0
mercer,16357.0,21162.0,2.0,7972.0,33855.0,IL,-100.0,-60.0,-20.0,0.0,-140.0,-100.0,-20.0,10.0,10.0,0.0,0.0,90.0,0.0,-30.0,-13551.0,-90.0,-13077.0,-90.0,524.0,40.0,-371.0,-60.0,-3509.0,-70.0,-1765.0,-110.0,22.0,0.0,448.0,-90.0,-9177.0,-40.0,531.0,60.0,248.0,-20.0,-60.0,-327.0,20.0,205.0,0.0,148.0,50.0,474.0,-10.0,0.0,0.0,-110.0,0.0,9.0,30.0,71.0,20.0,36.0,0.0,21.0,40.0,537.0,-40.0,-1478.0,-12789.0,350,4432,-60.0,-1487.0,30.0,-44.0,-50.0,26.0,150,95,-50.0,-1430.0,-30.0,-375.0,0,0,20,3,140,145,20,7,-30.0,-370.0,450,4037,20,187,-110.0,-11924.0,-90.0,-1934.0,-10.0,-162.0,30.0,22.0,-60.0,38.0,-30.0,-5.0,-10.0,-4.0,-10.0,-2.0,20.0,11.0,-40.0,-33.0,40.0,13.0,-10.0,-63.0,60.0,405.0,60.0,435.0,-70.0,6.0,-50.0,-1639.0,10.0,75.0,30.0,70.0,40.0,22.0,10.0,1.0,10.0,10.0,-100.0,-2142.0,-70.0,-2521.0,10.0,-2.0,-20.0,-298.0,-70.0,-808.0,0.0,-85.0
peoria,0.0,39209.0,0.0,24053.0,0.0,IL,-2720.0,-1180.0,-1050.0,-430.0,-1260.0,-5560.0,-2130.0,-420.0,40.0,-470.0,0.0,900.0,-710.0,20.0,-97983.0,-2710.0,-98752.0,-2580.0,-225440.0,-1080.0,-1669.0,-660.0,-1473.0,-600.0,1354.0,-360.0,1476.0,-50.0,-10206.0,-610.0,133624.0,90.0,1804.0,500.0,19586.0,0.0,-710.0,-546.0,200.0,4950.0,-110.0,-17600.0,-460.0,-769.0,-20.0,-3.0,-60.0,-942.0,-130.0,-90.0,-40.0,37.0,-280.0,-297.0,20.0,88.0,30.0,196.0,-610.0,-9511.0,-9513.0,3930,47782,-1010.0,-12783.0,390.0,753.0,-520.0,4190.0,1880,1056,-620.0,-7769.0,-570.0,-5017.0,350,1292,280,172,2230,2287,600,2338,-520.0,4709.0,4350,32474,460,7075,-2200.0,-59648.0,-2120.0,-14061.0,-200.0,-1525.0,30.0,123.0,-900.0,-5694.0,-480.0,-8247.0,-70.0,15.0,-350.0,-322.0,230.0,52.0,-340.0,-368.0,-20.0,22.0,-220.0,-1110.0,380.0,2894.0,380.0,3043.0,-810.0,292.0,-2450.0,-21894.0,-430.0,-1531.0,-420.0,-1473.0,-440.0,-534.0,-400.0,-403.0,160.0,162.0,-1960.0,-8482.0,-2190.0,-9568.0,-280.0,-423.0,-100.0,-28.0,-1080.0,9377.0,-1420.0,-2867.0
rock island,0.0,10341.0,0.0,9602.0,0.0,IL,-1350.0,-430.0,-620.0,-310.0,-500.0,-3080.0,-1190.0,40.0,80.0,-20.0,-30.0,910.0,-720.0,50.0,-75704.0,-1330.0,-76797.0,-1200.0,-70727.0,850.0,1048.0,-380.0,-1812.0,-340.0,-903.0,-380.0,923.0,60.0,-1157.0,-470.0,18844.0,160.0,3613.0,120.0,5545.0,20.0,-430.0,-659.0,170.0,3313.0,-70.0,-13995.0,-340.0,-1093.0,-60.0,-7.0,-10.0,-710.0,-10.0,97.0,-40.0,-15.0,-110.0,-333.0,-40.0,-40.0,0.0,250.0,-250.0,-5459.0,-41663.0,3060,34895,-510.0,-6375.0,240.0,408.0,-300.0,1865.0,1640,1179,-230.0,-3776.0,-230.0,-2085.0,290,917,370,107,1720,1657,300,1205,-260.0,859.0,3440,25450,570,5711,-680.0,-51223.0,-650.0,-15678.0,-80.0,-863.0,110.0,94.0,-420.0,-1418.0,-50.0,-290.0,50.0,20.0,-320.0,-352.0,250.0,69.0,-300.0,-406.0,140.0,57.0,-10.0,-388.0,250.0,2212.0,240.0,2383.0,-680.0,238.0,-1260.0,-13739.0,-400.0,-643.0,-450.0,-694.0,-250.0,-311.0,-370.0,-387.0,20.0,50.0,-520.0,-14696.0,-760.0,-14848.0,-50.0,-116.0,-100.0,47.0,-360.0,-5439.0,-900.0,-3099.0
stephenson,11487.0,10575.0,1.0,8142.0,33822.0,IL,-210.0,-40.0,-130.0,-40.0,30.0,-620.0,-270.0,-100.0,-10.0,-90.0,0.0,200.0,-150.0,170.0,-9937.0,-210.0,-8998.0,-270.0,439.0,-190.0,-528.0,-90.0,1082.0,-150.0,1465.0,-90.0,166.0,-80.0,-2079.0,-30.0,-22319.0,100.0,2894.0,200.0,1421.0,-10.0,-220.0,-1285.0,80.0,1761.0,-20.0,3659.0,-20.0,939.0,-30.0,-4.0,10.0,33.0,-20.0,447.0,-10.0,-67.0,-20.0,-98.0,20.0,-39.0,30.0,663.0,-90.0,-4540.0,-20684.0,1410,16270,-130.0,-2510.0,60.0,88.0,-90.0,-16.0,240,174,-80.0,-2482.0,-40.0,-604.0,70,222,40,4,270,256,80,181,-50.0,-1855.0,1170,8467,100,847,10.0,-6646.0,50.0,-530.0,-20.0,-185.0,0.0,-19.0,-20.0,47.0,-50.0,36.0,-30.0,10.0,-20.0,-90.0,60.0,21.0,-20.0,13.0,-10.0,3.0,-10.0,73.0,110.0,1208.0,100.0,1122.0,-190.0,90.0,-120.0,2236.0,-200.0,-401.0,-140.0,-371.0,-90.0,-204.0,-70.0,-87.0,70.0,87.0,50.0,-581.0,-40.0,-247.0,0.0,-37.0,10.0,44.0,-120.0,-2523.0,-70.0,-681.0
tazewell,0.0,4233.0,0.0,3514.0,0.0,IL,-760.0,-280.0,-380.0,-110.0,-420.0,-1470.0,-530.0,-120.0,20.0,-140.0,30.0,620.0,-330.0,270.0,-30500.0,-770.0,-30032.0,-930.0,-52020.0,-310.0,-609.0,-320.0,-5160.0,-210.0,-4012.0,-180.0,1209.0,150.0,4044.0,-210.0,-20889.0,230.0,6996.0,740.0,29781.0,-20.0,-560.0,-81.0,370.0,6109.0,20.0,2601.0,190.0,468.0,20.0,4.0,-20.0,-321.0,20.0,568.0,0.0,-55.0,-30.0,-2.0,40.0,-15.0,300.0,1783.0,-10.0,1357.0,-16405.0,3250,38080,-430.0,-6706.0,470.0,588.0,-10.0,3661.0,1170,721,20.0,-2727.0,10.0,-1513.0,250,776,180,102,1940,1912,340,921,-30.0,2721.0,3060,20562,350,5505,-580.0,-30150.0,-520.0,-1261.0,-50.0,-502.0,120.0,304.0,-280.0,755.0,-140.0,64.0,50.0,65.0,-70.0,-75.0,170.0,53.0,-50.0,89.0,130.0,59.0,0.0,-315.0,350.0,2306.0,370.0,2597.0,-520.0,228.0,-670.0,-608.0,-150.0,-513.0,-150.0,-552.0,-80.0,-66.0,-160.0,-138.0,170.0,160.0,-530.0,-2023.0,-580.0,-2465.0,-100.0,-77.0,0.0,-394.0,-310.0,-1997.0,-300.0,758.0
warren,0.0,14790.0,0.0,10456.0,0.0,IL,-120.0,-50.0,-50.0,-20.0,-150.0,-310.0,-130.0,-40.0,-40.0,0.0,0.0,90.0,-100.0,40.0,-8354.0,-140.0,-7503.0,-160.0,-5708.0,-60.0,78.0,-80.0,24.0,-70.0,126.0,50.0,79.0,-60.0,1198.0,-80.0,-3508.0,10.0,457.0,60.0,1851.0,-10.0,-30.0,67.0,70.0,885.0,0.0,364.0,-40.0,851.0,10.0,2.0,10.0,102.0,20.0,298.0,-20.0,-165.0,-20.0,-11.0,10.0,51.0,60.0,321.0,-30.0,-1463.0,-11996.0,350,4725,-110.0,-1345.0,60.0,110.0,-40.0,211.0,60,33,-30.0,-1043.0,-20.0,-216.0,0,0,0,0,60,59,0,0,-40.0,-44.0,360,3206,40,175,-150.0,-5618.0,-130.0,-1667.0,-30.0,-154.0,10.0,28.0,-110.0,-117.0,-20.0,4.0,10.0,1.0,-40.0,-29.0,20.0,6.0,-40.0,-85.0,10.0,-5.0,-40.0,165.0,20.0,246.0,30.0,269.0,-100.0,29.0,-160.0,-1811.0,-60.0,-136.0,-50.0,-117.0,-30.0,-86.0,-60.0,-35.0,-10.0,9.0,-80.0,-1533.0,-100.0,-1247.0,-10.0,-1.0,0.0,-20.0,10.0,860.0,-110.0,-844.0
whiteside,7718.0,0.0,0.0,0.0,23843.0,IL,-470.0,-250.0,-230.0,-30.0,-450.0,-1140.0,-520.0,-110.0,-20.0,-90.0,0.0,530.0,-360.0,70.0,-31171.0,-490.0,-30492.0,-460.0,-11098.0,-240.0,-81.0,-180.0,924.0,-170.0,767.0,-250.0,480.0,-60.0,-1513.0,-170.0,-11998.0,60.0,166.0,130.0,4722.0,-10.0,-160.0,-660.0,80.0,817.0,-10.0,-7247.0,-110.0,679.0,-10.0,0.0,0.0,-126.0,-40.0,315.0,-20.0,-15.0,-90.0,-125.0,0.0,38.0,30.0,317.0,-160.0,-6654.0,-28082.0,1410,16233,-270.0,-3209.0,80.0,114.0,-120.0,171.0,390,187,-160.0,-2879.0,-80.0,-749.0,100,339,50,9,400,355,80,287,-100.0,-2180.0,1190,9555,130,1310,-180.0,-24929.0,-150.0,-5762.0,-30.0,-208.0,20.0,47.0,-170.0,16.0,-70.0,16.0,0.0,12.0,-30.0,-7.0,100.0,31.0,-130.0,-159.0,-40.0,-63.0,-40.0,-406.0,80.0,815.0,50.0,881.0,-290.0,97.0,-450.0,-2190.0,-160.0,-329.0,-150.0,-361.0,-120.0,-102.0,-90.0,-53.0,10.0,25.0,-90.0,-5821.0,-150.0,-6470.0,-20.0,-36.0,-30.0,-273.0,-210.0,-3098.0,-270.0,-357.0
adams,418.0,0.0,0.0,0.0,1849.0,IL,-390.0,-110.0,-140.0,-160.0,-460.0,-830.0,-390.0,-60.0,-60.0,0.0,-50.0,500.0,-590.0,190.0,-13848.0,-400.0,-12640.0,-400.0,-23677.0,-130.0,1297.0,-150.0,738.0,-130.0,1320.0,-10.0,696.0,-10.0,603.0,-110.0,-13848.0,80.0,335.0,240.0,4228.0,-20.0,-180.0,-788.0,100.0,1197.0,20.0,15193.0,60.0,1208.0,-20.0,-1.0,-10.0,-297.0,10.0,346.0,-30.0,-131.0,20.0,-87.0,-40.0,-121.0,50.0,1102.0,-50.0,-761.0,-8293.0,1630,21630,-160.0,-2722.0,80.0,136.0,-10.0,1113.0,330,174,-70.0,-1426.0,-40.0,29.0,60,151,50,9,400,367,170,890,-70.0,2097.0,1300,10145,170,2431,-290.0,-9125.0,-250.0,-259.0,-30.0,-81.0,-30.0,-3.0,-60.0,-410.0,20.0,-297.0,-30.0,-28.0,-40.0,43.0,90.0,38.0,-140.0,-186.0,110.0,192.0,0.0,165.0,150.0,1099.0,130.0,1005.0,-320.0,89.0,-390.0,199.0,-140.0,-250.0,-130.0,-203.0,-140.0,-46.0,-50.0,-7.0,90.0,100.0,-160.0,-253.0,-350.0,-12.0,-20.0,-15.0,0.0,-74.0,-180.0,620.0,-210.0,313.0
brown,1403.0,0.0,0.0,0.0,3612.0,IL,-10.0,-20.0,-10.0,0.0,-40.0,-50.0,-50.0,-10.0,-10.0,0.0,0.0,40.0,-20.0,30.0,5528.0,-20.0,5471.0,-10.0,287.0,0.0,219.0,-10.0,329.0,-20.0,368.0,-10.0,-5.0,-20.0,1033.0,0.0,781.0,-10.0,-339.0,50.0,570.0,10.0,10.0,62.0,20.0,286.0,10.0,762.0,-20.0,-57.0,-10.0,-1.0,0.0,0.0,0.0,-86.0,-10.0,-33.0,-20.0,-7.0,-20.0,-52.0,20.0,84.0,0.0,577.0,2925.0,120,1686,-30.0,-70.0,20.0,24.0,-10.0,87.0,0,0,0.0,52.0,-20.0,-12.0,0,0,0,0,0,0,0,0,-20.0,234.0,130,1276,0,0,20.0,3037.0,30.0,609.0,0.0,0.0,-20.0,-9.0,10.0,23.0,-20.0,-2.0,0.0,6.0,0.0,3.0,10.0,6.0,-10.0,-6.0,-10.0,13.0,-10.0,8.0,10.0,42.0,20.0,78.0,-10.0,7.0,-10.0,1809.0,0.0,11.0,-10.0,20.0,0.0,5.0,0.0,-2.0,30.0,23.0,30.0,595.0,0.0,557.0,0.0,0.0,0.0,0.0,10.0,-78.0,-30.0,146.0
cass,2092.0,0.0,0.0,0.0,6723.0,IL,-170.0,-70.0,-80.0,-30.0,-190.0,-350.0,-190.0,-10.0,-10.0,0.0,0.0,140.0,-200.0,-10.0,6390.0,-170.0,6388.0,-160.0,-272.0,30.0,-199.0,-10.0,68.0,-30.0,85.0,-20.0,30.0,40.0,-1226.0,180.0,6228.0,50.0,1269.0,350.0,3657.0,0.0,-20.0,25.0,30.0,437.0,0.0,-1091.0,-50.0,-2.0,10.0,-3.0,0.0,261.0,-20.0,-12.0,-10.0,-3.0,-30.0,-13.0,20.0,24.0,190.0,809.0,20.0,545.0,1289.0,310,3654,-60.0,-611.0,70.0,145.0,10.0,149.0,150,103,30.0,-264.0,0.0,-119.0,0,0,0,0,50,39,0,0,10.0,40.0,380,3688,40,213,-80.0,7014.0,-70.0,609.0,0.0,9.0,30.0,11.0,-40.0,-41.0,10.0,4.0,0.0,-17.0,-140.0,-147.0,-10.0,-2.0,70.0,115.0,50.0,24.0,-20.0,-281.0,20.0,237.0,20.0,251.0,-50.0,32.0,-150.0,22.0,-90.0,-228.0,-90.0,-244.0,-110.0,-214.0,-160.0,-185.0,0.0,1.0,40.0,650.0,60.0,467.0,0.0,0.0,0.0,-14.0,-20.0,-41.0,-170.0,-679.0
hancock,2527.0,0.0,0.0,0.0,9567.0,IL,-200.0,-90.0,-60.0,-60.0,-170.0,-290.0,-90.0,-10.0,-10.0,0.0,-20.0,140.0,-130.0,10.0,-10693.0,-200.0,-10280.0,-180.0,-5808.0,-20.0,-114.0,-50.0,-861.0,-20.0,-726.0,-10.0,55.0,40.0,109.0,-70.0,-2476.0,50.0,1168.0,20.0,2847.0,-20.0,-20.0,104.0,10.0,336.0,30.0,-2266.0,60.0,413.0,0.0,-2.0,-10.0,-215.0,-40.0,77.0,0.0,13.0,10.0,-23.0,0.0,-15.0,120.0,473.0,-30.0,-135.0,-3058.0,460,5400,-20.0,-539.0,10.0,-7.0,0.0,271.0,190,64,-40.0,-291.0,-10.0,-21.0,0,0,0,0,50,39,0,0,-20.0,-184.0,400,3697,20,189,-120.0,-6142.0,-130.0,-404.0,-20.0,-84.0,40.0,52.0,0.0,-26.0,10.0,-56.0,20.0,16.0,0.0,-9.0,50.0,12.0,-50.0,-1.0,0.0,51.0,0.0,71.0,60.0,471.0,70.0,481.0,-100.0,9.0,-140.0,-56.0,-60.0,-147.0,-20.0,-120.0,-50.0,-51.0,-20.0,-18.0,40.0,53.0,-110.0,-377.0,-130.0,-349.0,-10.0,17.0,-10.0,-48.0,-50.0,-170.0,-80.0,-40.0
logan,1449.0,0.0,0.0,0.0,4379.0,IL,-130.0,-20.0,-110.0,-20.0,-290.0,-290.0,-90.0,40.0,-20.0,60.0,-20.0,360.0,-340.0,20.0,-13156.0,-140.0,-13560.0,-130.0,-8841.0,-90.0,-306.0,-60.0,74.0,-50.0,190.0,-90.0,196.0,10.0,82.0,-30.0,-506.0,40.0,293.0,90.0,2021.0,-20.0,20.0,106.0,30.0,569.0,10.0,-5235.0,20.0,-404.0,0.0,-1.0,-10.0,-175.0,-10.0,-3.0,-20.0,-25.0,0.0,16.0,0.0,26.0,10.0,-14.0,-60.0,-1412.0,-11067.0,730,9135,-110.0,-1513.0,30.0,28.0,-60.0,267.0,140,92,-50.0,-1156.0,-20.0,-426.0,40,59,0,0,220,212,40,60,-80.0,299.0,410,2853,40,234,-160.0,-7667.0,-160.0,-1610.0,-30.0,-110.0,-10.0,37.0,-90.0,31.0,-20.0,8.0,-40.0,-4.0,-20.0,-21.0,40.0,10.0,-60.0,-64.0,0.0,-3.0,0.0,-314.0,70.0,391.0,50.0,385.0,-110.0,44.0,-90.0,-601.0,0.0,28.0,0.0,-15.0,20.0,39.0,-90.0,-64.0,50.0,40.0,-170.0,-1642.0,-170.0,-1980.0,-10.0,-35.0,-10.0,-15.0,-60.0,-1633.0,-50.0,-305.0
marshall,1734.0,0.0,0.0,0.0,4669.0,IL,-190.0,-50.0,-90.0,-40.0,-110.0,-390.0,-130.0,10.0,0.0,10.0,0.0,90.0,-90.0,0.0,-1166.0,-190.0,-1542.0,-180.0,-3371.0,-50.0,-157.0,-20.0,-261.0,-40.0,-46.0,-70.0,57.0,-10.0,-978.0,-40.0,4811.0,-20.0,-614.0,30.0,1679.0,-10.0,-80.0,-192.0,-20.0,469.0,0.0,-2915.0,-20.0,-376.0,0.0,-2.0,0.0,-45.0,0.0,9.0,0.0,-49.0,-20.0,-26.0,10.0,21.0,20.0,-52.0,-60.0,-1277.0,-4224.0,340,3974,-60.0,-876.0,20.0,47.0,-30.0,92.0,60,15,-70.0,-755.0,-40.0,-385.0,0,0,0,0,110,92,0,0,-30.0,130.0,250,1910,0,0,-130.0,689.0,-130.0,-94.0,-20.0,-39.0,10.0,35.0,-70.0,-39.0,-30.0,-9.0,0.0,2.0,-40.0,-46.0,20.0,6.0,-20.0,-8.0,0.0,-3.0,0.0,-83.0,30.0,252.0,30.0,278.0,-80.0,7.0,-160.0,-1397.0,-40.0,-138.0,-20.0,-136.0,-50.0,-47.0,-40.0,-34.0,10.0,28.0,-90.0,-49.0,-100.0,-114.0,10.0,-1.0,-10.0,38.0,-60.0,119.0,-80.0,52.0
mason,1341.0,0.0,1.0,0.0,5000.0,IL,20.0,0.0,-30.0,50.0,-100.0,70.0,60.0,10.0,0.0,10.0,0.0,180.0,-140.0,0.0,-4413.0,20.0,-3653.0,-10.0,-1153.0,-70.0,21.0,-20.0,-179.0,20.0,-74.0,-20.0,67.0,-40.0,820.0,140.0,3336.0,70.0,575.0,90.0,1891.0,-30.0,-40.0,41.0,10.0,874.0,-10.0,-1096.0,20.0,760.0,0.0,1.0,-10.0,-267.0,10.0,276.0,-30.0,-92.0,20.0,7.0,-10.0,-24.0,90.0,831.0,-10.0,-434.0,-10198.0,280,3864,-40.0,-893.0,30.0,54.0,0.0,108.0,40,19,0.0,-737.0,30.0,-82.0,0,0,0,0,80,56,0,0,-20.0,-141.0,210,1809,0,0,20.0,-5041.0,0.0,-2238.0,0.0,-51.0,10.0,6.0,20.0,140.0,-20.0,76.0,-30.0,-1.0,40.0,59.0,0.0,1.0,10.0,-4.0,30.0,6.0,-10.0,-167.0,40.0,330.0,50.0,318.0,-90.0,10.0,30.0,-953.0,80.0,184.0,70.0,174.0,50.0,51.0,10.0,27.0,10.0,29.0,-10.0,-2319.0,-40.0,-2504.0,0.0,-12.0,10.0,-73.0,-80.0,130.0,80.0,499.0
menard,3478.0,0.0,0.0,0.0,11101.0,IL,-70.0,-60.0,-40.0,-10.0,-30.0,-130.0,-30.0,10.0,0.0,10.0,0.0,90.0,10.0,30.0,802.0,-70.0,937.0,-100.0,-371.0,-50.0,-131.0,-60.0,-83.0,-50.0,-26.0,-40.0,43.0,10.0,-369.0,0.0,-3261.0,20.0,690.0,40.0,1736.0,-10.0,-20.0,-81.0,-10.0,440.0,0.0,-422.0,80.0,135.0,0.0,0.0,10.0,5.0,10.0,102.0,-10.0,-8.0,10.0,-3.0,10.0,23.0,150.0,223.0,50.0,239.0,2355.0,330,3926,20.0,-101.0,20.0,57.0,30.0,241.0,100,54,30.0,203.0,10.0,88.0,0,0,0,0,160,151,20,24,20.0,61.0,300,1852,0,0,-60.0,2114.0,-80.0,434.0,-10.0,-2.0,0.0,1.0,-80.0,4.0,-10.0,1.0,0.0,2.0,-50.0,-53.0,-10.0,-1.0,10.0,3.0,-20.0,-28.0,-10.0,-71.0,20.0,168.0,10.0,131.0,-40.0,29.0,-50.0,1509.0,-10.0,-55.0,-30.0,-70.0,-30.0,-7.0,-20.0,-25.0,0.0,17.0,-10.0,407.0,-20.0,276.0,-10.0,5.0,0.0,-43.0,-60.0,-864.0,-10.0,214.0
morgan,4800.0,0.0,0.0,0.0,7944.0,IL,-90.0,20.0,-70.0,-50.0,-30.0,-230.0,-130.0,-30.0,-30.0,0.0,20.0,170.0,-180.0,60.0,-6195.0,-90.0,-7517.0,-150.0,149.0,-200.0,-992.0,-50.0,1971.0,-20.0,1679.0,0.0,128.0,0.0,-925.0,-60.0,-8087.0,30.0,1024.0,200.0,3430.0,-40.0,-20.0,-57.0,60.0,1098.0,-20.0,-6195.0,-90.0,-1322.0,-30.0,-13.0,-10.0,-274.0,0.0,374.0,-20.0,-104.0,-70.0,-107.0,-10.0,-23.0,100.0,-538.0,-20.0,809.0,-3747.0,740,9532,-130.0,-853.0,70.0,158.0,-20.0,107.0,190,122,-30.0,-645.0,-20.0,-74.0,20,67,0,0,210,207,70,212,-40.0,881.0,660,5573,50,471,-160.0,-3203.0,-120.0,-1760.0,-20.0,-141.0,-10.0,-12.0,-150.0,-27.0,-40.0,7.0,-20.0,1.0,-100.0,-114.0,10.0,0.0,20.0,24.0,-10.0,104.0,0.0,-362.0,60.0,575.0,30.0,562.0,-140.0,59.0,-60.0,2831.0,-60.0,-223.0,-70.0,-283.0,-50.0,-50.0,-100.0,-138.0,30.0,31.0,-80.0,-1720.0,-10.0,-1952.0,10.0,-36.0,-10.0,-26.0,-10.0,-5156.0,-40.0,-308.0
mcdonough,1615.0,0.0,0.0,0.0,5661.0,IL,-450.0,-190.0,-220.0,-30.0,-330.0,-820.0,-200.0,-10.0,0.0,-20.0,0.0,110.0,-240.0,10.0,-27221.0,-440.0,-26643.0,-460.0,-20491.0,-50.0,281.0,-140.0,305.0,-120.0,476.0,50.0,340.0,-10.0,937.0,-100.0,-7992.0,30.0,-24.0,80.0,2729.0,-10.0,100.0,189.0,-10.0,108.0,10.0,2863.0,-70.0,578.0,0.0,0.0,-10.0,91.0,-20.0,10.0,10.0,83.0,-90.0,-165.0,-40.0,-155.0,130.0,760.0,-90.0,-2742.0,-6334.0,510,7447,-120.0,-1141.0,30.0,78.0,-50.0,8.0,160,55,-80.0,-1023.0,-20.0,-24.0,30,43,0,0,110,98,30,63,-70.0,-513.0,550,3775,20,409,-310.0,-17929.0,-330.0,-3085.0,-20.0,-44.0,-10.0,45.0,-130.0,-125.0,-60.0,10.0,-20.0,2.0,-80.0,-63.0,50.0,17.0,-40.0,-88.0,20.0,2.0,-10.0,-33.0,30.0,453.0,40.0,451.0,-60.0,71.0,-370.0,-3411.0,-10.0,-12.0,10.0,-12.0,-50.0,-18.0,-50.0,-54.0,30.0,56.0,-260.0,-2541.0,-280.0,-2516.0,0.0,-28.0,0.0,-56.0,-10.0,-150.0,-360.0,145.0
pike,959.0,0.0,0.0,0.0,2746.0,IL,-30.0,40.0,-40.0,10.0,-150.0,-130.0,-60.0,20.0,20.0,0.0,10.0,290.0,-340.0,50.0,14031.0,-30.0,13832.0,-50.0,1921.0,-40.0,612.0,-30.0,-72.0,-50.0,43.0,-80.0,46.0,30.0,-96.0,-80.0,1905.0,-10.0,219.0,20.0,2027.0,-10.0,-20.0,-98.0,30.0,-325.0,10.0,2436.0,-10.0,-199.0,-10.0,-6.0,0.0,0.0,-10.0,19.0,-10.0,-82.0,10.0,-26.0,0.0,16.0,-10.0,-87.0,-30.0,-1386.0,5646.0,290,3835,-80.0,-782.0,10.0,33.0,-60.0,-107.0,50,19,-50.0,-1083.0,-30.0,-148.0,0,0,0,0,50,43,0,0,-50.0,217.0,330,3052,0,0,-40.0,15588.0,-40.0,3632.0,-10.0,-48.0,20.0,-2.0,-60.0,98.0,10.0,1.0,10.0,5.0,30.0,-2.0,-30.0,-2.0,-50.0,-45.0,0.0,52.0,10.0,40.0,80.0,513.0,60.0,458.0,-120.0,14.0,10.0,1999.0,-30.0,-124.0,-60.0,-122.0,-30.0,-35.0,-20.0,-4.0,40.0,47.0,-20.0,3577.0,-30.0,3572.0,0.0,0.0,0.0,18.0,-50.0,41.0,0.0,-76.0
schuyler,492.0,0.0,0.0,0.0,2051.0,IL,-10.0,20.0,-30.0,0.0,-10.0,-60.0,-40.0,0.0,0.0,0.0,0.0,60.0,-60.0,30.0,123.0,-10.0,258.0,-40.0,732.0,0.0,144.0,-20.0,46.0,-10.0,159.0,-20.0,-16.0,-10.0,-830.0,-20.0,277.0,-10.0,289.0,80.0,1623.0,0.0,-30.0,-154.0,-10.0,265.0,0.0,-1465.0,-30.0,135.0,10.0,1.0,0.0,0.0,-10.0,10.0,0.0,21.0,-10.0,-21.0,0.0,-8.0,10.0,-25.0,-50.0,-1232.0,-3630.0,120,1392,-50.0,-253.0,0.0,8.0,-60.0,1.0,20,10,-60.0,-223.0,-20.0,-45.0,0,0,0,0,0,0,0,0,-20.0,-116.0,140,1415,0,0,-20.0,1689.0,-10.0,177.0,0.0,6.0,-10.0,-9.0,-10.0,-20.0,10.0,2.0,0.0,4.0,-30.0,-43.0,10.0,4.0,10.0,2.0,0.0,25.0,20.0,112.0,10.0,116.0,10.0,128.0,-40.0,10.0,-10.0,841.0,0.0,13.0,-10.0,-16.0,10.0,-2.0,-40.0,-52.0,0.0,-7.0,-20.0,198.0,-20.0,242.0,0.0,0.0,-10.0,-26.0,10.0,162.0,-50.0,197.0
scott,4628.0,0.0,0.0,0.0,14980.0,IL,-20.0,-10.0,-10.0,-10.0,0.0,-100.0,-30.0,0.0,0.0,0.0,0.0,40.0,-10.0,-10.0,168.0,-30.0,117.0,-40.0,312.0,-60.0,-62.0,-30.0,-24.0,-10.0,13.0,-20.0,-11.0,10.0,400.0,-10.0,-2702.0,10.0,319.0,30.0,-174.0,0.0,20.0,-7.0,0.0,202.0,0.0,-69.0,-10.0,-51.0,0.0,-1.0,0.0,0.0,0.0,-53.0,-10.0,-28.0,0.0,-17.0,0.0,9.0,20.0,109.0,-10.0,10.0,-595.0,100,1490,-30.0,-161.0,10.0,14.0,10.0,-10.0,0,0,-10.0,-131.0,10.0,-17.0,0,0,0,0,0,0,0,0,10.0,-10.0,110,1023,0,0,-50.0,436.0,-30.0,419.0,0.0,0.0,0.0,-6.0,-40.0,-2.0,-20.0,1.0,10.0,2.0,20.0,19.0,-30.0,-5.0,-30.0,-60.0,10.0,56.0,20.0,66.0,0.0,80.0,0.0,57.0,-30.0,11.0,-20.0,369.0,-20.0,3.0,0.0,1.0,10.0,25.0,0.0,10.0,0.0,1.0,-30.0,421.0,-10.0,485.0,0.0,0.0,-10.0,-24.0,-10.0,85.0,-30.0,87.0
woodford,0.0,20881.0,0.0,24750.0,0.0,IL,-260.0,-130.0,-100.0,-10.0,-150.0,-410.0,-100.0,-30.0,0.0,-30.0,0.0,160.0,-130.0,110.0,1382.0,-260.0,2507.0,-300.0,-23144.0,-10.0,378.0,-20.0,-401.0,0.0,-122.0,90.0,366.0,40.0,-667.0,-50.0,-107.0,100.0,1184.0,280.0,12892.0,0.0,-120.0,426.0,90.0,2663.0,40.0,5686.0,30.0,1125.0,-10.0,2.0,10.0,230.0,-20.0,152.0,0.0,2.0,-40.0,-64.0,30.0,88.0,110.0,42.0,10.0,-221.0,-5790.0,1180,15654,-110.0,-3603.0,130.0,217.0,-20.0,1622.0,410,248,10.0,-1700.0,-20.0,-533.0,120,334,50,19,410,425,130,321,-50.0,1076.0,990,6458,100,972,-90.0,1317.0,-70.0,347.0,-60.0,-73.0,40.0,43.0,-40.0,218.0,10.0,40.0,-20.0,-1.0,-10.0,0.0,60.0,8.0,-70.0,46.0,10.0,79.0,0.0,268.0,90.0,637.0,120.0,689.0,-140.0,22.0,-190.0,-365.0,-60.0,-151.0,-20.0,-159.0,-100.0,-39.0,10.0,-3.0,60.0,49.0,-10.0,126.0,-20.0,522.0,-50.0,-63.0,10.0,100.0,-160.0,1584.0,-40.0,362.0
