County,D0,D1,OTHER0,R0,R1,STATE,N1,MARS1,MARS2,MARS4,ELF,CPREP,PREP,DIR_DEP,N2,NUMDEP,TOTAL_VITA,VITA,TCE,VITA_EIC,RAC,ELDERLY,A00100,N02650,A02650,N00200,A00200,N00300,A00300,N00600,A00600,N00650,A00650,N00700,A00700,N00900,A00900,N01000,A01000,N01750,A01750,SCHF,N02300,A02300,N02500,A02500,N26270,A26270,N02900,A02900,N03220,A03220,N03300,A03300,N03270,A03270,N03150,A03150,N03210,A03210,N04450,A04450,N04100,A04100,N04200,A04200,N04470,A04470,A00101,N17000,A17000,N18425,A18425,N18450,A18450,N18500,A18500,N18800,A18800,N18460,A18460,N18300,A18300,N19300,A19300,N19500,A19500,N19530,A19530,N19570,A19570,N19700,A19700,N20950,A20950,N04475,A04475,N04800,A04800,N05800,A05800,N09600,A09600,N05780,A05780,N07100,A07100,N07300,A07300,N07180,A07180,N07230,A07230,N07240,A07240,N07225,A07225,N07260,A07260,N09400,A09400,N85770,A85770,N85775,A85775,N09750,A09750,N10600,A10600,N59660,A59660,N59720,A59720,N11070,A11070,N10960,A10960,N11560,A11560,N06500,A06500,N10300,A10300,N85530,A85530,N85300,A85300,N11901,A11901,N11900,A11900,N11902,A11902,N12000,A12000
adams,13291.0,0.0,0.0,25596.0,0.0,PA,360.0,270.0,120.0,-50.0,1020.0,-370.0,-50.0,60.0,-30.0,-590.0,80.0,60.0,10.0,-10.0,-160.0,450.0,228009.0,360.0,220413.0,140.0,89273.0,1070.0,3327.0,70.0,4942.0,100.0,2662.0,-620.0,-369.0,40.0,-809.0,-240.0,20266.0,15740.0,461799.0,20.0,-150.0,-1295.0,510.0,14882.0,20.0,2614.0,-160.0,-7596.0,-70.0,-15.0,-10.0,185.0,-140.0,-226.0,-80.0,-484.0,40.0,138.0,47610.0,836044.0,47610.0,814190.0,10950.0,21855.0,-12220.0,-221487.0,-1143375.0,-2560.0,-13964.0,-10520.0,-53214.0,-1350.0,-1356.0,-11250.0,-44941.0,-1130.0,-470.0,3870.0,28990.0,-12210.0,-115673.0,-9800.0,-58355.0,-210.0,-520.0,-430.0,-123.0,-130.0,-82.0,-8750.0,-17411.0,-170.0,-158.0,5630.0,35495.0,-120.0,265260.0,-260.0,2246.0,-640.0,-2682.0,-140.0,445.0,2550.0,17713.0,250.0,362.0,-30.0,16.0,-110.0,-235.0,130.0,33.0,11980.0,27436.0,-360.0,-93.0,60.0,409.0,10.0,10072.0,10.0,10594.0,-310.0,-190.0,280.0,-19918.0,-160.0,-290.0,90.0,24.0,710.0,3145.0,-170.0,-231.0,-150.0,-222.0,-1790.0,-15145.0,-1480.0,-14715.0,50.0,174.0,100.0,-1245.0,300.0,6722.0,-10.0,1389.0,-100.0,-1867.0,140.0,3637.0
bedford,3489.0,0.0,0.0,15311.0,0.0,PA,-90.0,30.0,-110.0,-50.0,270.0,-100.0,50.0,340.0,-440.0,-270.0,-10.0,-10.0,10.0,0.0,70.0,130.0,41254.0,-90.0,38016.0,-160.0,29652.0,60.0,1076.0,-50.0,307.0,-40.0,-229.0,-300.0,-73.0,-100.0,-2251.0,-70.0,577.0,6610.0,156417.0,10.0,-210.0,-867.0,190.0,4939.0,10.0,1853.0,-280.0,-3238.0,10.0,2.0,-20.0,-117.0,-80.0,-341.0,-20.0,-107.0,-90.0,-23.0,22010.0,393789.0,22010.0,384036.0,4910.0,9753.0,-2880.0,-50232.0,-265064.0,-570.0,-4005.0,-2510.0,-11991.0,-310.0,-389.0,-2540.0,-5729.0,-200.0,-82.0,650.0,4074.0,-2890.0,-20652.0,-2070.0,-10906.0,-60.0,-139.0,-50.0,-17.0,-30.0,-65.0,-2080.0,-7042.0,-90.0,-470.0,2610.0,15911.0,-180.0,37569.0,-170.0,-9786.0,-170.0,-577.0,-10.0,141.0,890.0,6461.0,-30.0,37.0,-40.0,-11.0,0.0,-22.0,120.0,32.0,5030.0,10625.0,-130.0,18.0,-70.0,-165.0,10.0,2068.0,-10.0,2243.0,-80.0,-22.0,-60.0,-11346.0,-140.0,-367.0,-20.0,-171.0,390.0,1632.0,-50.0,-72.0,-10.0,60.0,-1060.0,-16350.0,-910.0,-16488.0,0.0,14.0,10.0,-51.0,-420.0,-3058.0,360.0,984.0,310.0,826.0,70.0,869.0
blair,12497.0,0.0,0.0,30851.0,0.0,PA,0.0,90.0,-140.0,60.0,680.0,-220.0,-240.0,920.0,-540.0,-360.0,30.0,20.0,0.0,-30.0,140.0,350.0,221080.0,-40.0,212020.0,-90.0,82495.0,400.0,3276.0,-70.0,19410.0,40.0,16827.0,-600.0,-86.0,30.0,-7913.0,-230.0,52795.0,17350.0,408246.0,-10.0,-480.0,-3234.0,410.0,10570.0,10.0,26170.0,-510.0,-9060.0,-30.0,-7.0,-10.0,-312.0,-60.0,-199.0,-130.0,-781.0,-140.0,-24.0,56760.0,969218.0,56760.0,944840.0,12430.0,24377.0,-6890.0,-112941.0,-688430.0,-1170.0,-5929.0,-6060.0,-33930.0,-740.0,-662.0,-6250.0,-16418.0,-480.0,-128.0,1850.0,12864.0,-6870.0,-63314.0,-5270.0,-26424.0,-70.0,-97.0,-130.0,-88.0,-110.0,334.0,-5070.0,-15176.0,-160.0,-472.0,5470.0,47495.0,-480.0,192178.0,-500.0,-11200.0,-610.0,-2395.0,-30.0,220.0,2450.0,17285.0,30.0,559.0,-20.0,55.0,60.0,-56.0,210.0,59.0,12870.0,27293.0,-440.0,-120.0,0.0,-501.0,40.0,3869.0,-10.0,4091.0,-240.0,-129.0,-90.0,-16753.0,-270.0,-389.0,100.0,44.0,960.0,4104.0,-110.0,-149.0,-10.0,88.0,-2590.0,-28486.0,-2340.0,-27990.0,50.0,35.0,90.0,976.0,-940.0,1462.0,810.0,12577.0,650.0,8995.0,280.0,3583.0
cambria,18579.0,0.0,0.0,9172.0,21683.0,PA,-250.0,100.0,-400.0,70.0,910.0,-570.0,-180.0,950.0,-1160.0,-520.0,80.0,90.0,0.0,-10.0,210.0,330.0,118252.0,-270.0,114811.0,-300.0,76989.0,310.0,4745.0,-240.0,7241.0,-220.0,5440.0,-530.0,-110.0,-140.0,-200.0,-690.0,-32315.0,20680.0,464722.0,-20.0,-560.0,-3460.0,590.0,14421.0,-80.0,2113.0,-610.0,-3441.0,-60.0,-11.0,-30.0,-657.0,-90.0,-193.0,-100.0,-594.0,-80.0,-50.0,60400.0,1044473.0,60400.0,1015826.0,14570.0,28648.0,-6570.0,-117633.0,-729723.0,-1080.0,-6402.0,-5770.0,-29529.0,-690.0,-591.0,-5940.0,-19143.0,-510.0,-90.0,1380.0,9241.0,-6560.0,-57111.0,-4780.0,-22845.0,-80.0,-183.0,-80.0,-42.0,-80.0,674.0,-4930.0,-14355.0,-290.0,-2729.0,4850.0,26096.0,-880.0,110872.0,-960.0,-27317.0,-580.0,-2156.0,-20.0,319.0,2100.0,17355.0,-140.0,226.0,-100.0,-15.0,-120.0,-191.0,30.0,6.0,12960.0,28128.0,-420.0,-102.0,-90.0,-50.0,80.0,6636.0,40.0,7105.0,-290.0,-187.0,-350.0,-22565.0,-270.0,-153.0,130.0,226.0,1000.0,3895.0,-230.0,-254.0,-10.0,25.0,-2880.0,-44152.0,-2710.0,-44079.0,20.0,80.0,40.0,-198.0,-930.0,-13231.0,540.0,8621.0,470.0,5095.0,150.0,3564.0
cumberland,46726.0,0.0,0.0,10977.0,46840.0,PA,1430.0,700.0,460.0,310.0,2700.0,-440.0,390.0,1430.0,2340.0,470.0,170.0,120.0,80.0,-10.0,120.0,910.0,564269.0,1360.0,551565.0,950.0,248045.0,2000.0,18647.0,240.0,10295.0,270.0,4179.0,-1630.0,313.0,450.0,17899.0,-390.0,-33024.0,39380.0,1272151.0,10.0,-610.0,-2668.0,860.0,33024.0,-20.0,-9738.0,-1170.0,-12704.0,-50.0,0.0,-80.0,-1302.0,-170.0,-951.0,-170.0,-814.0,0.0,-1.0,115860.0,1992136.0,115860.0,1940895.0,25800.0,51240.0,-30210.0,-586962.0,-3278949.0,-4960.0,-29566.0,-26280.0,-154828.0,-3160.0,-2915.0,-27720.0,-101587.0,-3630.0,-1206.0,10720.0,82038.0,-30140.0,-322953.0,-23900.0,-134542.0,-500.0,-1396.0,-1250.0,-484.0,-380.0,-657.0,-23130.0,-63891.0,-500.0,-932.0,15470.0,101207.0,230.0,668446.0,190.0,-33069.0,-3050.0,-13085.0,-140.0,661.0,6450.0,49397.0,180.0,901.0,-30.0,66.0,-60.0,-434.0,300.0,96.0,29780.0,69850.0,-980.0,-7.0,50.0,1268.0,-130.0,8106.0,-120.0,8992.0,-350.0,-135.0,1340.0,-57620.0,-200.0,156.0,390.0,601.0,2180.0,7564.0,-330.0,-412.0,-180.0,-279.0,-3410.0,-82467.0,-2820.0,-77327.0,200.0,362.0,400.0,-2481.0,-80.0,-9676.0,1250.0,9695.0,990.0,167.0,360.0,9756.0
franklin,15634.0,0.0,0.0,39116.0,0.0,PA,670.0,550.0,-80.0,130.0,1120.0,-20.0,130.0,960.0,320.0,-210.0,-60.0,20.0,-80.0,0.0,130.0,430.0,240746.0,660.0,231950.0,720.0,128502.0,1920.0,4666.0,40.0,7132.0,60.0,3445.0,-800.0,-220.0,130.0,8589.0,-220.0,25089.0,22980.0,634479.0,-10.0,-630.0,-3254.0,530.0,14842.0,30.0,23080.0,-360.0,-8796.0,-40.0,-5.0,-20.0,-378.0,-150.0,-890.0,20.0,-254.0,60.0,81.0,72150.0,1262740.0,72150.0,1230531.0,16030.0,32208.0,-14550.0,-256397.0,-1353217.0,-2980.0,-17320.0,-12400.0,-57557.0,-1810.0,-1639.0,-13360.0,-43718.0,-1140.0,-425.0,4640.0,32686.0,-14520.0,-120068.0,-11360.0,-66123.0,-220.0,-614.0,-580.0,-220.0,-170.0,16.0,-10250.0,-32203.0,-170.0,-279.0,8140.0,53038.0,110.0,271956.0,50.0,-14505.0,-780.0,-3039.0,-240.0,294.0,3950.0,24901.0,80.0,-176.0,-110.0,-35.0,0.0,-224.0,350.0,103.0,18500.0,41077.0,-460.0,-28.0,60.0,537.0,100.0,15216.0,80.0,15509.0,-450.0,-272.0,640.0,-29343.0,-150.0,-46.0,300.0,424.0,1540.0,6319.0,-170.0,-261.0,-180.0,-143.0,-2980.0,-39984.0,-2530.0,-39450.0,60.0,27.0,130.0,607.0,-450.0,-3119.0,1040.0,6423.0,910.0,4222.0,180.0,3011.0
fulton,888.0,0.0,0.0,4387.0,0.0,PA,90.0,110.0,-10.0,20.0,230.0,-80.0,80.0,150.0,10.0,-40.0,0.0,0.0,0.0,0.0,10.0,40.0,25776.0,100.0,24712.0,90.0,18214.0,130.0,303.0,20.0,251.0,30.0,73.0,-80.0,-62.0,-60.0,-202.0,-10.0,-1206.0,2170.0,51567.0,-20.0,-130.0,-323.0,40.0,1531.0,-10.0,223.0,-110.0,-1064.0,-10.0,-3.0,-30.0,-369.0,-10.0,-210.0,-10.0,-63.0,-10.0,4.0,6810.0,120087.0,6810.0,117088.0,1510.0,3001.0,-1030.0,-17700.0,-97842.0,-210.0,-1712.0,-900.0,-3936.0,-120.0,-97.0,-940.0,-2975.0,-80.0,-46.0,260.0,1839.0,-1030.0,-7748.0,-790.0,-4391.0,-20.0,-40.0,0.0,0.0,0.0,0.0,-700.0,-2339.0,0.0,0.0,670.0,3635.0,50.0,26265.0,10.0,-627.0,-50.0,-198.0,-40.0,-52.0,310.0,2205.0,-10.0,0.0,-10.0,0.0,-20.0,-12.0,30.0,10.0,1610.0,3645.0,-40.0,-13.0,-30.0,-106.0,-10.0,1330.0,-30.0,1269.0,-50.0,-42.0,100.0,-2919.0,-70.0,-144.0,-20.0,-78.0,140.0,497.0,-20.0,-26.0,-20.0,-13.0,-240.0,-2847.0,-210.0,-3528.0,0.0,-11.0,10.0,-27.0,-100.0,-779.0,160.0,653.0,160.0,503.0,30.0,183.0
huntingdon,4246.0,0.0,0.0,11570.0,0.0,PA,-30.0,90.0,-130.0,10.0,140.0,-70.0,20.0,220.0,-340.0,-170.0,-10.0,0.0,-10.0,0.0,40.0,80.0,38628.0,-30.0,36047.0,60.0,25752.0,150.0,713.0,0.0,1148.0,10.0,576.0,-100.0,-44.0,-130.0,-581.0,-80.0,-1700.0,6110.0,146207.0,-20.0,-200.0,-791.0,150.0,3685.0,-50.0,5589.0,-200.0,-2581.0,-40.0,-5.0,0.0,212.0,-30.0,-116.0,-40.0,-213.0,30.0,61.0,18350.0,324595.0,18350.0,316127.0,4250.0,8463.0,-2510.0,-43778.0,-235060.0,-470.0,-2757.0,-2200.0,-10146.0,-270.0,-228.0,-2250.0,-5277.0,-140.0,-63.0,610.0,3854.0,-2510.0,-17295.0,-1900.0,-10077.0,-30.0,-61.0,-50.0,-11.0,-30.0,-31.0,-1850.0,-5619.0,-50.0,-132.0,1820.0,9335.0,-180.0,41345.0,-150.0,-6658.0,-120.0,-482.0,0.0,74.0,790.0,5614.0,30.0,23.0,-20.0,-10.0,10.0,5.0,50.0,22.0,4350.0,9425.0,-100.0,-27.0,-100.0,-29.0,0.0,1859.0,0.0,1931.0,-130.0,-82.0,0.0,-9484.0,-200.0,-94.0,-20.0,56.0,380.0,1439.0,-20.0,-39.0,-10.0,13.0,-810.0,-12312.0,-710.0,-12696.0,10.0,-8.0,30.0,-98.0,-280.0,-2113.0,250.0,2470.0,200.0,1504.0,60.0,539.0
somerset,6963.0,0.0,0.0,21572.0,0.0,PA,-270.0,-90.0,-240.0,90.0,130.0,-200.0,-370.0,360.0,-700.0,-200.0,80.0,30.0,40.0,0.0,80.0,90.0,91648.0,-270.0,88202.0,-190.0,38453.0,150.0,1826.0,-40.0,3344.0,-50.0,2203.0,-300.0,-168.0,-130.0,2864.0,-240.0,12085.0,10460.0,231871.0,-30.0,-430.0,-2018.0,240.0,6918.0,0.0,12096.0,-480.0,-3446.0,-60.0,-12.0,-10.0,23.0,-50.0,-392.0,-50.0,-183.0,-100.0,-87.0,32760.0,581085.0,32760.0,565802.0,7720.0,15284.0,-4030.0,-73817.0,-400937.0,-700.0,-3799.0,-3520.0,-17415.0,-440.0,-425.0,-3620.0,-10379.0,-320.0,-121.0,900.0,5914.0,-4020.0,-32975.0,-2890.0,-13699.0,-60.0,-109.0,-40.0,-14.0,-50.0,315.0,-2990.0,-9498.0,-120.0,-486.0,3220.0,18349.0,-480.0,92213.0,-510.0,-6436.0,-300.0,-1817.0,-30.0,240.0,1150.0,9543.0,-20.0,235.0,0.0,31.0,-90.0,-148.0,-100.0,-40.0,6990.0,15043.0,-270.0,-73.0,-150.0,-134.0,0.0,4671.0,0.0,5010.0,-190.0,-126.0,-290.0,-14600.0,-230.0,-243.0,20.0,8.0,540.0,2060.0,-130.0,-144.0,-30.0,-7.0,-1540.0,-15798.0,-1450.0,-15635.0,20.0,-34.0,60.0,402.0,-450.0,-36.0,180.0,1014.0,120.0,992.0,130.0,737.0
westmoreland,59841.0,0.0,0.0,85605.0,0.0,PA,-570.0,-10.0,-590.0,10.0,2210.0,-930.0,-540.0,1590.0,-2260.0,-1320.0,220.0,140.0,90.0,40.0,290.0,1180.0,597571.0,-650.0,575404.0,-700.0,255088.0,2500.0,17507.0,-260.0,34872.0,-170.0,25826.0,-2400.0,239.0,-140.0,11969.0,-1090.0,119159.0,57640.0,1500921.0,-40.0,-1380.0,-7882.0,1620.0,48644.0,10.0,-27130.0,-1700.0,-22167.0,-110.0,-25.0,-30.0,-16.0,-370.0,-209.0,-330.0,-1579.0,-450.0,-333.0,170210.0,2945911.0,170210.0,2862360.0,42220.0,83553.0,-32840.0,-620977.0,-3796073.0,-5230.0,-29754.0,-28630.0,-160606.0,-3450.0,-3406.0,-30730.0,-118094.0,-2830.0,-1030.0,8730.0,66385.0,-32810.0,-336162.0,-25620.0,-131392.0,-340.0,-691.0,-720.0,-384.0,-410.0,1843.0,-26410.0,-76141.0,-950.0,-4461.0,18810.0,142886.0,-2410.0,660532.0,-2460.0,-73040.0,-3050.0,-12038.0,40.0,1379.0,7910.0,60839.0,-60.0,1706.0,30.0,94.0,-580.0,-1172.0,350.0,58.0,38500.0,87508.0,-1620.0,-332.0,-140.0,1029.0,160.0,14332.0,90.0,15981.0,-610.0,-249.0,-760.0,-100534.0,-880.0,-1156.0,90.0,-292.0,2200.0,8462.0,-840.0,-960.0,-40.0,185.0,-6640.0,-133876.0,-6020.0,-127174.0,190.0,412.0,510.0,4113.0,-1730.0,-7174.0,900.0,19136.0,450.0,8563.0,680.0,10574.0
allegheny,0.0,146310.0,0.0,0.0,102697.0,PA,1130.0,1430.0,-210.0,-480.0,9930.0,-2280.0,-910.0,3810.0,-970.0,-2220.0,420.0,530.0,-110.0,-120.0,-1150.0,3680.0,1987230.0,900.0,1905356.0,370.0,1451987.0,13140.0,70015.0,1430.0,126791.0,1460.0,76663.0,-7740.0,-1936.0,850.0,72601.0,-1070.0,-283075.0,167100.0,4723325.0,-10.0,-4160.0,-29801.0,4150.0,138914.0,60.0,61335.0,-6460.0,-81874.0,-400.0,-92.0,-90.0,291.0,-780.0,943.0,-970.0,-4901.0,-1260.0,-1213.0,574260.0,9416807.0,574260.0,9191194.0,117170.0,225613.0,-129560.0,-2969946.0,-16979081.0,-18190.0,-91383.0,-114710.0,-743716.0,-11750.0,-11328.0,-117420.0,-619748.0,-11930.0,-3696.0,45860.0,374765.0,-129300.0,-1903710.0,-96120.0,-448089.0,-1360.0,-2773.0,-3240.0,-1738.0,-1860.0,17761.0,-104850.0,-407913.0,-3500.0,-23379.0,74580.0,552533.0,-2410.0,2742306.0,-2840.0,-320674.0,-21560.0,-112112.0,230.0,3729.0,30890.0,188196.0,550.0,5455.0,-110.0,383.0,-830.0,-3008.0,970.0,334.0,128780.0,286610.0,-5540.0,-1061.0,1170.0,8499.0,630.0,35408.0,140.0,40045.0,-2500.0,-1281.0,270.0,-432047.0,-2770.0,-3871.0,440.0,-649.0,7110.0,29843.0,-2410.0,-2869.0,-160.0,809.0,-18010.0,-508856.0,-15890.0,-498213.0,1340.0,3040.0,2460.0,-5554.0,-850.0,-49869.0,1120.0,19410.0,-90.0,-24414.0,1680.0,45777.0
beaver,0.0,32821.0,0.0,0.0,35108.0,PA,-140.0,110.0,-290.0,60.0,950.0,-380.0,-360.0,550.0,-960.0,-620.0,60.0,70.0,-20.0,10.0,-10.0,430.0,262911.0,-170.0,259628.0,-250.0,173995.0,900.0,2995.0,-70.0,4675.0,-60.0,2847.0,-880.0,-95.0,20.0,6836.0,-710.0,-3165.0,25850.0,614370.0,0.0,-1010.0,-7396.0,720.0,20097.0,-40.0,27041.0,-580.0,-3283.0,-10.0,-4.0,0.0,44.0,-90.0,-56.0,-110.0,-317.0,-180.0,-59.0,80180.0,1376496.0,80180.0,1340127.0,18520.0,36369.0,-14960.0,-265461.0,-1559050.0,-2360.0,-14483.0,-13070.0,-63041.0,-1530.0,-1343.0,-13920.0,-54577.0,-1420.0,-414.0,3480.0,26204.0,-14920.0,-133266.0,-11860.0,-58021.0,-150.0,-381.0,-330.0,-184.0,-110.0,13.0,-11630.0,-32057.0,-440.0,-1452.0,7840.0,43236.0,-670.0,292495.0,-740.0,-16286.0,-950.0,-3364.0,60.0,648.0,3590.0,25998.0,120.0,195.0,-80.0,-24.0,-230.0,-502.0,10.0,22.0,18480.0,40895.0,-750.0,-244.0,40.0,985.0,40.0,5504.0,30.0,6294.0,-330.0,-192.0,-190.0,-35654.0,-480.0,-741.0,-30.0,-289.0,1110.0,4849.0,-390.0,-446.0,-50.0,93.0,-3040.0,-43760.0,-2810.0,-42645.0,80.0,231.0,150.0,202.0,-500.0,-3716.0,250.0,3104.0,140.0,1505.0,140.0,1598.0
butler,3996.0,4031.0,774.0,0.0,14843.0,PA,880.0,700.0,190.0,-50.0,1790.0,-260.0,40.0,900.0,460.0,-680.0,-20.0,0.0,-50.0,-60.0,10.0,1010.0,428175.0,840.0,413993.0,390.0,180935.0,2160.0,8534.0,450.0,21154.0,390.0,11423.0,-1260.0,-933.0,110.0,10409.0,-230.0,58641.0,28520.0,791383.0,20.0,-870.0,-4671.0,1070.0,29644.0,100.0,28785.0,-840.0,-14182.0,-30.0,-1.0,-30.0,-743.0,-40.0,442.0,-180.0,-972.0,-280.0,-264.0,87270.0,1510492.0,87270.0,1471523.0,19570.0,38969.0,-20570.0,-419496.0,-2606788.0,-2790.0,-14982.0,-18260.0,-112083.0,-1860.0,-1979.0,-19250.0,-79143.0,-1740.0,-553.0,7760.0,62453.0,-20520.0,-245988.0,-16360.0,-93877.0,-240.0,-716.0,-480.0,-229.0,-250.0,-517.0,-16420.0,-42890.0,-500.0,-1201.0,12050.0,104977.0,-490.0,491341.0,-600.0,-49170.0,-3010.0,-11697.0,110.0,994.0,5490.0,40775.0,150.0,-849.0,20.0,28.0,-70.0,-277.0,160.0,41.0,22680.0,57234.0,-920.0,-59.0,190.0,1716.0,180.0,6613.0,160.0,7711.0,-340.0,-148.0,590.0,-64367.0,-440.0,-702.0,-70.0,-303.0,1030.0,3957.0,-310.0,-361.0,70.0,156.0,-2520.0,-89950.0,-2130.0,-86526.0,210.0,112.0,340.0,1568.0,-300.0,-14238.0,870.0,7839.0,570.0,3845.0,350.0,3994.0
armstrong,7521.0,0.0,0.0,0.0,16760.0,PA,-30.0,120.0,-110.0,-50.0,320.0,-210.0,-90.0,340.0,-660.0,-530.0,60.0,20.0,10.0,20.0,110.0,320.0,121447.0,-50.0,119325.0,-150.0,58490.0,320.0,4840.0,-40.0,7263.0,-60.0,6341.0,-170.0,122.0,-60.0,1250.0,-200.0,14526.0,9870.0,225289.0,0.0,-400.0,-2734.0,310.0,7446.0,20.0,6695.0,-220.0,-2122.0,-40.0,-8.0,10.0,72.0,-50.0,-123.0,-90.0,-297.0,0.0,-40.0,30770.0,541903.0,30770.0,528277.0,6880.0,13627.0,-4060.0,-70479.0,-385516.0,-670.0,-4124.0,-3540.0,-15742.0,-400.0,-374.0,-3690.0,-14058.0,-260.0,-125.0,820.0,5710.0,-4060.0,-33825.0,-2960.0,-14054.0,-50.0,-170.0,-80.0,-67.0,-20.0,-2.0,-2870.0,-6324.0,-120.0,-2007.0,2770.0,14745.0,-220.0,118514.0,-200.0,1674.0,-220.0,-1091.0,40.0,286.0,1360.0,10069.0,20.0,17.0,-10.0,5.0,-30.0,-88.0,120.0,5.0,7000.0,15114.0,-310.0,-100.0,-30.0,309.0,40.0,3420.0,40.0,3773.0,-120.0,-57.0,-70.0,-5657.0,-170.0,-585.0,30.0,-396.0,460.0,1933.0,-80.0,-134.0,-30.0,41.0,-1270.0,-8396.0,-1150.0,-7336.0,20.0,72.0,50.0,740.0,-410.0,280.0,330.0,1962.0,280.0,1126.0,60.0,1278.0
cameron,527.0,0.0,0.0,0.0,1242.0,PA,-40.0,-40.0,-10.0,0.0,-20.0,-20.0,-60.0,10.0,-60.0,0.0,0.0,0.0,0.0,0.0,20.0,-10.0,2180.0,-50.0,2007.0,-30.0,-1124.0,40.0,114.0,-10.0,137.0,-20.0,70.0,-20.0,-14.0,0.0,192.0,-20.0,1001.0,800.0,16911.0,0.0,-40.0,-369.0,30.0,462.0,0.0,2.0,-30.0,-173.0,-10.0,0.0,0.0,0.0,-20.0,-140.0,-30.0,-147.0,-30.0,-23.0,2220.0,38511.0,2220.0,37337.0,630.0,1175.0,-160.0,-2991.0,-17436.0,-50.0,-483.0,-140.0,-588.0,-50.0,-29.0,-150.0,-446.0,-40.0,-1.0,50.0,247.0,-160.0,-1163.0,-100.0,-472.0,0.0,0.0,0.0,0.0,0.0,0.0,-130.0,-422.0,0.0,0.0,180.0,591.0,-60.0,1672.0,-70.0,-537.0,0.0,0.0,0.0,20.0,90.0,462.0,0.0,2.0,-10.0,0.0,0.0,1.0,-10.0,-4.0,420.0,783.0,0.0,0.0,-10.0,-44.0,-20.0,207.0,0.0,258.0,-20.0,-5.0,-50.0,-1103.0,-20.0,-33.0,-10.0,-24.0,40.0,173.0,10.0,-1.0,0.0,9.0,-130.0,-1003.0,-140.0,-1005.0,0.0,0.0,0.0,0.0,-50.0,-119.0,20.0,188.0,0.0,150.0,10.0,106.0
centre,32635.0,0.0,0.0,0.0,15284.0,PA,440.0,420.0,-50.0,-30.0,1040.0,-170.0,0.0,300.0,10.0,-410.0,190.0,210.0,0.0,0.0,-210.0,500.0,203599.0,410.0,195238.0,90.0,61315.0,920.0,6141.0,220.0,8668.0,250.0,5507.0,-680.0,-735.0,30.0,4962.0,-80.0,66861.0,16860.0,580272.0,0.0,-240.0,-873.0,400.0,14319.0,-80.0,1778.0,-1090.0,-8361.0,-30.0,-3.0,-20.0,-56.0,-110.0,-214.0,-70.0,-450.0,-170.0,-25.0,54350.0,923153.0,54350.0,900907.0,11180.0,22245.0,-13000.0,-278442.0,-1565629.0,-1860.0,-10694.0,-11420.0,-78207.0,-1330.0,-1291.0,-12110.0,-52873.0,-1320.0,-364.0,5190.0,40195.0,-12970.0,-162731.0,-9980.0,-57132.0,-230.0,-619.0,-410.0,-207.0,-240.0,803.0,-9960.0,-33592.0,-120.0,-1111.0,8780.0,56215.0,-430.0,275499.0,-480.0,-27650.0,-1790.0,-7851.0,-40.0,324.0,2680.0,20399.0,180.0,175.0,-50.0,-28.0,-90.0,-270.0,40.0,13.0,12870.0,30943.0,-500.0,65.0,-160.0,506.0,30.0,4369.0,20.0,4824.0,-180.0,-132.0,290.0,-51509.0,-350.0,-561.0,-20.0,-254.0,720.0,2600.0,-140.0,-145.0,-10.0,13.0,-1920.0,-48001.0,-1730.0,-46966.0,100.0,39.0,170.0,868.0,50.0,3717.0,180.0,-1059.0,30.0,-2452.0,220.0,1295.0
clarion,3847.0,0.0,0.0,0.0,9958.0,PA,0.0,130.0,-40.0,-30.0,200.0,-50.0,-100.0,220.0,-150.0,-80.0,60.0,60.0,0.0,0.0,-10.0,140.0,29282.0,-10.0,28178.0,-40.0,22068.0,220.0,1237.0,-30.0,3096.0,-50.0,2594.0,-100.0,-31.0,0.0,2052.0,-170.0,-8535.0,5070.0,114067.0,-20.0,-260.0,-876.0,150.0,3282.0,10.0,2425.0,-90.0,-1104.0,0.0,2.0,-10.0,-187.0,-70.0,-166.0,-20.0,-20.0,0.0,-24.0,16280.0,287526.0,16280.0,280163.0,3720.0,7363.0,-1800.0,-30491.0,-200410.0,-300.0,-1973.0,-1570.0,-7508.0,-200.0,-211.0,-1570.0,-4343.0,-160.0,-38.0,370.0,2427.0,-1790.0,-13362.0,-1230.0,-5835.0,0.0,0.0,0.0,0.0,-40.0,-78.0,-1280.0,-5121.0,-50.0,163.0,1810.0,9891.0,-190.0,23434.0,-200.0,-7440.0,-120.0,-463.0,0.0,135.0,590.0,4794.0,-70.0,11.0,0.0,-3.0,-40.0,-112.0,10.0,7.0,3670.0,7959.0,-130.0,-52.0,-10.0,58.0,20.0,2893.0,10.0,3084.0,-60.0,-32.0,-110.0,-8514.0,-130.0,-191.0,20.0,-31.0,330.0,1210.0,-90.0,-119.0,10.0,62.0,-810.0,-12350.0,-700.0,-12600.0,0.0,10.0,30.0,-326.0,-240.0,-1366.0,150.0,1289.0,110.0,1163.0,50.0,386.0
clearfield,7367.0,0.0,0.0,0.0,19476.0,PA,-10.0,50.0,-120.0,40.0,270.0,-100.0,-30.0,470.0,-480.0,-240.0,-10.0,10.0,-30.0,-10.0,10.0,230.0,104762.0,-10.0,102533.0,-10.0,60265.0,400.0,1647.0,-120.0,1971.0,-110.0,1485.0,-190.0,-198.0,30.0,1091.0,-270.0,5196.0,10410.0,222120.0,-10.0,-460.0,-2145.0,200.0,6345.0,40.0,17826.0,-300.0,-2229.0,-80.0,-15.0,-10.0,257.0,-50.0,-176.0,-50.0,-200.0,-100.0,-29.0,35170.0,613822.0,35170.0,598527.0,7720.0,15295.0,-3860.0,-67906.0,-384590.0,-660.0,-4758.0,-3330.0,-15291.0,-410.0,-369.0,-3340.0,-9240.0,-360.0,-109.0,910.0,6033.0,-3820.0,-28986.0,-2630.0,-12191.0,-40.0,-90.0,-40.0,-18.0,-40.0,-29.0,-2660.0,-7185.0,-130.0,-1084.0,3300.0,21752.0,-150.0,94490.0,-170.0,-7721.0,-310.0,-1167.0,-50.0,150.0,1550.0,9970.0,-30.0,40.0,-20.0,43.0,-20.0,-106.0,40.0,30.0,7710.0,16236.0,-200.0,-44.0,20.0,88.0,0.0,3596.0,-20.0,3933.0,-230.0,-111.0,-90.0,-12792.0,-300.0,-431.0,-70.0,-134.0,620.0,2525.0,-90.0,-104.0,0.0,0.0,-1540.0,-17696.0,-1360.0,-17164.0,20.0,27.0,70.0,457.0,-460.0,-2303.0,380.0,2601.0,320.0,2288.0,90.0,1084.0
elk,3584.0,0.0,0.0,0.0,7712.0,PA,-40.0,10.0,-70.0,-20.0,100.0,-20.0,-80.0,180.0,-230.0,-50.0,10.0,0.0,10.0,0.0,-30.0,100.0,68508.0,-50.0,66516.0,-40.0,23140.0,250.0,1015.0,-100.0,2386.0,-40.0,454.0,-190.0,-16.0,50.0,1276.0,-220.0,18464.0,4860.0,91106.0,0.0,-180.0,-1512.0,160.0,3789.0,-20.0,7823.0,-110.0,-1992.0,-10.0,-6.0,0.0,50.0,20.0,167.0,-20.0,-134.0,-60.0,-115.0,15740.0,268804.0,15740.0,261961.0,3470.0,6842.0,-1580.0,-25863.0,-155091.0,-320.0,-2515.0,-1350.0,-7450.0,-180.0,-172.0,-1460.0,-4283.0,-430.0,-127.0,340.0,2219.0,-1560.0,-14239.0,-1070.0,-4833.0,0.0,0.0,0.0,0.0,-10.0,146.0,-1100.0,-3334.0,-50.0,523.0,1560.0,12767.0,-280.0,55574.0,-300.0,-2108.0,-130.0,-581.0,-10.0,64.0,430.0,4567.0,10.0,45.0,0.0,9.0,-30.0,-31.0,-80.0,1.0,3360.0,7354.0,-150.0,-53.0,0.0,153.0,20.0,1518.0,20.0,1536.0,-80.0,-44.0,-70.0,-6331.0,-70.0,-146.0,-10.0,-11.0,330.0,1016.0,-20.0,-30.0,-20.0,30.0,-780.0,-6675.0,-710.0,-6369.0,10.0,18.0,40.0,302.0,-300.0,677.0,210.0,2763.0,170.0,1640.0,80.0,1116.0
forest,564.0,0.0,0.0,0.0,1364.0,PA,-10.0,-10.0,-30.0,0.0,10.0,0.0,20.0,10.0,-10.0,30.0,0.0,0.0,0.0,0.0,-10.0,30.0,8089.0,-20.0,7963.0,-10.0,1576.0,-20.0,79.0,0.0,543.0,0.0,396.0,-20.0,-8.0,-30.0,-214.0,-40.0,-13.0,870.0,22484.0,0.0,10.0,-130.0,10.0,608.0,-10.0,-254.0,-40.0,-126.0,-30.0,-7.0,0.0,0.0,-20.0,-151.0,0.0,-37.0,-30.0,-22.0,2040.0,36465.0,2030.0,35139.0,660.0,1278.0,-220.0,-3676.0,-16109.0,-70.0,-693.0,-180.0,-711.0,-50.0,-61.0,-180.0,-477.0,0.0,0.0,30.0,183.0,-220.0,-1220.0,-160.0,-704.0,0.0,0.0,0.0,0.0,0.0,0.0,-130.0,-614.0,0.0,0.0,170.0,459.0,-40.0,6174.0,-30.0,280.0,0.0,0.0,0.0,4.0,90.0,392.0,0.0,3.0,-20.0,-9.0,10.0,4.0,20.0,3.0,340.0,653.0,0.0,0.0,0.0,1.0,-10.0,289.0,-10.0,307.0,-10.0,-10.0,-20.0,10.0,0.0,-9.0,0.0,-9.0,30.0,116.0,10.0,3.0,0.0,-1.0,-100.0,-124.0,-80.0,-142.0,0.0,0.0,0.0,0.0,-10.0,66.0,-10.0,180.0,10.0,186.0,20.0,19.0
indiana,11211.0,0.0,0.0,0.0,18053.0,PA,-70.0,40.0,-160.0,70.0,490.0,-230.0,-40.0,690.0,-420.0,-230.0,-90.0,10.0,-90.0,0.0,110.0,190.0,91942.0,-80.0,88573.0,-20.0,56540.0,230.0,2146.0,-130.0,3023.0,-140.0,1710.0,-330.0,37.0,-150.0,4446.0,-370.0,-7432.0,11280.0,277901.0,-20.0,-220.0,-1159.0,300.0,8216.0,-80.0,9216.0,-340.0,-3369.0,-20.0,-4.0,10.0,-35.0,-50.0,139.0,-30.0,-220.0,-60.0,-17.0,33890.0,598921.0,33890.0,583101.0,7960.0,15821.0,-4830.0,-88177.0,-520047.0,-840.0,-4881.0,-4140.0,-21693.0,-550.0,-471.0,-4390.0,-15826.0,-390.0,-180.0,1200.0,8559.0,-4810.0,-44531.0,-3440.0,-15886.0,-70.0,-175.0,-70.0,-58.0,-70.0,89.0,-3540.0,-12290.0,-120.0,-722.0,3620.0,22076.0,-220.0,96772.0,-230.0,-8325.0,-370.0,-1507.0,-10.0,230.0,1500.0,10516.0,-50.0,90.0,20.0,14.0,-50.0,-61.0,50.0,15.0,7520.0,16633.0,-300.0,-92.0,-150.0,-86.0,-70.0,2960.0,-60.0,3277.0,-190.0,-102.0,-50.0,-16139.0,-180.0,-203.0,120.0,73.0,590.0,2233.0,-100.0,-148.0,-60.0,-23.0,-1500.0,-18985.0,-1440.0,-18886.0,30.0,41.0,60.0,-173.0,-640.0,-370.0,560.0,2428.0,500.0,2883.0,130.0,3091.0
jefferson,3358.0,0.0,0.0,0.0,12214.0,PA,-100.0,60.0,-120.0,10.0,100.0,-40.0,-20.0,290.0,-490.0,-310.0,40.0,50.0,0.0,-10.0,10.0,100.0,105308.0,-90.0,102458.0,-110.0,29053.0,320.0,3384.0,0.0,3573.0,-10.0,2584.0,-160.0,-164.0,-70.0,-1214.0,-220.0,26345.0,5970.0,131994.0,-20.0,-180.0,-865.0,90.0,2630.0,20.0,3106.0,-200.0,-2850.0,-30.0,-5.0,-10.0,-110.0,-30.0,-243.0,-40.0,-215.0,-30.0,-47.0,20070.0,353412.0,20070.0,344743.0,4390.0,8670.0,-1930.0,-34230.0,-148218.0,-370.0,-2634.0,-1680.0,-8169.0,-240.0,-198.0,-1650.0,-4386.0,-190.0,-45.0,440.0,2756.0,-1930.0,-15359.0,-1270.0,-5570.0,0.0,0.0,0.0,0.0,-20.0,-24.0,-1310.0,-3954.0,-60.0,-296.0,2240.0,12823.0,-220.0,92188.0,-220.0,3646.0,-150.0,-712.0,-10.0,180.0,750.0,5737.0,-50.0,89.0,20.0,29.0,20.0,-39.0,-30.0,-7.0,4580.0,9843.0,-150.0,-48.0,-60.0,-76.0,10.0,2809.0,-10.0,2967.0,-90.0,-69.0,-130.0,6301.0,-230.0,-342.0,-100.0,-183.0,310.0,1427.0,-30.0,-68.0,0.0,14.0,-1000.0,-2661.0,-950.0,-936.0,20.0,25.0,40.0,1772.0,-450.0,-2617.0,280.0,4632.0,250.0,2291.0,60.0,2407.0
mckean,3489.0,0.0,0.0,0.0,9064.0,PA,-60.0,30.0,-120.0,-10.0,110.0,-40.0,-70.0,300.0,-350.0,-100.0,0.0,20.0,0.0,0.0,30.0,70.0,36723.0,-60.0,35512.0,-100.0,19873.0,30.0,501.0,-100.0,404.0,-60.0,-77.0,-70.0,173.0,-80.0,1940.0,-170.0,-4213.0,5770.0,132634.0,-20.0,-350.0,-2195.0,180.0,3298.0,-40.0,24060.0,-180.0,-1211.0,-10.0,-4.0,-10.0,-51.0,-30.0,32.0,-10.0,-227.0,-40.0,-31.0,18100.0,310894.0,18100.0,303201.0,3970.0,7694.0,-1860.0,-32791.0,-186260.0,-380.0,-2674.0,-1550.0,-9742.0,-280.0,-288.0,-1650.0,-5601.0,-190.0,-60.0,420.0,2523.0,-1860.0,-17202.0,-1220.0,-4624.0,-40.0,-65.0,0.0,0.0,-40.0,-108.0,-1250.0,-5289.0,-90.0,-693.0,1580.0,7867.0,-160.0,36952.0,-140.0,-5289.0,-160.0,-918.0,30.0,109.0,780.0,4659.0,-40.0,-290.0,-30.0,-9.0,20.0,-7.0,140.0,24.0,4040.0,8205.0,-150.0,-44.0,-30.0,177.0,20.0,1735.0,60.0,1788.0,-150.0,-75.0,-90.0,-11572.0,-170.0,-303.0,-40.0,-127.0,350.0,1378.0,-30.0,-51.0,0.0,96.0,-810.0,-9884.0,-780.0,-9461.0,0.0,17.0,10.0,101.0,-330.0,-651.0,240.0,-5028.0,180.0,467.0,30.0,-2827.0
venango,5935.0,0.0,0.0,0.0,12544.0,PA,-280.0,-100.0,-120.0,-30.0,130.0,-250.0,-170.0,290.0,-670.0,-300.0,-160.0,0.0,-170.0,0.0,-70.0,30.0,66685.0,-300.0,64757.0,-190.0,22090.0,180.0,1674.0,-90.0,4338.0,-120.0,3523.0,-170.0,-110.0,-30.0,-412.0,-280.0,11297.0,8030.0,192007.0,-10.0,-370.0,-2900.0,210.0,4941.0,-20.0,15250.0,-280.0,-1928.0,-30.0,-5.0,-10.0,-68.0,60.0,286.0,-80.0,-214.0,-90.0,-65.0,23220.0,408762.0,23220.0,397593.0,5720.0,11169.0,-2270.0,-39434.0,-237744.0,-480.0,-2789.0,-1900.0,-10172.0,-340.0,-283.0,-2060.0,-6793.0,-160.0,-82.0,520.0,3161.0,-2270.0,-19533.0,-1570.0,-6926.0,-20.0,-63.0,-30.0,-4.0,-40.0,-62.0,-1600.0,-5468.0,-40.0,-189.0,2100.0,14524.0,-210.0,57895.0,-240.0,-3473.0,-160.0,-735.0,-20.0,150.0,840.0,5916.0,-20.0,14.0,10.0,27.0,-50.0,-92.0,60.0,30.0,5030.0,10198.0,-150.0,-55.0,-40.0,-36.0,-50.0,1734.0,-40.0,1925.0,-120.0,-80.0,-250.0,-6579.0,-240.0,-410.0,-20.0,-188.0,390.0,1885.0,-80.0,-78.0,-40.0,-23.0,-1120.0,-9357.0,-1040.0,-9548.0,10.0,1.0,20.0,280.0,-440.0,140.0,170.0,3049.0,120.0,3121.0,20.0,157.0
warren,4770.0,0.0,0.0,0.0,9660.0,PA,-130.0,-50.0,-80.0,-50.0,140.0,-130.0,-10.0,290.0,-410.0,-170.0,-80.0,-90.0,10.0,-20.0,-20.0,70.0,58483.0,-120.0,56509.0,-90.0,34031.0,310.0,1519.0,-150.0,770.0,-100.0,19.0,-130.0,333.0,-130.0,362.0,-190.0,192.0,6100.0,147220.0,-20.0,-240.0,-1539.0,120.0,3869.0,20.0,9136.0,-200.0,-1974.0,-20.0,-2.0,-10.0,-222.0,-80.0,-211.0,-10.0,-87.0,0.0,-49.0,18010.0,313979.0,18010.0,305559.0,4280.0,8420.0,-1880.0,-36101.0,-185342.0,-360.0,-1704.0,-1620.0,-8757.0,-240.0,-230.0,-1720.0,-5533.0,-160.0,-94.0,440.0,2865.0,-1870.0,-17781.0,-1280.0,-5211.0,-20.0,-72.0,0.0,0.0,-70.0,-169.0,-1280.0,-4570.0,-130.0,-886.0,1770.0,9982.0,-180.0,54053.0,-170.0,-949.0,-160.0,-884.0,0.0,44.0,570.0,4806.0,20.0,39.0,0.0,14.0,20.0,-26.0,-110.0,-19.0,3750.0,7652.0,-130.0,-40.0,-100.0,89.0,10.0,1674.0,-50.0,1730.0,-30.0,6.0,-90.0,-2178.0,-180.0,-271.0,-30.0,-122.0,260.0,1286.0,-10.0,-47.0,-20.0,1.0,-810.0,-5788.0,-810.0,-5719.0,10.0,51.0,40.0,11.0,-390.0,-822.0,270.0,2566.0,230.0,1832.0,50.0,602.0
berks,0.0,0.0,0.0,0.0,0.0,PA,1150.0,1340.0,-350.0,80.0,3350.0,-790.0,-190.0,2070.0,-290.0,-1100.0,-600.0,-680.0,100.0,-140.0,350.0,1040.0,421330.0,1070.0,397245.0,1010.0,330392.0,1380.0,11579.0,-200.0,14119.0,-90.0,6311.0,-2930.0,-1015.0,140.0,-3658.0,-1270.0,-98954.0,53540.0,1328887.0,10.0,-860.0,-2863.0,1310.0,41925.0,-120.0,18322.0,-1230.0,-24085.0,-160.0,-43.0,-40.0,117.0,-500.0,-2324.0,-130.0,-696.0,-110.0,-77.0,189910.0,3209643.0,189910.0,3138948.0,36120.0,70696.0,-47690.0,-943119.0,-5050894.0,-8000.0,-43601.0,-42390.0,-216368.0,-4330.0,-3702.0,-43930.0,-228737.0,-4590.0,-5425.0,14710.0,116254.0,-47590.0,-532586.0,-37410.0,-200004.0,-800.0,-1790.0,-1840.0,-662.0,-490.0,997.0,-35900.0,-74135.0,-830.0,-4520.0,21160.0,144652.0,1850.0,695605.0,1650.0,-82721.0,-3810.0,-16470.0,-570.0,976.0,12960.0,71177.0,190.0,487.0,-250.0,31.0,-90.0,-647.0,940.0,271.0,52710.0,109698.0,-1280.0,169.0,110.0,1228.0,40.0,22266.0,-10.0,23573.0,-900.0,-593.0,1080.0,-149727.0,-540.0,-313.0,690.0,953.0,3640.0,16825.0,-730.0,-982.0,-570.0,-508.0,-6730.0,-153904.0,-5840.0,-157743.0,250.0,362.0,340.0,-4836.0,40.0,-2702.0,970.0,4871.0,600.0,150.0,610.0,4284.0
montgomery,28508.0,0.0,0.0,7870.0,16592.0,PA,2210.0,1550.0,480.0,170.0,7020.0,-1770.0,360.0,-1450.0,330.0,-2090.0,-550.0,-400.0,-120.0,-150.0,-810.0,3360.0,3052570.0,2070.0,2973591.0,1450.0,929598.0,8850.0,323565.0,1010.0,294022.0,760.0,110602.0,-8030.0,17138.0,680.0,21273.0,-570.0,-1291212.0,113530.0,3800201.0,-10.0,-1520.0,-9166.0,2670.0,110331.0,-140.0,-1263067.0,-5220.0,-78979.0,-380.0,-81.0,-280.0,-3256.0,-1410.0,-3605.0,-580.0,-2816.0,-410.0,-795.0,345900.0,5783985.0,345900.0,5645900.0,70420.0,138084.0,-116840.0,-3247402.0,-15176858.0,-18360.0,-85747.0,-104170.0,-923827.0,-9770.0,-8046.0,-105650.0,-671119.0,-11220.0,-2454.0,71000.0,607734.0,-116600.0,-2415433.0,-85930.0,-524777.0,-1370.0,-4116.0,-4450.0,-1447.0,-2360.0,33229.0,-97000.0,-283439.0,-1390.0,17275.0,66830.0,662359.0,100.0,4404000.0,-890.0,-7199.0,-28720.0,-161311.0,-2430.0,3432.0,29870.0,256570.0,600.0,-5642.0,200.0,263.0,-640.0,-2421.0,460.0,130.0,105720.0,261298.0,-4370.0,-499.0,120.0,1913.0,530.0,58791.0,320.0,63491.0,-1390.0,-860.0,1190.0,-171629.0,-880.0,-1169.0,520.0,102.0,3780.0,16007.0,-1670.0,-2164.0,-2340.0,-1029.0,-8910.0,-263763.0,-7510.0,-205741.0,1470.0,1672.0,2730.0,50890.0,5670.0,11284.0,-4420.0,45912.0,-5410.0,-51126.0,1440.0,93786.0
chester,0.0,0.0,0.0,0.0,0.0,PA,1230.0,760.0,560.0,-100.0,4170.0,-940.0,80.0,-1350.0,-820.0,-2340.0,290.0,120.0,160.0,60.0,-550.0,2220.0,1877241.0,1120.0,1841657.0,390.0,744964.0,6280.0,74354.0,1300.0,50782.0,920.0,5879.0,-4950.0,1165.0,540.0,66170.0,-80.0,272423.0,68620.0,2467079.0,0.0,-650.0,-3718.0,1720.0,69147.0,-350.0,246137.0,-3090.0,-35584.0,-280.0,-46.0,-120.0,3432.0,-710.0,919.0,-410.0,-1939.0,-340.0,-561.0,205170.0,3463166.0,205170.0,3381030.0,41410.0,82136.0,-70580.0,-2071379.0,-9978531.0,-11000.0,-56063.0,-63200.0,-493077.0,-5780.0,-4874.0,-65160.0,-409825.0,-6480.0,-1604.0,47520.0,417903.0,-70420.0,-1448910.0,-52940.0,-335795.0,-1030.0,-3064.0,-3340.0,-1131.0,-1720.0,26286.0,-59040.0,-225974.0,-740.0,-18572.0,42590.0,416066.0,-140.0,2908990.0,-600.0,38603.0,-20640.0,-104600.0,-1100.0,2170.0,20780.0,156437.0,650.0,6290.0,-200.0,-84.0,-270.0,-996.0,280.0,128.0,67660.0,174928.0,-3030.0,163.0,130.0,5485.0,120.0,29436.0,40.0,32906.0,-550.0,-169.0,630.0,-128385.0,-540.0,-567.0,160.0,101.0,2090.0,9066.0,-770.0,-935.0,-1160.0,-693.0,-5440.0,-117835.0,-4720.0,-95329.0,1370.0,3146.0,2060.0,12984.0,3130.0,35850.0,-2540.0,565.0,-3490.0,-25334.0,1120.0,25901.0
carbon,0.0,0.0,0.0,0.0,0.0,PA,40.0,50.0,-140.0,110.0,310.0,-70.0,-70.0,270.0,-30.0,20.0,30.0,0.0,30.0,0.0,130.0,220.0,82521.0,20.0,81084.0,0.0,39742.0,260.0,362.0,-30.0,2142.0,-10.0,1277.0,-380.0,-61.0,20.0,2880.0,-240.0,4073.0,9300.0,213743.0,0.0,-190.0,-304.0,300.0,6554.0,30.0,3811.0,-210.0,-1437.0,-10.0,0.0,-10.0,130.0,-40.0,-163.0,-60.0,-224.0,-60.0,-63.0,29730.0,509329.0,29730.0,496736.0,6500.0,12594.0,-5570.0,-98115.0,-512734.0,-1030.0,-5709.0,-4790.0,-24513.0,-600.0,-533.0,-5150.0,-22259.0,-490.0,-164.0,1340.0,10021.0,-5580.0,-52531.0,-4500.0,-23137.0,-70.0,-189.0,-200.0,-106.0,-50.0,21.0,-4050.0,-6978.0,-170.0,-490.0,2670.0,15919.0,-130.0,93247.0,-150.0,-8502.0,-270.0,-1687.0,-90.0,28.0,1530.0,8651.0,10.0,-237.0,-50.0,-18.0,0.0,-65.0,0.0,10.0,6980.0,14403.0,-170.0,81.0,10.0,264.0,10.0,3647.0,-10.0,3753.0,-170.0,-113.0,-30.0,-15957.0,-140.0,-57.0,50.0,72.0,510.0,2081.0,-30.0,-64.0,-60.0,5.0,-1180.0,-17000.0,-1100.0,-16730.0,40.0,-2.0,50.0,30.0,-170.0,-1577.0,130.0,1012.0,50.0,753.0,70.0,352.0
columbia,0.0,0.0,0.0,0.0,0.0,PA,-10.0,130.0,-80.0,-30.0,410.0,-140.0,-90.0,320.0,-260.0,-160.0,60.0,40.0,30.0,0.0,170.0,170.0,53742.0,-10.0,51273.0,-20.0,34104.0,220.0,646.0,-60.0,2079.0,-20.0,1397.0,-280.0,-138.0,30.0,1811.0,-230.0,-1608.0,8270.0,197580.0,-40.0,-280.0,-805.0,190.0,4769.0,10.0,357.0,-200.0,-2469.0,40.0,13.0,-10.0,40.0,-100.0,-823.0,-80.0,-183.0,20.0,117.0,28100.0,481460.0,28100.0,469365.0,6150.0,12094.0,-4390.0,-76963.0,-490953.0,-650.0,-4196.0,-3970.0,-22687.0,-350.0,-351.0,-4000.0,-12412.0,-380.0,-105.0,1110.0,8141.0,-4390.0,-39674.0,-3420.0,-18013.0,-70.0,-240.0,-110.0,-38.0,-50.0,-35.0,-3060.0,-8634.0,-90.0,1507.0,2680.0,16407.0,-330.0,59292.0,-340.0,-14695.0,-340.0,-1512.0,-30.0,241.0,1300.0,8517.0,40.0,20.0,-20.0,4.0,-10.0,-74.0,-40.0,25.0,6390.0,13673.0,-190.0,-81.0,-20.0,143.0,40.0,3664.0,30.0,4010.0,-180.0,-77.0,20.0,-16343.0,-160.0,-203.0,0.0,14.0,540.0,1961.0,-110.0,-123.0,-50.0,-121.0,-1350.0,-23209.0,-1180.0,-22785.0,30.0,39.0,60.0,153.0,-340.0,-2333.0,280.0,4093.0,230.0,1944.0,60.0,2246.0
lebanon,0.0,0.0,0.0,0.0,0.0,PA,850.0,640.0,-40.0,260.0,1500.0,-220.0,20.0,970.0,940.0,270.0,70.0,-80.0,160.0,-40.0,60.0,420.0,160930.0,790.0,153426.0,680.0,103418.0,800.0,3638.0,-20.0,4842.0,-10.0,3330.0,-1170.0,-123.0,130.0,-1746.0,-380.0,6483.0,20060.0,504478.0,20.0,-310.0,-368.0,510.0,14793.0,10.0,6147.0,-470.0,-7504.0,20.0,7.0,-10.0,261.0,-160.0,-1194.0,-70.0,-427.0,-30.0,37.0,66080.0,1141826.0,66080.0,1112975.0,14450.0,28851.0,-14340.0,-258209.0,-1382837.0,-2770.0,-16708.0,-12380.0,-57656.0,-1680.0,-1490.0,-13190.0,-52853.0,-1330.0,-368.0,4140.0,30319.0,-14310.0,-128385.0,-11020.0,-59145.0,-370.0,-1245.0,-670.0,-366.0,-160.0,28.0,-10830.0,-32215.0,-250.0,-1007.0,7620.0,49524.0,320.0,205438.0,210.0,-29794.0,-930.0,-3554.0,-160.0,-74.0,3630.0,25092.0,120.0,340.0,-100.0,-20.0,-110.0,-295.0,270.0,75.0,17180.0,38394.0,-500.0,-29.0,30.0,441.0,-200.0,4361.0,-260.0,4386.0,-150.0,-53.0,730.0,-34533.0,-80.0,534.0,380.0,903.0,1630.0,6075.0,-260.0,-328.0,-190.0,-167.0,-2600.0,-54456.0,-2260.0,-53626.0,50.0,41.0,80.0,205.0,-380.0,-9590.0,1060.0,9335.0,880.0,5279.0,360.0,4000.0
luzerne,0.0,0.0,0.0,41856.0,0.0,PA,130.0,500.0,-440.0,-70.0,1980.0,-630.0,-60.0,1970.0,-270.0,-90.0,-20.0,-10.0,-10.0,-20.0,1280.0,670.0,385214.0,90.0,374616.0,0.0,191159.0,1030.0,8731.0,-530.0,22301.0,-320.0,16548.0,-2010.0,-53.0,380.0,346.0,-1940.0,44175.0,41460.0,997096.0,0.0,-720.0,-3335.0,950.0,27802.0,-70.0,26187.0,-780.0,-10598.0,-60.0,-14.0,-30.0,-19.0,-200.0,-331.0,-140.0,-670.0,-190.0,-131.0,149990.0,2485791.0,149990.0,2428115.0,29780.0,57674.0,-23950.0,-429989.0,-2549696.0,-3680.0,-15606.0,-21410.0,-115628.0,-2090.0,-1983.0,-21050.0,-84287.0,-2120.0,-860.0,6130.0,44875.0,-23950.0,-234803.0,-17700.0,-85819.0,-240.0,-708.0,-790.0,-334.0,-340.0,1339.0,-18370.0,-40605.0,-1050.0,-3698.0,13120.0,87815.0,-30.0,427969.0,-130.0,-46899.0,-2020.0,-9024.0,-190.0,283.0,8740.0,42316.0,-10.0,263.0,-220.0,24.0,20.0,-325.0,980.0,242.0,34580.0,63500.0,-1010.0,-144.0,210.0,1226.0,-140.0,10644.0,-140.0,11354.0,-930.0,-489.0,-20.0,-77387.0,-140.0,839.0,870.0,1680.0,3000.0,12448.0,-530.0,-618.0,-270.0,-297.0,-6500.0,-89285.0,-5780.0,-87181.0,100.0,267.0,250.0,403.0,-950.0,628.0,970.0,10523.0,670.0,4378.0,480.0,6391.0
montour,0.0,0.0,0.0,0.0,0.0,PA,20.0,30.0,-30.0,10.0,150.0,-50.0,30.0,170.0,10.0,-30.0,0.0,0.0,0.0,0.0,50.0,70.0,12618.0,20.0,10795.0,50.0,15924.0,40.0,345.0,10.0,975.0,30.0,956.0,-120.0,-62.0,-40.0,-19.0,10.0,-3621.0,2620.0,68939.0,10.0,-30.0,3.0,60.0,2737.0,10.0,-791.0,-170.0,-1823.0,-10.0,-4.0,-10.0,-160.0,-30.0,-211.0,-10.0,-85.0,10.0,-22.0,8310.0,143302.0,8310.0,139602.0,1870.0,3698.0,-1560.0,-31923.0,-223210.0,-210.0,-1613.0,-1410.0,-9756.0,-110.0,-107.0,-1390.0,-4432.0,-170.0,-40.0,550.0,4421.0,-1560.0,-19462.0,-1160.0,-6443.0,-20.0,-29.0,-50.0,-17.0,-30.0,-93.0,-1100.0,-3632.0,-40.0,-307.0,980.0,4985.0,50.0,18090.0,50.0,-10503.0,-300.0,-974.0,0.0,37.0,560.0,3146.0,20.0,7.0,-10.0,5.0,40.0,24.0,30.0,9.0,1970.0,4463.0,-40.0,-5.0,-80.0,-57.0,10.0,735.0,-20.0,662.0,-20.0,-14.0,10.0,-11846.0,-90.0,-142.0,-10.0,-79.0,130.0,504.0,20.0,10.0,-10.0,-1.0,-240.0,-13649.0,-220.0,-13834.0,10.0,10.0,30.0,-24.0,-110.0,-784.0,130.0,1102.0,120.0,1029.0,20.0,599.0
northumberland,5637.0,0.0,0.0,0.0,0.0,PA,50.0,120.0,-130.0,10.0,660.0,-300.0,-40.0,410.0,-140.0,-80.0,0.0,-20.0,20.0,-10.0,100.0,190.0,89063.0,50.0,85832.0,-100.0,42643.0,370.0,886.0,-50.0,3295.0,-50.0,2662.0,-530.0,-303.0,80.0,2731.0,-350.0,5524.0,12500.0,272136.0,-20.0,-290.0,-78.0,290.0,8326.0,-20.0,-3534.0,-320.0,-3231.0,-10.0,-2.0,-10.0,35.0,-140.0,-740.0,-40.0,-289.0,-30.0,34.0,41590.0,710643.0,41590.0,693343.0,8810.0,17302.0,-5160.0,-89604.0,-522366.0,-840.0,-5032.0,-4630.0,-23378.0,-410.0,-395.0,-4710.0,-13472.0,-670.0,-265.0,1160.0,7858.0,-5170.0,-41193.0,-3890.0,-19371.0,-90.0,-245.0,-150.0,-67.0,-40.0,47.0,-3550.0,-10883.0,-140.0,-964.0,3410.0,17163.0,-280.0,88194.0,-330.0,-14772.0,-290.0,-1141.0,-170.0,41.0,1930.0,11682.0,30.0,1.0,10.0,16.0,0.0,-8.0,-30.0,20.0,9620.0,19232.0,-260.0,33.0,-70.0,70.0,-80.0,4633.0,-90.0,4356.0,-210.0,-105.0,30.0,-21080.0,-120.0,-145.0,190.0,216.0,910.0,3393.0,-60.0,-76.0,-80.0,-46.0,-2010.0,-26661.0,-1830.0,-26252.0,0.0,8.0,10.0,479.0,-530.0,-2485.0,530.0,4338.0,450.0,2462.0,80.0,1970.0
schuylkill,0.0,0.0,0.0,0.0,0.0,PA,30.0,180.0,-330.0,80.0,1240.0,-350.0,-90.0,920.0,-660.0,-230.0,20.0,-20.0,30.0,0.0,150.0,240.0,128918.0,80.0,115812.0,-10.0,80382.0,660.0,3762.0,-220.0,4995.0,-210.0,2321.0,-590.0,110.0,30.0,-2023.0,-910.0,15413.0,19290.0,428039.0,40.0,-530.0,-2435.0,450.0,13090.0,-30.0,-13844.0,-430.0,-13106.0,-50.0,-16.0,0.0,-24.0,-70.0,-61.0,-200.0,-736.0,-100.0,-175.0,64300.0,1095628.0,64300.0,1069172.0,13610.0,26456.0,-8980.0,-158873.0,-925146.0,-1520.0,-8502.0,-8020.0,-39348.0,-800.0,-709.0,-8240.0,-29826.0,-810.0,-328.0,1940.0,13375.0,-8960.0,-80419.0,-6880.0,-33862.0,-120.0,-380.0,-250.0,-100.0,-80.0,437.0,-6700.0,-15720.0,-310.0,-2941.0,5090.0,43116.0,-230.0,131820.0,-300.0,-34392.0,-540.0,-2324.0,-170.0,219.0,3000.0,18755.0,0.0,24.0,-60.0,46.0,-250.0,-406.0,-80.0,5.0,15430.0,31654.0,-400.0,-63.0,10.0,91.0,-20.0,7687.0,-70.0,7861.0,-160.0,-41.0,130.0,-50332.0,-130.0,-5.0,270.0,412.0,1270.0,4701.0,-410.0,-417.0,-90.0,-145.0,-2710.0,-52661.0,-2510.0,-52028.0,30.0,4.0,60.0,587.0,-610.0,-1622.0,760.0,-276.0,630.0,2845.0,230.0,-3308.0
bradford,5735.0,0.0,0.0,0.0,0.0,PA,-60.0,130.0,-170.0,10.0,130.0,-40.0,120.0,100.0,-530.0,-310.0,-360.0,-280.0,-90.0,-60.0,190.0,210.0,83084.0,-80.0,81187.0,-130.0,35576.0,230.0,1149.0,-90.0,1446.0,-60.0,415.0,-190.0,126.0,-40.0,-1681.0,-340.0,2549.0,8500.0,202186.0,-20.0,-220.0,-997.0,190.0,4929.0,50.0,12738.0,-180.0,-1897.0,-20.0,-4.0,10.0,31.0,-70.0,-351.0,-20.0,-60.0,-20.0,28.0,26900.0,474056.0,26900.0,461961.0,6170.0,12096.0,-3850.0,-68234.0,-407579.0,-750.0,-3970.0,-3420.0,-18560.0,-360.0,-363.0,-3460.0,-12095.0,-250.0,-119.0,960.0,6820.0,-3870.0,-35535.0,-2840.0,-14843.0,-80.0,-239.0,-80.0,-17.0,-30.0,34.0,-2530.0,-6033.0,-70.0,-30.0,2910.0,14866.0,-170.0,84969.0,-180.0,-6768.0,-350.0,-1640.0,-60.0,172.0,1300.0,8810.0,40.0,10.0,-20.0,8.0,-10.0,-59.0,90.0,37.0,6620.0,14553.0,-230.0,-88.0,0.0,-25.0,-50.0,3037.0,-60.0,3358.0,-320.0,-145.0,-70.0,-8992.0,-220.0,-434.0,-10.0,-244.0,490.0,2389.0,-70.0,-75.0,-110.0,-133.0,-1310.0,-15360.0,-1190.0,-15117.0,20.0,36.0,50.0,313.0,-490.0,-2815.0,380.0,4404.0,210.0,1983.0,220.0,2394.0
clinton,4631.0,0.0,0.0,0.0,0.0,PA,30.0,70.0,-30.0,10.0,180.0,-70.0,90.0,140.0,-150.0,-110.0,0.0,0.0,0.0,0.0,160.0,120.0,44926.0,30.0,42768.0,10.0,16112.0,20.0,637.0,-30.0,490.0,-20.0,352.0,-50.0,-37.0,-10.0,773.0,-160.0,-1023.0,4810.0,110274.0,0.0,-150.0,-468.0,170.0,3514.0,0.0,19251.0,-180.0,-2158.0,-20.0,-3.0,-30.0,-454.0,-20.0,-124.0,-30.0,-143.0,-10.0,-48.0,16290.0,283909.0,16290.0,277078.0,3470.0,6831.0,-2360.0,-38595.0,-226035.0,-390.0,-2538.0,-2120.0,-10311.0,-200.0,-203.0,-2150.0,-7189.0,-230.0,-94.0,560.0,3943.0,-2340.0,-19773.0,-1900.0,-9434.0,-40.0,-60.0,-50.0,-33.0,-30.0,-54.0,-1580.0,-2404.0,-50.0,95.0,1400.0,8583.0,-140.0,43323.0,-170.0,-2595.0,-130.0,-422.0,0.0,64.0,690.0,4871.0,0.0,-1.0,10.0,13.0,-40.0,-31.0,-20.0,16.0,3880.0,8008.0,-110.0,-27.0,-10.0,192.0,-10.0,1019.0,0.0,1161.0,-90.0,-51.0,10.0,-2499.0,-50.0,-153.0,60.0,-1.0,310.0,1247.0,-40.0,-29.0,-30.0,3.0,-800.0,-7440.0,-730.0,-7364.0,0.0,15.0,10.0,-110.0,-140.0,-252.0,150.0,2372.0,110.0,839.0,40.0,1927.0
juniata,1814.0,0.0,0.0,0.0,0.0,PA,40.0,70.0,0.0,-20.0,220.0,-130.0,10.0,220.0,-120.0,-150.0,30.0,20.0,0.0,0.0,40.0,70.0,26875.0,40.0,24301.0,80.0,15335.0,60.0,481.0,-20.0,729.0,0.0,542.0,-40.0,15.0,40.0,186.0,-40.0,3783.0,3020.0,63535.0,-40.0,0.0,86.0,100.0,1228.0,-40.0,-37.0,-130.0,-2574.0,-10.0,4.0,0.0,-141.0,-70.0,-291.0,-60.0,-314.0,10.0,27.0,10870.0,193139.0,10870.0,188480.0,2320.0,4661.0,-1520.0,-26174.0,-142515.0,-240.0,-2012.0,-1350.0,-6174.0,-130.0,-105.0,-1370.0,-3483.0,-210.0,-25.0,330.0,2109.0,-1510.0,-10577.0,-1040.0,-5538.0,-50.0,-86.0,-60.0,-16.0,-20.0,-55.0,-1070.0,-4301.0,-20.0,-82.0,1500.0,9227.0,-60.0,24801.0,-80.0,-3081.0,-80.0,-221.0,-30.0,5.0,460.0,3534.0,10.0,9.0,0.0,2.0,0.0,-36.0,-20.0,-9.0,2680.0,6062.0,-100.0,-55.0,-60.0,-228.0,-50.0,781.0,-60.0,870.0,-60.0,-20.0,60.0,-3653.0,-40.0,-12.0,0.0,62.0,200.0,854.0,-40.0,-45.0,-20.0,-9.0,-530.0,-6613.0,-420.0,-6779.0,0.0,-1.0,10.0,-77.0,-200.0,-1138.0,250.0,2152.0,220.0,1319.0,60.0,705.0
lycoming,12063.0,0.0,0.0,0.0,0.0,PA,220.0,180.0,-140.0,90.0,560.0,10.0,-50.0,490.0,-210.0,-180.0,30.0,-10.0,40.0,-10.0,30.0,360.0,167629.0,180.0,163042.0,130.0,95611.0,510.0,2534.0,-50.0,4773.0,40.0,3810.0,-360.0,80.0,20.0,-1450.0,-300.0,-10940.0,15640.0,353758.0,-30.0,-660.0,-2425.0,410.0,12071.0,-50.0,31987.0,-620.0,-4587.0,-70.0,-14.0,-20.0,54.0,-50.0,-222.0,-60.0,-188.0,-60.0,167.0,50620.0,869809.0,50620.0,848390.0,10880.0,21420.0,-8880.0,-155513.0,-855546.0,-1520.0,-6740.0,-7950.0,-38631.0,-780.0,-752.0,-8150.0,-27666.0,-960.0,-285.0,2540.0,18773.0,-8860.0,-78778.0,-6880.0,-33852.0,-150.0,-220.0,-210.0,-106.0,-130.0,131.0,-6360.0,-19009.0,-190.0,-149.0,4990.0,32618.0,60.0,183744.0,80.0,-3746.0,-610.0,-2707.0,-20.0,80.0,2460.0,16037.0,-10.0,113.0,0.0,-7.0,50.0,-80.0,60.0,23.0,12170.0,25925.0,-360.0,-28.0,-50.0,186.0,-60.0,1365.0,-80.0,1473.0,-390.0,-225.0,160.0,-11551.0,-320.0,-263.0,50.0,113.0,960.0,4000.0,-100.0,-158.0,-60.0,-12.0,-1900.0,-19782.0,-1760.0,-22312.0,30.0,63.0,60.0,-197.0,-410.0,-5524.0,500.0,5124.0,430.0,2632.0,130.0,2688.0
mifflin,3130.0,0.0,0.0,0.0,0.0,PA,140.0,180.0,-40.0,60.0,750.0,-420.0,-220.0,390.0,30.0,-50.0,50.0,60.0,-10.0,-20.0,130.0,150.0,43873.0,150.0,41140.0,90.0,26914.0,240.0,899.0,20.0,384.0,20.0,35.0,-60.0,35.0,40.0,2654.0,-120.0,2851.0,6090.0,119171.0,-10.0,-130.0,-252.0,140.0,3155.0,-30.0,3614.0,-210.0,-2733.0,-30.0,-6.0,0.0,115.0,-30.0,-166.0,-50.0,-140.0,-70.0,-12.0,20810.0,366652.0,20810.0,357438.0,4600.0,9214.0,-2550.0,-40228.0,-232033.0,-500.0,-3003.0,-2230.0,-9835.0,-280.0,-232.0,-2270.0,-6988.0,-470.0,-77.0,490.0,3258.0,-2530.0,-18402.0,-1820.0,-8552.0,-60.0,-107.0,-60.0,-28.0,-40.0,-21.0,-1750.0,-6142.0,-60.0,-34.0,2240.0,11948.0,-20.0,40145.0,-30.0,-6397.0,-110.0,-392.0,-30.0,-50.0,1000.0,6002.0,20.0,11.0,-10.0,1.0,0.0,24.0,80.0,27.0,4820.0,10070.0,-140.0,-41.0,0.0,32.0,-40.0,1617.0,-60.0,1786.0,-110.0,-56.0,110.0,-8593.0,-110.0,-170.0,60.0,49.0,450.0,1741.0,-20.0,-44.0,-50.0,-16.0,-990.0,-12350.0,-860.0,-12351.0,0.0,-3.0,0.0,114.0,-280.0,-1518.0,340.0,2491.0,350.0,1368.0,100.0,729.0
perry,4493.0,0.0,0.0,0.0,0.0,PA,40.0,70.0,-40.0,-10.0,280.0,-80.0,-80.0,100.0,-270.0,-230.0,0.0,-10.0,0.0,0.0,0.0,200.0,40287.0,40.0,37626.0,-30.0,27215.0,210.0,1092.0,-40.0,1262.0,-20.0,794.0,-150.0,44.0,-30.0,1978.0,-100.0,1557.0,6780.0,174051.0,-10.0,-130.0,-1052.0,210.0,4026.0,-10.0,-1653.0,-280.0,-2661.0,-10.0,-6.0,-10.0,-175.0,-100.0,-362.0,-30.0,-170.0,-60.0,-107.0,21430.0,376894.0,21430.0,367955.0,4560.0,8937.0,-4360.0,-73449.0,-413058.0,-590.0,-3905.0,-3940.0,-18925.0,-350.0,-332.0,-4090.0,-13313.0,-480.0,-194.0,1070.0,7500.0,-4350.0,-34753.0,-3560.0,-20053.0,-100.0,-272.0,-160.0,-74.0,-20.0,-24.0,-2980.0,-7804.0,-90.0,-82.0,2370.0,12188.0,-230.0,53968.0,-220.0,-8576.0,-180.0,-665.0,-70.0,-126.0,880.0,7325.0,10.0,7.0,10.0,13.0,-10.0,-8.0,0.0,0.0,5190.0,12176.0,-150.0,27.0,-70.0,-77.0,-60.0,1560.0,-90.0,1448.0,-170.0,-84.0,30.0,-12593.0,-90.0,-110.0,90.0,87.0,400.0,1701.0,-40.0,-33.0,-60.0,-32.0,-1020.0,-15883.0,-900.0,-16020.0,0.0,20.0,20.0,47.0,-120.0,-1815.0,90.0,1274.0,50.0,676.0,100.0,662.0
potter,1418.0,0.0,0.0,0.0,0.0,PA,20.0,80.0,-20.0,-20.0,200.0,-100.0,-20.0,30.0,-250.0,-150.0,-10.0,0.0,-10.0,0.0,60.0,-20.0,23403.0,10.0,22930.0,-10.0,11547.0,30.0,116.0,40.0,226.0,30.0,-56.0,-50.0,32.0,-50.0,407.0,-40.0,3568.0,2480.0,53225.0,10.0,-60.0,-557.0,40.0,1396.0,20.0,-743.0,-60.0,-473.0,10.0,1.0,0.0,0.0,-20.0,-59.0,0.0,-101.0,-10.0,-24.0,7220.0,129125.0,7220.0,125509.0,1840.0,3612.0,-850.0,-16149.0,-78576.0,-210.0,-1597.0,-700.0,-3074.0,-140.0,-135.0,-750.0,-2338.0,-100.0,-22.0,200.0,1339.0,-850.0,-6888.0,-590.0,-2762.0,0.0,0.0,0.0,0.0,0.0,0.0,-550.0,-1885.0,-20.0,-125.0,780.0,4399.0,10.0,23086.0,30.0,-419.0,-50.0,-231.0,20.0,134.0,320.0,1947.0,10.0,7.0,10.0,8.0,-20.0,-43.0,70.0,7.0,1500.0,3291.0,-60.0,-12.0,-50.0,95.0,10.0,954.0,20.0,1111.0,-60.0,-41.0,-10.0,28.0,-80.0,-93.0,0.0,-9.0,110.0,532.0,-20.0,-40.0,-10.0,8.0,-280.0,-2367.0,-260.0,-2289.0,0.0,18.0,10.0,2.0,-100.0,-64.0,110.0,2408.0,90.0,861.0,60.0,673.0
snyder,3583.0,0.0,0.0,0.0,0.0,PA,-10.0,40.0,-50.0,-30.0,270.0,-50.0,-80.0,210.0,-280.0,-190.0,30.0,30.0,0.0,-10.0,70.0,110.0,28812.0,0.0,25686.0,-20.0,17530.0,290.0,1059.0,-30.0,1128.0,-20.0,612.0,-200.0,-112.0,-30.0,-1484.0,-40.0,4647.0,4920.0,113205.0,-20.0,-200.0,-268.0,130.0,3058.0,0.0,-8033.0,-250.0,-3126.0,-20.0,-6.0,-30.0,-317.0,-40.0,-287.0,-20.0,-169.0,-60.0,-55.0,17260.0,303968.0,17260.0,296727.0,3630.0,7235.0,-2820.0,-50216.0,-272754.0,-500.0,-2719.0,-2480.0,-13491.0,-290.0,-257.0,-2550.0,-7725.0,-330.0,-106.0,680.0,4974.0,-2830.0,-24217.0,-2080.0,-10590.0,-50.0,-131.0,-60.0,-10.0,-40.0,-12.0,-1990.0,-7647.0,-30.0,8.0,2530.0,13126.0,-100.0,37333.0,-130.0,-7600.0,-170.0,-756.0,-110.0,-21.0,730.0,5668.0,20.0,28.0,-30.0,9.0,10.0,-12.0,-10.0,15.0,4320.0,9712.0,-110.0,-19.0,-100.0,-311.0,-60.0,2179.0,-70.0,2073.0,-140.0,-76.0,-10.0,-8700.0,-110.0,-35.0,90.0,108.0,420.0,1484.0,-30.0,-35.0,-60.0,-88.0,-910.0,-13268.0,-790.0,-13467.0,0.0,-17.0,0.0,89.0,-400.0,-2556.0,320.0,3182.0,280.0,1730.0,130.0,1644.0
sullivan,825.0,0.0,0.0,0.0,0.0,PA,-40.0,-50.0,0.0,20.0,-10.0,-20.0,-30.0,0.0,-20.0,-10.0,0.0,0.0,0.0,0.0,-20.0,20.0,13932.0,-40.0,13500.0,0.0,5064.0,20.0,180.0,-10.0,410.0,-10.0,505.0,-10.0,-28.0,-10.0,-89.0,-50.0,146.0,1020.0,29379.0,10.0,10.0,-113.0,20.0,1051.0,0.0,1140.0,-20.0,-432.0,0.0,0.0,0.0,0.0,-20.0,-152.0,-10.0,-126.0,10.0,27.0,2670.0,47584.0,2670.0,45995.0,820.0,1583.0,-380.0,-6573.0,-36025.0,-110.0,-482.0,-340.0,-1435.0,-80.0,-67.0,-340.0,-1208.0,-40.0,-5.0,110.0,738.0,-390.0,-3141.0,-280.0,-1479.0,0.0,0.0,0.0,0.0,0.0,0.0,-270.0,-824.0,0.0,0.0,330.0,1474.0,-10.0,13024.0,0.0,502.0,-30.0,-151.0,10.0,22.0,120.0,752.0,0.0,5.0,0.0,6.0,10.0,-1.0,-10.0,-5.0,520.0,1175.0,-20.0,-6.0,-20.0,-61.0,-20.0,166.0,-10.0,279.0,-30.0,-12.0,-10.0,-525.0,-30.0,-124.0,-20.0,-114.0,40.0,120.0,0.0,-12.0,-30.0,-25.0,-110.0,-256.0,-80.0,-250.0,0.0,0.0,10.0,74.0,-80.0,535.0,60.0,287.0,60.0,128.0,30.0,149.0
susquehanna,4814.0,0.0,0.0,0.0,0.0,PA,-140.0,-70.0,-50.0,20.0,80.0,-70.0,-40.0,230.0,-240.0,-100.0,-20.0,0.0,-30.0,0.0,-30.0,170.0,83117.0,-120.0,81112.0,-110.0,29212.0,200.0,1446.0,-90.0,2403.0,-20.0,1579.0,-170.0,-20.0,-20.0,-902.0,-240.0,-4386.0,5900.0,144947.0,-20.0,-80.0,-504.0,180.0,5090.0,20.0,5485.0,-200.0,-2005.0,-10.0,-1.0,-10.0,-87.0,-30.0,-142.0,-70.0,-270.0,-40.0,-49.0,18410.0,321653.0,18410.0,312689.0,4530.0,8963.0,-2860.0,-50643.0,-307779.0,-640.0,-5107.0,-2450.0,-12577.0,-350.0,-363.0,-2570.0,-8839.0,-230.0,-99.0,770.0,5389.0,-2840.0,-25450.0,-1990.0,-10198.0,-70.0,-188.0,-90.0,-52.0,-40.0,-34.0,-2050.0,-5128.0,-50.0,-119.0,2380.0,13884.0,-130.0,82684.0,-180.0,527.0,-250.0,-980.0,-70.0,-1.0,930.0,5561.0,20.0,64.0,10.0,0.0,20.0,46.0,30.0,11.0,4010.0,8666.0,-100.0,-37.0,-60.0,-1.0,-50.0,1673.0,-40.0,1762.0,-200.0,-127.0,-50.0,4565.0,-100.0,-155.0,30.0,11.0,330.0,1336.0,-70.0,-48.0,-60.0,-49.0,-850.0,-4963.0,-760.0,-4427.0,10.0,20.0,90.0,613.0,-430.0,-2509.0,330.0,6356.0,180.0,3070.0,230.0,2633.0
tioga,3733.0,0.0,0.0,0.0,0.0,PA,-30.0,60.0,-90.0,-10.0,220.0,-180.0,-130.0,190.0,-310.0,-190.0,0.0,0.0,0.0,0.0,90.0,150.0,60743.0,-40.0,58764.0,-80.0,28463.0,220.0,743.0,-70.0,1302.0,-50.0,758.0,-150.0,-87.0,-30.0,-308.0,-240.0,5202.0,5880.0,141836.0,-40.0,-80.0,-606.0,90.0,4414.0,-10.0,-2735.0,-290.0,-1979.0,-40.0,-5.0,-10.0,-114.0,-50.0,-108.0,-70.0,-213.0,-40.0,-16.0,17490.0,312532.0,17490.0,304195.0,4180.0,8338.0,-2800.0,-49094.0,-272733.0,-610.0,-4232.0,-2370.0,-12546.0,-380.0,-397.0,-2530.0,-8897.0,-190.0,-98.0,670.0,4713.0,-2790.0,-23855.0,-2020.0,-10325.0,-60.0,-150.0,-30.0,-10.0,-50.0,-153.0,-1810.0,-5207.0,-40.0,-59.0,1910.0,9319.0,-140.0,63101.0,-130.0,-2753.0,-190.0,-708.0,-40.0,41.0,770.0,5615.0,30.0,27.0,20.0,25.0,0.0,-32.0,40.0,11.0,4070.0,9241.0,-150.0,-64.0,-60.0,80.0,-40.0,27.0,-40.0,242.0,-210.0,-104.0,-30.0,-6100.0,-140.0,-303.0,-30.0,-132.0,250.0,1291.0,-30.0,-60.0,-20.0,-89.0,-730.0,-8387.0,-640.0,-8174.0,20.0,5.0,40.0,85.0,-220.0,-1303.0,150.0,2172.0,90.0,746.0,90.0,1653.0
union,5424.0,0.0,0.0,0.0,0.0,PA,-30.0,-10.0,-40.0,20.0,280.0,-200.0,0.0,70.0,-140.0,-110.0,20.0,20.0,0.0,0.0,50.0,80.0,47508.0,-30.0,45199.0,-30.0,8442.0,180.0,1727.0,-30.0,2940.0,-20.0,3493.0,-170.0,-23.0,20.0,1266.0,-110.0,21667.0,5230.0,143905.0,-10.0,-170.0,-224.0,170.0,3656.0,-50.0,2362.0,-300.0,-2309.0,0.0,-5.0,0.0,-120.0,0.0,-59.0,-40.0,-26.0,-50.0,-31.0,15730.0,277503.0,15730.0,270128.0,3680.0,7376.0,-3350.0,-66285.0,-377377.0,-540.0,-3261.0,-2950.0,-18845.0,-340.0,-287.0,-3080.0,-12309.0,-370.0,-130.0,1140.0,8798.0,-3340.0,-39988.0,-2490.0,-13215.0,-90.0,-285.0,-80.0,-27.0,-40.0,-80.0,-2480.0,-6241.0,-30.0,-132.0,2690.0,17458.0,-210.0,63047.0,-170.0,-9384.0,-440.0,-1939.0,-70.0,163.0,780.0,5921.0,0.0,-11.0,10.0,21.0,30.0,-6.0,-10.0,-5.0,3930.0,9560.0,-130.0,-116.0,-30.0,11.0,-30.0,1947.0,-20.0,2161.0,-70.0,-54.0,-30.0,-10849.0,-80.0,-115.0,20.0,-34.0,260.0,1060.0,-30.0,-37.0,-10.0,-37.0,-770.0,-15508.0,-680.0,-15240.0,10.0,-102.0,50.0,412.0,-240.0,-621.0,140.0,3783.0,50.0,1374.0,110.0,2255.0
wyoming,3567.0,0.0,0.0,0.0,0.0,PA,-130.0,-90.0,-80.0,20.0,60.0,-100.0,-30.0,0.0,-350.0,-150.0,10.0,-10.0,20.0,0.0,-110.0,60.0,35784.0,-130.0,34850.0,-240.0,10009.0,90.0,622.0,-90.0,522.0,-110.0,224.0,-140.0,181.0,-20.0,2606.0,-210.0,-10684.0,3760.0,99615.0,-10.0,-90.0,-394.0,100.0,3130.0,-10.0,12764.0,-130.0,-934.0,-10.0,0.0,0.0,4.0,-40.0,-165.0,-30.0,-124.0,-20.0,-36.0,12460.0,215404.0,12460.0,209839.0,2840.0,5568.0,-2260.0,-38698.0,-223075.0,-440.0,-2471.0,-1940.0,-8906.0,-270.0,-225.0,-2040.0,-8008.0,-180.0,-76.0,510.0,3751.0,-2250.0,-19508.0,-1660.0,-8760.0,-30.0,-66.0,-50.0,-8.0,-30.0,-40.0,-1580.0,-3184.0,-40.0,-88.0,1400.0,10178.0,-200.0,36502.0,-190.0,-1684.0,-170.0,-675.0,10.0,128.0,610.0,3652.0,-20.0,-20.0,0.0,11.0,-10.0,-35.0,40.0,9.0,2840.0,6033.0,-120.0,-40.0,-10.0,167.0,-30.0,1335.0,-20.0,1510.0,-60.0,-26.0,-210.0,-832.0,-140.0,-192.0,-50.0,-58.0,190.0,815.0,-50.0,-68.0,-60.0,-14.0,-650.0,-5358.0,-620.0,-4702.0,10.0,26.0,50.0,177.0,-190.0,-2327.0,30.0,1574.0,-60.0,-124.0,100.0,1849.0
bucks,0.0,0.0,0.0,0.0,152461.0,PA,-40.0,-50.0,60.0,-30.0,4140.0,-1550.0,-240.0,-2400.0,-2100.0,-2500.0,180.0,70.0,120.0,10.0,-970.0,3450.0,1882691.0,-140.0,1829022.0,-790.0,723316.0,5830.0,65082.0,550.0,92456.0,430.0,56777.0,-7070.0,5180.0,390.0,36995.0,-1170.0,216717.0,92440.0,3020581.0,10.0,-1300.0,-7948.0,2720.0,96527.0,-170.0,322098.0,-3510.0,-53669.0,-370.0,-75.0,-130.0,-1421.0,-1000.0,-1057.0,-460.0,-2150.0,-550.0,-779.0,275570.0,4649798.0,275570.0,4532136.0,59580.0,117664.0,-92910.0,-2293704.0,-11803653.0,-16210.0,-81882.0,-81450.0,-582280.0,-9300.0,-7514.0,-85360.0,-523713.0,-7270.0,-1771.0,51600.0,443734.0,-92760.0,-1588503.0,-69850.0,-438616.0,-1080.0,-3174.0,-3920.0,-1265.0,-1700.0,4728.0,-78940.0,-132567.0,-1410.0,3065.0,50020.0,490324.0,-1980.0,2761080.0,-2710.0,-6925.0,-18670.0,-82494.0,-1980.0,3477.0,23150.0,131729.0,270.0,-4945.0,-170.0,98.0,-380.0,-1479.0,450.0,112.0,81510.0,196125.0,-3450.0,-357.0,0.0,4462.0,410.0,49832.0,250.0,54718.0,-1500.0,-919.0,-810.0,-166257.0,-1130.0,-1182.0,210.0,220.0,3110.0,12312.0,-1050.0,-1367.0,-2040.0,-1293.0,-9290.0,-162802.0,-8050.0,-145607.0,1020.0,2451.0,1820.0,5031.0,4530.0,-6388.0,-5170.0,-23643.0,-6010.0,-57812.0,1220.0,34170.0
crawford,0.0,0.0,342.0,0.0,0.0,PA,-140.0,50.0,-190.0,0.0,240.0,-160.0,-510.0,350.0,-790.0,-440.0,110.0,130.0,-10.0,20.0,30.0,210.0,509268.0,-150.0,505601.0,-210.0,61111.0,350.0,3445.0,-70.0,2558.0,-100.0,1281.0,-360.0,69.0,20.0,991.0,-160.0,459895.0,11030.0,263544.0,-30.0,-480.0,-3172.0,300.0,7248.0,-40.0,-49724.0,-470.0,-3667.0,-40.0,-6.0,-10.0,-33.0,-60.0,-126.0,-50.0,-260.0,-120.0,-112.0,36600.0,639680.0,36600.0,622781.0,8530.0,16901.0,-4200.0,-47012.0,-23934.0,-850.0,-4325.0,-3480.0,-16777.0,-580.0,-539.0,-3840.0,-13217.0,-330.0,-119.0,980.0,6311.0,-4200.0,-36546.0,-3060.0,-13874.0,-80.0,-231.0,-70.0,-25.0,-80.0,-195.0,-2870.0,-3747.0,-140.0,-362.0,4160.0,27036.0,-180.0,474746.0,-210.0,68852.0,-320.0,-1932.0,-40.0,169.0,1660.0,10441.0,-60.0,61.0,0.0,20.0,10.0,-101.0,60.0,16.0,8210.0,17106.0,-230.0,37.0,-120.0,220.0,30.0,3567.0,0.0,3793.0,-180.0,-89.0,-210.0,71843.0,-230.0,-491.0,-10.0,-215.0,690.0,2864.0,-110.0,-143.0,0.0,19.0,-1800.0,58409.0,-1610.0,59055.0,0.0,170.0,40.0,331.0,-620.0,-615.0,350.0,12077.0,210.0,12038.0,210.0,-182.0
erie,0.0,0.0,940.0,0.0,0.0,PA,-630.0,-40.0,-570.0,-70.0,890.0,-580.0,-470.0,1150.0,-2710.0,-1320.0,-410.0,380.0,-790.0,-20.0,-280.0,530.0,406314.0,-670.0,392517.0,-530.0,171877.0,1660.0,8740.0,-500.0,8676.0,-420.0,5494.0,-1040.0,248.0,-120.0,4648.0,-450.0,60821.0,34320.0,869032.0,-10.0,-1880.0,-19112.0,830.0,24435.0,-60.0,73413.0,-1540.0,-13797.0,-100.0,-24.0,-30.0,-447.0,-160.0,292.0,-210.0,-866.0,-410.0,-505.0,121180.0,2035908.0,121180.0,1988854.0,24090.0,47054.0,-19160.0,-335363.0,-1998446.0,-3080.0,-17632.0,-16650.0,-87999.0,-2030.0,-1980.0,-17730.0,-75378.0,-1720.0,-919.0,4790.0,35124.0,-19110.0,-199107.0,-14790.0,-69091.0,-200.0,-406.0,-320.0,-162.0,-290.0,2133.0,-14110.0,-32654.0,-690.0,-571.0,11930.0,95950.0,-790.0,413081.0,-820.0,-26844.0,-1750.0,-7715.0,20.0,582.0,5840.0,34978.0,10.0,-1726.0,40.0,106.0,-240.0,-518.0,470.0,150.0,28330.0,56697.0,-1040.0,-277.0,-220.0,478.0,-40.0,7179.0,-130.0,8071.0,-630.0,-366.0,-470.0,-40143.0,-590.0,-1218.0,270.0,-206.0,2140.0,10374.0,-630.0,-764.0,-90.0,87.0,-5930.0,-61826.0,-5550.0,-58934.0,80.0,51.0,270.0,3056.0,-1380.0,-4415.0,750.0,14360.0,560.0,4961.0,310.0,9870.0
lawrence,0.0,0.0,362.0,0.0,0.0,PA,-60.0,-20.0,-240.0,160.0,480.0,-130.0,-210.0,430.0,-460.0,-170.0,60.0,60.0,10.0,0.0,110.0,200.0,114288.0,-40.0,111486.0,-10.0,58841.0,320.0,2817.0,-50.0,5356.0,10.0,2142.0,-650.0,-121.0,-90.0,3790.0,-150.0,11719.0,12380.0,282310.0,-10.0,-380.0,-2127.0,330.0,9380.0,-30.0,-1547.0,-380.0,-2802.0,-90.0,-21.0,0.0,-9.0,-50.0,-159.0,-70.0,-300.0,-60.0,-28.0,39500.0,680858.0,39500.0,663150.0,9000.0,17706.0,-5670.0,-97634.0,-606775.0,-960.0,-5188.0,-4960.0,-25332.0,-580.0,-493.0,-5260.0,-18497.0,-410.0,-170.0,1310.0,9404.0,-5670.0,-50067.0,-4340.0,-20813.0,-90.0,-256.0,-80.0,-61.0,-50.0,-9.0,-4320.0,-12620.0,-190.0,785.0,3820.0,21467.0,-240.0,102673.0,-280.0,-15725.0,-380.0,-1485.0,-40.0,201.0,1840.0,12160.0,-80.0,-13.0,30.0,0.0,-170.0,-305.0,100.0,16.0,9220.0,19477.0,-250.0,-43.0,-110.0,33.0,-80.0,2416.0,-90.0,2758.0,-160.0,-47.0,-130.0,-22518.0,-100.0,-187.0,130.0,137.0,760.0,2891.0,-240.0,-268.0,-60.0,-11.0,-1670.0,-27883.0,-1600.0,-27493.0,10.0,-7.0,50.0,455.0,-400.0,-2266.0,240.0,2676.0,190.0,2359.0,80.0,704.0
mercer,0.0,0.0,521.0,0.0,0.0,PA,-330.0,120.0,-330.0,-90.0,400.0,-340.0,-80.0,610.0,-1230.0,-590.0,-40.0,30.0,-50.0,10.0,0.0,250.0,97165.0,-340.0,92278.0,-320.0,56906.0,390.0,3158.0,-210.0,4876.0,-150.0,3527.0,-390.0,18.0,-60.0,2679.0,-190.0,3460.0,16570.0,382429.0,-20.0,-480.0,-2992.0,450.0,11569.0,20.0,8611.0,-510.0,-4887.0,-40.0,-2.0,-10.0,203.0,-20.0,152.0,-90.0,-378.0,-70.0,94.0,49750.0,859102.0,49750.0,834961.0,12270.0,24141.0,-6560.0,-117262.0,-681276.0,-1300.0,-7732.0,-5610.0,-30939.0,-810.0,-678.0,-6010.0,-17672.0,-640.0,-195.0,1650.0,11198.0,-6550.0,-57035.0,-4860.0,-22323.0,-130.0,-276.0,-90.0,-40.0,-90.0,171.0,-4820.0,-16087.0,-180.0,-2149.0,4890.0,32681.0,-370.0,111986.0,-400.0,-19295.0,-490.0,-2205.0,10.0,310.0,2180.0,14583.0,-110.0,171.0,-10.0,5.0,30.0,-31.0,50.0,26.0,11120.0,22963.0,-410.0,-107.0,-110.0,272.0,0.0,3120.0,-40.0,3590.0,-230.0,-79.0,-370.0,-17794.0,-320.0,-505.0,10.0,-106.0,810.0,3427.0,-90.0,-116.0,-30.0,-6.0,-2280.0,-33877.0,-2080.0,-33325.0,30.0,48.0,100.0,-5.0,-730.0,-8638.0,320.0,6943.0,170.0,2110.0,130.0,4760.0
delaware,308954.0,0.0,0.0,189634.0,0.0,PA,310.0,-90.0,90.0,270.0,3920.0,-1250.0,-300.0,-1930.0,-240.0,-570.0,90.0,140.0,-50.0,40.0,-750.0,1550.0,1085079.0,230.0,1054063.0,320.0,618862.0,4660.0,25792.0,390.0,92836.0,360.0,54676.0,-4690.0,503.0,880.0,12763.0,-980.0,94872.0,70310.0,2232209.0,-10.0,-1180.0,-7158.0,1640.0,65538.0,-60.0,71857.0,-2650.0,-31016.0,-240.0,-49.0,-140.0,1935.0,-580.0,-650.0,-430.0,-1988.0,-340.0,-789.0,233210.0,3839628.0,233210.0,3756475.0,43160.0,83156.0,-71700.0,-1804692.0,-8407673.0,-11760.0,-50299.0,-62630.0,-404129.0,-6860.0,-5016.0,-63320.0,-431520.0,-6600.0,-1424.0,39930.0,337098.0,-71570.0,-1245005.0,-50950.0,-276960.0,-790.0,-2147.0,-2230.0,-705.0,-1270.0,4480.0,-60590.0,-148118.0,-1090.0,-2303.0,34940.0,294511.0,1630.0,2053036.0,1130.0,-41922.0,-13630.0,-74534.0,-1670.0,1249.0,20440.0,123560.0,540.0,731.0,40.0,236.0,-330.0,-1045.0,1060.0,278.0,71530.0,157785.0,-2520.0,53.0,240.0,4031.0,290.0,36465.0,140.0,38730.0,-1030.0,-600.0,60.0,-167116.0,-510.0,-898.0,750.0,355.0,4090.0,17911.0,-1390.0,-1655.0,-1410.0,-873.0,-7800.0,-165276.0,-6940.0,-153815.0,940.0,2184.0,1360.0,4933.0,4190.0,-5758.0,-4090.0,-21396.0,-4540.0,-39668.0,620.0,4632.0
philadelphia,219416.0,287610.0,0.0,77415.0,0.0,PA,8230.0,7350.0,1000.0,-990.0,15420.0,-2910.0,-300.0,3600.0,4090.0,-3740.0,790.0,640.0,170.0,-170.0,-3110.0,2290.0,2840815.0,8060.0,2820357.0,7730.0,1711645.0,9850.0,67461.0,2850.0,116078.0,2730.0,81978.0,-8190.0,4496.0,5150.0,63139.0,1590.0,416309.0,114720.0,2911519.0,0.0,-3600.0,-17703.0,2210.0,70063.0,840.0,170337.0,-2150.0,-20458.0,-580.0,-141.0,60.0,2204.0,-840.0,286.0,-380.0,-696.0,690.0,630.0,624500.0,9680028.0,624500.0,9542716.0,75700.0,137312.0,-113880.0,-2209243.0,-9658025.0,-15940.0,-52786.0,-102980.0,-715913.0,-7200.0,-6575.0,-79010.0,-239305.0,-13390.0,-3365.0,57220.0,437615.0,-113470.0,-1381170.0,-68210.0,-328622.0,-1060.0,-3004.0,-1790.0,-1029.0,-850.0,8604.0,-88360.0,-111889.0,-1840.0,11789.0,59090.0,266831.0,19830.0,3547242.0,19160.0,137171.0,-13510.0,-79712.0,-4620.0,279.0,50260.0,196334.0,1550.0,13819.0,-470.0,220.0,400.0,-1901.0,4160.0,1080.0,165820.0,262615.0,-3510.0,2198.0,2920.0,15812.0,1290.0,82920.0,860.0,84809.0,-4030.0,-1968.0,6420.0,-101253.0,-4150.0,-9649.0,710.0,-4290.0,12830.0,72349.0,-3680.0,-4602.0,-3860.0,-1828.0,-17690.0,-59129.0,-14550.0,-26834.0,1360.0,2198.0,1620.0,12892.0,7540.0,49938.0,-230.0,-26573.0,-890.0,-53799.0,910.0,28254.0
dauphin,58605.0,0.0,0.0,0.0,49767.0,PA,910.0,560.0,140.0,250.0,2600.0,-300.0,450.0,1560.0,1320.0,260.0,20.0,20.0,20.0,-60.0,-40.0,830.0,484209.0,850.0,473675.0,790.0,252065.0,1620.0,9085.0,20.0,19617.0,-40.0,12983.0,-1720.0,-191.0,320.0,9132.0,-890.0,84895.0,38610.0,1125376.0,20.0,-980.0,-4848.0,810.0,26703.0,120.0,22318.0,-1220.0,-10534.0,-50.0,-9.0,0.0,-96.0,-140.0,-606.0,-160.0,-431.0,-40.0,111.0,132410.0,2185027.0,132410.0,2137630.0,24710.0,47396.0,-28260.0,-523430.0,-2944683.0,-4220.0,-19730.0,-24520.0,-133255.0,-2950.0,-2636.0,-25700.0,-103595.0,-3480.0,-1463.0,9590.0,74075.0,-28230.0,-296750.0,-21960.0,-113850.0,-430.0,-1130.0,-1020.0,-465.0,-300.0,-386.0,-21680.0,-56412.0,-610.0,-44.0,13240.0,82822.0,880.0,587690.0,800.0,-27486.0,-2820.0,-11482.0,-210.0,446.0,7920.0,41996.0,210.0,-1374.0,-140.0,41.0,-200.0,-526.0,620.0,213.0,32940.0,65090.0,-990.0,21.0,210.0,1530.0,-300.0,5707.0,-290.0,6246.0,-580.0,-194.0,810.0,-53226.0,90.0,1128.0,850.0,1907.0,2970.0,12209.0,-650.0,-740.0,-290.0,-274.0,-4990.0,-69487.0,-4330.0,-67384.0,150.0,489.0,260.0,516.0,-340.0,-4690.0,1150.0,8854.0,900.0,5412.0,290.0,3561.0
york,41501.0,0.0,0.0,0.0,102678.0,PA,1210.0,1100.0,-290.0,400.0,3940.0,-1190.0,-1150.0,900.0,280.0,-340.0,800.0,360.0,440.0,30.0,-110.0,1680.0,1075059.0,1180.0,1047933.0,610.0,325593.0,3200.0,15043.0,-250.0,27841.0,-80.0,7927.0,-2810.0,1514.0,320.0,5035.0,-1140.0,520184.0,62960.0,1577014.0,-30.0,-1130.0,-6588.0,1580.0,47560.0,-150.0,-41943.0,-1350.0,-27126.0,-90.0,-9.0,-50.0,-668.0,-460.0,-2636.0,-250.0,-1368.0,140.0,180.0,206250.0,3555147.0,206250.0,3474278.0,40900.0,80870.0,-54570.0,-972634.0,-5071287.0,-8890.0,-38051.0,-48270.0,-237191.0,-5060.0,-4302.0,-51260.0,-248762.0,-4800.0,-1613.0,17640.0,140784.0,-54480.0,-582308.0,-44510.0,-250226.0,-940.0,-2436.0,-2280.0,-668.0,-510.0,2669.0,-39620.0,-74233.0,-760.0,-790.0,22480.0,146744.0,60.0,1282960.0,-140.0,7991.0,-3870.0,-16177.0,-650.0,1048.0,12470.0,84315.0,490.0,1349.0,-90.0,152.0,-260.0,-954.0,870.0,289.0,56530.0,125795.0,-1600.0,-29.0,210.0,1149.0,40.0,36174.0,-40.0,37164.0,-1280.0,-676.0,920.0,-94538.0,-610.0,179.0,610.0,1645.0,4440.0,17031.0,-620.0,-915.0,-590.0,-618.0,-8180.0,-76328.0,-7160.0,-51972.0,190.0,-149.0,340.0,23756.0,780.0,46539.0,60.0,4189.0,-310.0,-1020.0,500.0,5209.0
fayette,17115.0,0.0,0.0,23182.0,0.0,PA,-80.0,210.0,-390.0,40.0,650.0,-280.0,-50.0,730.0,-890.0,-360.0,-240.0,-90.0,-170.0,0.0,390.0,240.0,169215.0,-100.0,166912.0,-110.0,93989.0,360.0,1037.0,-120.0,1733.0,-90.0,91.0,-620.0,-327.0,-140.0,1196.0,-450.0,28844.0,17180.0,405101.0,-20.0,-520.0,-2448.0,380.0,11262.0,-10.0,4818.0,-360.0,-2303.0,-50.0,-12.0,-10.0,111.0,-100.0,-96.0,-140.0,-375.0,-50.0,-166.0,58520.0,1006974.0,58520.0,983016.0,12260.0,23958.0,-6380.0,-110226.0,-662253.0,-970.0,-5628.0,-5640.0,-26154.0,-610.0,-546.0,-5640.0,-15920.0,-490.0,-250.0,1460.0,9689.0,-6370.0,-48729.0,-4790.0,-23369.0,-70.0,-245.0,-70.0,-73.0,-40.0,-2.0,-4600.0,-11756.0,-360.0,-3806.0,4790.0,26817.0,-270.0,159640.0,-350.0,-15552.0,-420.0,-1660.0,-70.0,364.0,2780.0,15776.0,0.0,26.0,30.0,12.0,-110.0,-321.0,90.0,35.0,13340.0,26708.0,-480.0,-116.0,-120.0,560.0,-150.0,2319.0,-190.0,2838.0,-680.0,-396.0,-160.0,-24713.0,-500.0,-574.0,-20.0,-36.0,950.0,4296.0,-280.0,-354.0,-130.0,-30.0,-2520.0,-31566.0,-2390.0,-30231.0,20.0,41.0,50.0,727.0,-720.0,439.0,400.0,5975.0,290.0,4475.0,130.0,2902.0
greene,4957.0,0.0,0.0,7267.0,0.0,PA,-90.0,80.0,-140.0,0.0,170.0,-90.0,-30.0,220.0,-430.0,-240.0,20.0,0.0,10.0,0.0,40.0,110.0,4465.0,-100.0,3483.0,-120.0,23523.0,130.0,436.0,-30.0,250.0,-30.0,951.0,-210.0,-228.0,-140.0,-2769.0,-150.0,-9893.0,4820.0,119290.0,-20.0,-120.0,-606.0,90.0,3046.0,20.0,192.0,-150.0,-982.0,-20.0,-8.0,-20.0,-268.0,-30.0,-250.0,-30.0,-130.0,-50.0,-43.0,14760.0,261326.0,14760.0,254890.0,3350.0,6439.0,-2130.0,-37982.0,-296852.0,-310.0,-1265.0,-1910.0,-11711.0,-190.0,-158.0,-1880.0,-6965.0,-180.0,-66.0,540.0,3824.0,-2130.0,-21462.0,-1490.0,-7389.0,0.0,0.0,-30.0,-15.0,-30.0,-64.0,-1450.0,-4225.0,-70.0,-356.0,1160.0,7695.0,-70.0,8053.0,-70.0,-20295.0,-240.0,-1063.0,-10.0,98.0,860.0,5372.0,20.0,26.0,-10.0,-5.0,-70.0,-85.0,10.0,16.0,3680.0,8345.0,-140.0,-45.0,-100.0,-350.0,0.0,748.0,-30.0,857.0,-120.0,-85.0,-70.0,-336.0,-180.0,-470.0,-80.0,-346.0,170.0,893.0,-40.0,-56.0,-20.0,-39.0,-580.0,-25566.0,-560.0,-26604.0,0.0,-4.0,20.0,-666.0,-340.0,-4399.0,240.0,5460.0,180.0,2480.0,100.0,3584.0
washington,33601.0,0.0,0.0,45313.0,0.0,PA,370.0,380.0,-240.0,80.0,1410.0,-250.0,-80.0,910.0,-420.0,-620.0,-80.0,100.0,-160.0,20.0,-20.0,740.0,433056.0,330.0,416937.0,-20.0,187168.0,1840.0,14145.0,100.0,12025.0,120.0,7068.0,-1410.0,1221.0,-50.0,12301.0,-750.0,-7262.0,32020.0,853343.0,-40.0,-1060.0,-6900.0,940.0,29463.0,-20.0,4409.0,-920.0,-16119.0,-20.0,-2.0,0.0,-110.0,-140.0,187.0,-160.0,-947.0,-130.0,-112.0,95160.0,1635040.0,95160.0,1591297.0,22260.0,43741.0,-19760.0,-402372.0,-2561066.0,-2900.0,-15997.0,-17510.0,-110851.0,-1900.0,-1694.0,-18370.0,-74311.0,-1650.0,-565.0,7190.0,57609.0,-19740.0,-241874.0,-15630.0,-86763.0,-230.0,-724.0,-490.0,-247.0,-280.0,469.0,-15640.0,-47097.0,-620.0,8174.0,12080.0,120280.0,-410.0,467477.0,-500.0,-49945.0,-2910.0,-11882.0,-20.0,773.0,5500.0,38799.0,120.0,454.0,-70.0,5.0,-260.0,-593.0,70.0,23.0,23370.0,55524.0,-1000.0,-253.0,-30.0,816.0,70.0,6476.0,-30.0,7313.0,-440.0,-192.0,110.0,-86256.0,-420.0,-599.0,150.0,120.0,1320.0,4939.0,-340.0,-442.0,0.0,171.0,-2910.0,-88727.0,-2590.0,-89233.0,240.0,-14.0,410.0,664.0,-660.0,10136.0,810.0,13062.0,470.0,1165.0,480.0,12253.0
lackawanna,0.0,0.0,0.0,30361.0,0.0,PA,20.0,0.0,-450.0,300.0,1120.0,-290.0,-250.0,1370.0,-470.0,-410.0,140.0,140.0,10.0,-30.0,470.0,610.0,260205.0,-20.0,252569.0,-90.0,142827.0,410.0,6974.0,-250.0,7623.0,-70.0,5441.0,-1050.0,-374.0,-50.0,7788.0,-1460.0,62589.0,27290.0,662856.0,-20.0,-490.0,-2081.0,640.0,20178.0,-80.0,21183.0,-1030.0,-7636.0,-80.0,-12.0,-20.0,280.0,-240.0,-1051.0,-130.0,-632.0,-250.0,-182.0,97060.0,1614695.0,97060.0,1575837.0,20000.0,38859.0,-17010.0,-324904.0,-1861214.0,-2540.0,-12964.0,-15310.0,-85528.0,-1360.0,-1186.0,-15430.0,-64134.0,-1400.0,-420.0,4600.0,34930.0,-16970.0,-178918.0,-12980.0,-65226.0,-180.0,-472.0,-540.0,-206.0,-300.0,757.0,-13350.0,-25653.0,-610.0,-5637.0,9770.0,67039.0,-340.0,296822.0,-370.0,-34570.0,-1680.0,-7591.0,-120.0,452.0,5740.0,29687.0,180.0,403.0,40.0,64.0,30.0,-149.0,470.0,96.0,22540.0,45285.0,-550.0,-117.0,-160.0,918.0,-60.0,8156.0,-130.0,8891.0,-610.0,-345.0,-130.0,-39273.0,-130.0,404.0,510.0,1064.0,1760.0,7288.0,-230.0,-332.0,-180.0,-13.0,-4150.0,-64277.0,-3740.0,-62875.0,70.0,302.0,130.0,611.0,-800.0,-7141.0,650.0,26924.0,540.0,12868.0,200.0,5021.0
monroe,22840.0,0.0,736.0,15776.0,0.0,PA,290.0,410.0,-220.0,80.0,1170.0,-270.0,-320.0,-120.0,-200.0,-420.0,50.0,50.0,-10.0,10.0,-200.0,820.0,150734.0,250.0,146169.0,-90.0,95449.0,660.0,4877.0,-50.0,8016.0,0.0,5537.0,-1130.0,-901.0,270.0,-8583.0,-440.0,-4431.0,20380.0,571749.0,-10.0,-320.0,-675.0,540.0,17101.0,90.0,-10997.0,-520.0,-4565.0,50.0,12.0,-20.0,-307.0,-150.0,-399.0,-70.0,-236.0,70.0,174.0,71800.0,1199769.0,71800.0,1174960.0,12930.0,24811.0,-18700.0,-375423.0,-1788407.0,-3280.0,-13785.0,-16010.0,-79632.0,-2170.0,-1942.0,-16690.0,-93984.0,-1910.0,-997.0,6900.0,56564.0,-18660.0,-203032.0,-14440.0,-79138.0,-270.0,-647.0,-730.0,-311.0,-170.0,360.0,-14450.0,-28948.0,-360.0,801.0,6990.0,33249.0,70.0,304144.0,0.0,-11430.0,-1520.0,-6114.0,-130.0,441.0,5130.0,26294.0,0.0,121.0,10.0,16.0,-80.0,-254.0,270.0,80.0,19350.0,38464.0,-500.0,258.0,-10.0,108.0,-10.0,7107.0,-30.0,7742.0,-500.0,-283.0,100.0,-38732.0,-220.0,151.0,290.0,582.0,1290.0,5662.0,-320.0,-452.0,-110.0,-17.0,-2800.0,-38268.0,-2640.0,-37759.0,60.0,85.0,110.0,283.0,920.0,-4259.0,-750.0,-6429.0,-840.0,-8184.0,100.0,1757.0
pike,0.0,0.0,0.0,12030.0,0.0,PA,160.0,50.0,-60.0,80.0,440.0,-170.0,-180.0,150.0,-120.0,-290.0,90.0,0.0,90.0,0.0,-20.0,310.0,107274.0,130.0,105671.0,20.0,27225.0,240.0,2341.0,30.0,7526.0,40.0,6814.0,-380.0,525.0,70.0,2937.0,-140.0,-5804.0,8850.0,282581.0,0.0,-60.0,-511.0,270.0,7526.0,40.0,41005.0,-150.0,-1603.0,-10.0,-3.0,20.0,123.0,-110.0,-617.0,-20.0,-261.0,-10.0,65.0,24720.0,431140.0,24720.0,419424.0,5960.0,11718.0,-7130.0,-142934.0,-672547.0,-1580.0,-7798.0,-5790.0,-28865.0,-1190.0,-1158.0,-6550.0,-30981.0,-560.0,-219.0,2380.0,18234.0,-7130.0,-71536.0,-5720.0,-33225.0,-90.0,-257.0,-270.0,-122.0,-90.0,-171.0,-5660.0,-9958.0,-140.0,-786.0,2890.0,14075.0,110.0,149635.0,60.0,8016.0,-570.0,-2563.0,-30.0,65.0,1570.0,8589.0,30.0,13.0,0.0,11.0,-60.0,-92.0,90.0,15.0,6230.0,13107.0,-250.0,-51.0,-30.0,160.0,20.0,4048.0,20.0,4219.0,-160.0,-75.0,70.0,-1149.0,-170.0,-132.0,-30.0,44.0,410.0,1572.0,-90.0,-100.0,-90.0,-45.0,-740.0,-576.0,-720.0,620.0,40.0,-1.0,80.0,-13.0,190.0,1826.0,-110.0,1301.0,-120.0,-1421.0,70.0,405.0
wayne,0.0,0.0,0.0,12540.0,0.0,PA,200.0,70.0,20.0,30.0,430.0,-70.0,230.0,280.0,60.0,-160.0,0.0,0.0,-10.0,0.0,-120.0,270.0,94332.0,210.0,93000.0,40.0,39716.0,190.0,1948.0,80.0,7152.0,100.0,5588.0,-320.0,-126.0,40.0,2472.0,-150.0,2960.0,7840.0,241282.0,-10.0,-70.0,-231.0,250.0,7639.0,40.0,5674.0,-100.0,-1332.0,-20.0,-3.0,-10.0,64.0,-90.0,-313.0,0.0,-69.0,-30.0,9.0,23140.0,400050.0,23140.0,388203.0,5990.0,11847.0,-4350.0,-82006.0,-410899.0,-1020.0,-4675.0,-3520.0,-16739.0,-720.0,-786.0,-4020.0,-18276.0,-370.0,-155.0,1380.0,10509.0,-4350.0,-42756.0,-3200.0,-17665.0,-70.0,-187.0,-170.0,-46.0,-80.0,-50.0,-3270.0,-7049.0,-110.0,-66.0,3070.0,16620.0,50.0,101013.0,10.0,-385.0,-330.0,-1644.0,-50.0,204.0,1050.0,6707.0,70.0,-27.0,-30.0,-7.0,-80.0,-92.0,0.0,-1.0,4900.0,10234.0,-190.0,-33.0,50.0,443.0,-50.0,2482.0,-50.0,2839.0,-110.0,-63.0,100.0,-8246.0,-120.0,-209.0,30.0,-29.0,360.0,1500.0,-70.0,-91.0,-40.0,19.0,-740.0,-6996.0,-600.0,-6129.0,40.0,85.0,80.0,320.0,-50.0,3147.0,220.0,2967.0,150.0,1073.0,100.0,1773.0
lancaster,0.0,0.0,0.0,0.0,113788.0,PA,2290.0,1630.0,290.0,240.0,4600.0,-670.0,-1380.0,1820.0,1750.0,-440.0,790.0,870.0,-110.0,0.0,-20.0,2100.0,1000663.0,2160.0,943645.0,1760.0,418582.0,4440.0,25605.0,630.0,43232.0,420.0,29288.0,-3240.0,2858.0,830.0,31550.0,-740.0,98279.0,69530.0,1825442.0,-50.0,-870.0,-5766.0,2220.0,64215.0,-90.0,91728.0,-2910.0,-57018.0,-210.0,-42.0,-110.0,-1355.0,-700.0,-2445.0,-180.0,-1130.0,-100.0,-72.0,245020.0,4200943.0,245020.0,4101996.0,49360.0,98947.0,-59010.0,-1144386.0,-5789765.0,-11060.0,-62528.0,-51890.0,-251810.0,-5960.0,-5420.0,-54290.0,-237322.0,-4170.0,-1565.0,22670.0,166190.0,-58900.0,-627367.0,-44820.0,-245595.0,-1320.0,-3529.0,-2910.0,-1097.0,-610.0,1369.0,-45730.0,-149465.0,-610.0,-1294.0,39570.0,357245.0,540.0,1109395.0,400.0,-83602.0,-5020.0,-23159.0,-500.0,1706.0,14000.0,101726.0,580.0,-1582.0,-30.0,122.0,-100.0,-962.0,1170.0,305.0,63660.0,153532.0,-1770.0,61.0,290.0,2833.0,-80.0,23602.0,-90.0,25215.0,-1280.0,-715.0,1940.0,-80467.0,-840.0,-449.0,630.0,1059.0,5000.0,20519.0,-730.0,-1038.0,-410.0,-273.0,-9610.0,-185336.0,-8000.0,-178824.0,230.0,137.0,520.0,3500.0,-1870.0,-43983.0,3490.0,53824.0,2530.0,14952.0,1630.0,39291.0
lehigh,140000.0,0.0,8386.0,0.0,0.0,PA,1410.0,880.0,-120.0,500.0,3530.0,-830.0,280.0,2090.0,1660.0,410.0,150.0,40.0,100.0,0.0,170.0,1230.0,409890.0,1340.0,393565.0,840.0,224004.0,2250.0,14212.0,-130.0,28995.0,-110.0,20436.0,-2380.0,-1933.0,660.0,15316.0,-1050.0,13045.0,46400.0,1262097.0,-10.0,-850.0,-1824.0,1200.0,37388.0,220.0,5791.0,-1030.0,-16325.0,-110.0,-25.0,-70.0,-619.0,-280.0,-571.0,-230.0,-1114.0,20.0,-26.0,169450.0,2823968.0,169450.0,2762383.0,31530.0,61584.0,-41020.0,-822817.0,-4629508.0,-6730.0,-33369.0,-36200.0,-194921.0,-3940.0,-3547.0,-36580.0,-181349.0,-3370.0,-1690.0,15010.0,120826.0,-40970.0,-471691.0,-30870.0,-175722.0,-470.0,-1280.0,-1530.0,-485.0,-650.0,1019.0,-31310.0,-72118.0,-670.0,-2739.0,19000.0,125838.0,1310.0,669851.0,1130.0,-100529.0,-4930.0,-20655.0,-500.0,706.0,12660.0,65697.0,230.0,-354.0,-40.0,119.0,170.0,-253.0,940.0,251.0,46780.0,94274.0,-1330.0,-53.0,310.0,1415.0,-240.0,18844.0,-330.0,19379.0,-840.0,-375.0,1070.0,-147041.0,-130.0,1007.0,880.0,1897.0,3500.0,15614.0,-440.0,-593.0,-360.0,-341.0,-6480.0,-166334.0,-5560.0,-164593.0,240.0,-90.0,430.0,2377.0,-30.0,-3767.0,970.0,12180.0,660.0,3191.0,490.0,8986.0
northampton,118786.0,0.0,6900.0,0.0,0.0,PA,600.0,720.0,-90.0,10.0,2450.0,-740.0,60.0,150.0,-470.0,-960.0,70.0,10.0,60.0,-10.0,-300.0,1120.0,389715.0,590.0,373008.0,240.0,167536.0,2140.0,12789.0,160.0,26150.0,190.0,20073.0,-2750.0,-1228.0,440.0,11014.0,-670.0,58122.0,44140.0,1213485.0,0.0,-1020.0,-3281.0,1220.0,40156.0,160.0,-26387.0,-1120.0,-16707.0,-120.0,-26.0,10.0,-1471.0,-220.0,-846.0,-190.0,-668.0,10.0,130.0,138750.0,2353119.0,138750.0,2295204.0,29330.0,57917.0,-38750.0,-798704.0,-4368814.0,-6730.0,-33797.0,-33710.0,-185740.0,-4120.0,-3620.0,-35690.0,-200928.0,-3260.0,-1195.0,14240.0,117060.0,-38710.0,-475101.0,-30190.0,-175349.0,-480.0,-1325.0,-1570.0,-570.0,-540.0,499.0,-30560.0,-61972.0,-760.0,-2909.0,16510.0,104866.0,-120.0,641092.0,-340.0,-82125.0,-4240.0,-17744.0,-310.0,1085.0,9000.0,59399.0,290.0,3676.0,10.0,77.0,10.0,-482.0,200.0,91.0,36670.0,79689.0,-1250.0,-106.0,130.0,1261.0,-110.0,16516.0,-190.0,17487.0,-690.0,-349.0,520.0,-143345.0,-580.0,-809.0,340.0,-61.0,2090.0,8854.0,-450.0,-463.0,-320.0,-258.0,-4760.0,-141518.0,-4290.0,-140220.0,250.0,-246.0,450.0,576.0,1140.0,-9784.0,-610.0,-13339.0,-860.0,-14694.0,370.0,2905.0
