County,D0,D1,OTHER0,R0,R1,STATE,N1,MARS1,MARS2,MARS4,ELF,CPREP,PREP,DIR_DEP,VRTCRIND,N2,TOTAL_VITA,VITA,TCE,VITA_EIC,RAC,ELDERLY,A00100,N02650,A02650,N00200,A00200,N00300,A00300,N00600,A00600,N00650,A00650,N00700,A00700,N00900,A00900,N01000,A01000,N01400,A01400,N01700,A01700,SCHF,N02300,A02300,N02500,A02500,N26270,A26270,N02900,A02900,N03220,A03220,N03300,A03300,N03270,A03270,N03150,A03150,N03210,A03210,N02910,A02910,N04450,A04450,N04100,A04100,N04200,A04200,N04470,A04470,A00101,N17000,A17000,N18425,A18425,N18450,A18450,N18500,A18500,N18800,A18800,N18460,A18460,N18300,A18300,N19300,A19300,N19500,A19500,N19530,A19530,N19550,A19550,N19570,A19570,N19700,A19700,N20950,A20950,N04475,A04475,N04800,A04800,N05800,A05800,N09600,A09600,N05780,A05780,N07100,A07100,N07300,A07300,N07180,A07180,N07230,A07230,N07240,A07240,N07225,A07225,N07260,A07260,N09400,A09400,N85770,A85770,N85775,A85775,N10600,A10600,N59660,A59660,N59720,A59720,N11070,A11070,N10960,A10960,N11560,A11560,N11450,A11450,N10970,A10970,N10971,A10971,N10973,A10973,N06500,A06500,N10300,A10300,N85530,A85530,N85300,A85300,N11901,A11901,N11900,A11900,N11902,A11902,N12000,A12000
adams,0.0,4639.0,0.0,0.0,0.0,WI,590.0,420.0,200.0,-40.0,740.0,-90.0,510.0,830.0,60.0,820.0,-220.0,30.0,-250.0,0.0,10.0,380.0,42261.0,430.0,43037.0,130.0,12689.0,190.0,-184.0,90.0,-672.0,140.0,-172.0,-10.0,34.0,10.0,-790.0,90.0,7583.0,-100.0,640.0,180.0,6162.0,14.0,1280.0,14456.0,120.0,1783.0,10.0,1442.0,2330.0,776.0,0.0,1.0,0.0,0.0,-20.0,2.0,20.0,67.0,-90.0,-241.0,3010.0,794.0,380.0,10676.0,380.0,10156.0,270.0,517.0,10.0,-12.0,7130.0,10.0,-332.0,-20.0,-11.0,0.0,3.0,0.0,218.0,0.0,-4.0,0.0,45.0,-10.0,50.0,10.0,71.0,0.0,0.0,0.0,0.0,40.0,26.0,0.0,0.0,-20.0,-226.0,-10.0,-226.0,20.0,813.0,160.0,38675.0,120.0,7839.0,0.0,0.0,-110.0,-209.0,-30.0,-151.0,-10.0,-20.0,-20.0,-8.0,-20.0,-34.0,-30.0,-16.0,-50.0,-10.0,50.0,42.0,20.0,116.0,-80.0,-252.0,-100.0,-505.0,570.0,7791.0,-40.0,-20.0,-20.0,1.0,-10.0,16.0,-20.0,-25.0,20.0,5.0,30.0,40.0,1660.0,2128.0,8940.0,16756.0,8210.0,8507.0,160.0,8079.0,150.0,8475.0,30.0,30.0,30.0,73.0,-10.0,2091.0,560.0,2713.0,550.0,2514.0,30.0,242.0
ashland,4795.0,0.0,0.0,0.0,3746.0,WI,340.0,290.0,40.0,0.0,520.0,-110.0,240.0,560.0,80.0,430.0,30.0,40.0,-10.0,0.0,10.0,150.0,10911.0,200.0,10776.0,-10.0,4589.0,50.0,-463.0,30.0,-520.0,40.0,-230.0,-20.0,-26.0,-20.0,-987.0,0.0,3236.0,-90.0,-153.0,50.0,1294.0,-27.0,920.0,11587.0,70.0,943.0,-10.0,-1474.0,1030.0,-135.0,10.0,-3.0,0.0,0.0,-20.0,-186.0,-10.0,8.0,-120.0,-326.0,1650.0,417.0,230.0,6434.0,230.0,6185.0,140.0,248.0,-50.0,-1090.0,-5829.0,-10.0,-29.0,-50.0,-517.0,10.0,3.0,-30.0,-331.0,10.0,5.0,-50.0,-357.0,-50.0,-391.0,-30.0,-244.0,0.0,0.0,0.0,0.0,0.0,0.0,0.0,0.0,-50.0,-308.0,-30.0,-480.0,10.0,377.0,160.0,10647.0,120.0,1225.0,0.0,0.0,-100.0,-216.0,-30.0,49.0,0.0,-7.0,-10.0,0.0,-10.0,0.0,-40.0,6.0,10.0,134.0,0.0,-32.0,0.0,58.0,-50.0,-200.0,-70.0,-443.0,350.0,3318.0,-50.0,-193.0,-40.0,-184.0,-20.0,-98.0,0.0,11.0,-40.0,-14.0,30.0,21.0,1280.0,1748.0,6530.0,12323.0,6030.0,6632.0,120.0,1163.0,60.0,1116.0,0.0,-7.0,-10.0,10.0,-70.0,209.0,410.0,1750.0,400.0,1670.0,30.0,109.0
barron,9119.0,0.0,0.0,0.0,15936.0,WI,660.0,550.0,50.0,20.0,900.0,-210.0,760.0,1320.0,160.0,640.0,-460.0,0.0,-460.0,0.0,-110.0,340.0,70418.0,370.0,70887.0,180.0,33587.0,-330.0,-1473.0,270.0,719.0,200.0,1536.0,40.0,-28.0,-70.0,768.0,190.0,7826.0,-420.0,-2313.0,330.0,11611.0,10.0,2400.0,25943.0,140.0,1863.0,-10.0,2192.0,4130.0,469.0,-10.0,-5.0,0.0,211.0,20.0,87.0,-40.0,-172.0,-370.0,-897.0,6540.0,1709.0,470.0,16086.0,470.0,15679.0,220.0,405.0,-130.0,-2159.0,-5283.0,-40.0,-743.0,-130.0,-950.0,10.0,10.0,-120.0,-209.0,-20.0,-3.0,-110.0,-776.0,-140.0,-926.0,-80.0,-938.0,-20.0,-104.0,0.0,14.0,70.0,81.0,-10.0,-31.0,-110.0,220.0,-50.0,-1201.0,40.0,1678.0,300.0,64788.0,240.0,10890.0,0.0,0.0,-300.0,-540.0,-180.0,-124.0,-50.0,-43.0,-40.0,-54.0,-60.0,-83.0,-190.0,-41.0,-110.0,316.0,80.0,-11.0,-50.0,548.0,-200.0,-1577.0,-250.0,-2111.0,760.0,13997.0,-160.0,-651.0,-120.0,-555.0,-190.0,-402.0,0.0,-3.0,-60.0,-52.0,50.0,45.0,3520.0,4830.0,20410.0,38976.0,19160.0,21052.0,390.0,11040.0,230.0,11443.0,30.0,66.0,40.0,102.0,-20.0,1724.0,680.0,4337.0,650.0,3254.0,90.0,1077.0
bayfield,6107.0,0.0,0.0,0.0,4589.0,WI,430.0,290.0,110.0,0.0,580.0,-120.0,280.0,610.0,80.0,640.0,-50.0,-10.0,-40.0,-10.0,-10.0,160.0,12997.0,330.0,13488.0,170.0,1262.0,-80.0,-572.0,110.0,788.0,110.0,-115.0,30.0,6.0,30.0,927.0,120.0,-5127.0,-140.0,-730.0,50.0,1545.0,1.0,930.0,13068.0,50.0,1121.0,-10.0,7233.0,1750.0,491.0,-20.0,-8.0,0.0,30.0,-20.0,-110.0,10.0,161.0,-60.0,-285.0,2510.0,645.0,350.0,8481.0,350.0,8201.0,120.0,280.0,-50.0,-2657.0,-10642.0,-50.0,-741.0,-40.0,-893.0,-10.0,-22.0,-50.0,-248.0,0.0,4.0,-40.0,-236.0,-40.0,-394.0,-30.0,-296.0,0.0,0.0,0.0,0.0,0.0,0.0,-10.0,28.0,-40.0,-439.0,-10.0,-201.0,90.0,1983.0,220.0,9234.0,160.0,-755.0,0.0,0.0,-170.0,-557.0,20.0,305.0,20.0,17.0,0.0,-12.0,-20.0,-26.0,-60.0,-13.0,50.0,181.0,10.0,-27.0,50.0,416.0,-80.0,-798.0,-120.0,-1339.0,420.0,2441.0,-20.0,-112.0,0.0,-59.0,-10.0,-48.0,-10.0,-1.0,-40.0,-8.0,40.0,39.0,1270.0,1639.0,7230.0,13792.0,6620.0,7099.0,190.0,-857.0,190.0,-612.0,20.0,-43.0,20.0,-50.0,0.0,132.0,400.0,1786.0,410.0,1510.0,0.0,-7.0
brown,55344.0,0.0,0.0,0.0,87044.0,WI,4330.0,3900.0,420.0,-160.0,5720.0,-1170.0,4130.0,8110.0,1440.0,4950.0,-1070.0,-70.0,-1000.0,-40.0,-10.0,2010.0,631392.0,2480.0,635777.0,590.0,213982.0,-2300.0,-6689.0,1480.0,79158.0,1560.0,85208.0,-280.0,545.0,400.0,22955.0,1850.0,215543.0,-2050.0,-14702.0,1150.0,30924.0,-16.0,16040.0,168444.0,560.0,11811.0,30.0,-17853.0,30500.0,4385.0,-180.0,-35.0,0.0,-116.0,-50.0,-511.0,-20.0,388.0,-2300.0,-6995.0,44550.0,11374.0,3250.0,102034.0,3250.0,99369.0,1300.0,2666.0,-1060.0,-13435.0,88866.0,-290.0,-2576.0,-1010.0,-28943.0,-40.0,31.0,-1010.0,-4878.0,-140.0,-190.0,-940.0,-7709.0,-1050.0,-9649.0,-960.0,-9999.0,10.0,342.0,-20.0,9.0,680.0,874.0,-70.0,-1124.0,-1010.0,9880.0,-200.0,-5587.0,120.0,8734.0,1270.0,568491.0,1090.0,113805.0,-10.0,-321.0,-990.0,-2104.0,-900.0,2484.0,-580.0,332.0,-760.0,-563.0,-290.0,-674.0,-450.0,-95.0,-760.0,393.0,300.0,139.0,210.0,1599.0,-1220.0,-16999.0,-1450.0,-20068.0,4200.0,145556.0,-230.0,-1732.0,-130.0,-1487.0,-590.0,-1307.0,-30.0,-114.0,390.0,283.0,420.0,620.0,22950.0,32494.0,110500.0,206417.0,103130.0,112420.0,1430.0,111322.0,1350.0,114854.0,250.0,543.0,170.0,2619.0,-500.0,7062.0,4350.0,38136.0,4230.0,45258.0,440.0,-7124.0
buffalo,0.0,3457.0,0.0,0.0,0.0,WI,280.0,210.0,60.0,-20.0,340.0,-50.0,240.0,330.0,60.0,300.0,0.0,0.0,0.0,0.0,0.0,160.0,27346.0,210.0,27598.0,40.0,8383.0,-30.0,387.0,70.0,719.0,70.0,650.0,0.0,10.0,10.0,-1450.0,70.0,13944.0,-120.0,-1137.0,100.0,1969.0,17.0,830.0,8229.0,70.0,888.0,40.0,8416.0,1380.0,252.0,10.0,0.0,0.0,14.0,10.0,0.0,0.0,143.0,-130.0,-341.0,2150.0,564.0,170.0,5307.0,170.0,5122.0,110.0,184.0,-10.0,415.0,11008.0,10.0,-189.0,-10.0,249.0,-10.0,1.0,0.0,64.0,30.0,9.0,-10.0,-29.0,-10.0,5.0,0.0,-97.0,0.0,0.0,0.0,0.0,0.0,0.0,0.0,0.0,0.0,538.0,0.0,0.0,80.0,1815.0,170.0,26756.0,140.0,5054.0,0.0,0.0,-70.0,-111.0,10.0,-66.0,-30.0,-4.0,-40.0,-22.0,10.0,8.0,10.0,-1.0,-20.0,-18.0,20.0,-21.0,20.0,315.0,-70.0,-886.0,-100.0,-1160.0,230.0,7683.0,-10.0,4.0,10.0,45.0,-40.0,-13.0,20.0,-3.0,0.0,87.0,0.0,0.0,960.0,1286.0,5910.0,11502.0,5580.0,6186.0,140.0,5120.0,120.0,5574.0,30.0,15.0,0.0,290.0,70.0,1001.0,160.0,1546.0,160.0,1290.0,20.0,248.0
burnett,3499.0,0.0,0.0,0.0,6497.0,WI,400.0,330.0,140.0,-10.0,530.0,-60.0,200.0,620.0,60.0,510.0,-30.0,0.0,-30.0,0.0,20.0,280.0,23180.0,300.0,23591.0,140.0,9504.0,-70.0,-647.0,110.0,-373.0,110.0,-131.0,-20.0,1.0,-20.0,2132.0,100.0,2648.0,-160.0,199.0,80.0,3374.0,4.0,1040.0,12354.0,80.0,1368.0,20.0,443.0,1820.0,411.0,10.0,0.0,0.0,67.0,10.0,55.0,0.0,16.0,-140.0,-327.0,2650.0,709.0,390.0,9498.0,390.0,9151.0,180.0,350.0,-70.0,-1219.0,-10225.0,-20.0,-99.0,-80.0,-509.0,10.0,-13.0,-50.0,-109.0,0.0,8.0,-50.0,-412.0,-70.0,-446.0,-30.0,-238.0,0.0,0.0,0.0,0.0,30.0,36.0,0.0,0.0,-50.0,-793.0,0.0,334.0,30.0,1079.0,180.0,19844.0,150.0,3047.0,0.0,0.0,-100.0,-217.0,-40.0,63.0,-60.0,-9.0,-40.0,-12.0,-10.0,-19.0,-10.0,-6.0,-10.0,101.0,20.0,-8.0,-10.0,336.0,-70.0,-841.0,-80.0,-1079.0,410.0,3756.0,-10.0,-134.0,-10.0,-98.0,-10.0,-73.0,0.0,-6.0,-10.0,31.0,30.0,29.0,1320.0,1746.0,7290.0,13905.0,6700.0,7191.0,160.0,3251.0,140.0,3428.0,10.0,0.0,-10.0,-11.0,-40.0,1707.0,430.0,2226.0,450.0,2020.0,10.0,23.0
calumet,10303.0,0.0,0.0,0.0,20138.0,WI,710.0,490.0,130.0,80.0,1010.0,-250.0,660.0,1580.0,280.0,1110.0,-10.0,20.0,-30.0,-10.0,80.0,420.0,2736.0,590.0,4619.0,240.0,43571.0,-120.0,-1159.0,240.0,2120.0,250.0,3185.0,-70.0,-41.0,50.0,3804.0,370.0,-41247.0,-320.0,1683.0,240.0,5486.0,18.0,2830.0,24967.0,190.0,3293.0,50.0,16936.0,6600.0,1883.0,0.0,2.0,0.0,434.0,0.0,148.0,-40.0,-90.0,-330.0,-1135.0,9500.0,2458.0,700.0,22493.0,700.0,21783.0,360.0,709.0,-170.0,-3807.0,-30164.0,-80.0,-321.0,-140.0,-710.0,-20.0,41.0,-180.0,-768.0,-30.0,-23.0,-160.0,-1344.0,-160.0,-1457.0,-140.0,-1211.0,-20.0,-96.0,0.0,5.0,130.0,158.0,0.0,-146.0,-170.0,-176.0,-10.0,-109.0,30.0,3917.0,410.0,-12859.0,460.0,-1109.0,0.0,0.0,-120.0,-479.0,20.0,-740.0,-200.0,-178.0,-160.0,-111.0,-70.0,-98.0,0.0,1.0,0.0,-39.0,120.0,11.0,20.0,486.0,-190.0,-3394.0,-250.0,-4024.0,690.0,20704.0,20.0,6.0,0.0,-7.0,0.0,82.0,-40.0,-30.0,140.0,135.0,60.0,85.0,3910.0,5460.0,21410.0,42900.0,20050.0,23411.0,370.0,-369.0,390.0,-3085.0,50.0,73.0,50.0,-1178.0,-80.0,-8515.0,720.0,4944.0,650.0,5574.0,110.0,-668.0
chippewa,4751.0,10332.0,0.0,0.0,9722.0,WI,1470.0,1170.0,220.0,70.0,1380.0,-320.0,890.0,1650.0,300.0,1870.0,-210.0,0.0,-210.0,0.0,-100.0,700.0,170421.0,670.0,171293.0,90.0,48888.0,-170.0,-836.0,390.0,-260.0,390.0,924.0,-80.0,-75.0,0.0,1299.0,390.0,80954.0,-410.0,-339.0,320.0,9081.0,44.0,3410.0,35681.0,170.0,4303.0,50.0,7306.0,6240.0,872.0,-10.0,-1.0,20.0,320.0,-70.0,-498.0,0.0,190.0,-630.0,-1625.0,9390.0,2392.0,690.0,24902.0,690.0,24045.0,460.0,859.0,-130.0,-1587.0,61219.0,-30.0,182.0,-130.0,1034.0,10.0,6.0,-120.0,-236.0,-10.0,-22.0,-110.0,-830.0,-130.0,-870.0,-100.0,-828.0,-20.0,-74.0,-10.0,13.0,140.0,171.0,0.0,-198.0,-140.0,172.0,-40.0,-663.0,50.0,4434.0,570.0,163847.0,570.0,31174.0,0.0,0.0,-340.0,-677.0,50.0,562.0,-70.0,-90.0,-120.0,-74.0,30.0,-57.0,-100.0,-23.0,-50.0,450.0,80.0,32.0,40.0,427.0,-240.0,-1671.0,-320.0,-2472.0,1300.0,34394.0,-200.0,-508.0,-190.0,-433.0,-200.0,-323.0,40.0,8.0,-100.0,-124.0,130.0,204.0,5440.0,7498.0,28090.0,54568.0,26350.0,29653.0,680.0,30615.0,560.0,30861.0,40.0,90.0,40.0,277.0,60.0,377.0,1180.0,10517.0,1140.0,7202.0,90.0,3762.0
clark,4672.0,0.0,0.0,0.0,9968.0,WI,390.0,340.0,70.0,-30.0,490.0,-130.0,320.0,660.0,80.0,340.0,-60.0,20.0,-80.0,0.0,-50.0,240.0,69125.0,270.0,69594.0,100.0,18062.0,-160.0,-7852.0,60.0,1865.0,60.0,5926.0,-30.0,20.0,-10.0,3131.0,80.0,2862.0,-100.0,-978.0,110.0,3130.0,2.0,1450.0,12128.0,50.0,1306.0,0.0,44416.0,2940.0,469.0,10.0,5.0,0.0,29.0,-10.0,-224.0,0.0,19.0,-200.0,-473.0,4250.0,1122.0,350.0,11160.0,350.0,10778.0,190.0,383.0,-50.0,-2684.0,-62906.0,-20.0,-970.0,-50.0,-5563.0,0.0,-11.0,-60.0,-225.0,-10.0,-9.0,-50.0,-360.0,-50.0,-399.0,-40.0,-301.0,0.0,0.0,0.0,0.0,30.0,30.0,0.0,0.0,-50.0,182.0,-20.0,-608.0,110.0,6613.0,260.0,60560.0,250.0,13949.0,0.0,0.0,-220.0,-346.0,-110.0,30.0,-60.0,-23.0,-70.0,-42.0,-50.0,-83.0,-80.0,-10.0,-70.0,393.0,50.0,29.0,0.0,638.0,-220.0,-1732.0,-260.0,-2005.0,330.0,17012.0,-130.0,-332.0,-100.0,-360.0,-120.0,-148.0,-10.0,-29.0,-80.0,-126.0,30.0,39.0,2100.0,3057.0,12730.0,25967.0,12110.0,14887.0,360.0,14050.0,330.0,14124.0,0.0,18.0,-10.0,58.0,0.0,3815.0,330.0,452.0,340.0,1701.0,0.0,-2371.0
columbia,15837.0,0.0,0.0,0.0,16971.0,WI,720.0,640.0,110.0,-30.0,830.0,-210.0,540.0,1350.0,240.0,870.0,-80.0,10.0,-90.0,0.0,-80.0,570.0,-8845.0,220.0,-7512.0,-260.0,35904.0,-380.0,327.0,220.0,-1413.0,250.0,1514.0,-50.0,-40.0,-30.0,1426.0,330.0,-8688.0,-580.0,-5815.0,190.0,8906.0,15.0,3460.0,34555.0,190.0,3195.0,20.0,-42322.0,6170.0,1333.0,-20.0,-6.0,20.0,397.0,-40.0,101.0,-20.0,-20.0,-490.0,-1461.0,9140.0,2301.0,390.0,20072.0,390.0,19275.0,420.0,799.0,-290.0,-7511.0,-72912.0,-100.0,-767.0,-250.0,-3477.0,-30.0,9.0,-250.0,-1100.0,-20.0,12.0,-240.0,-1919.0,-280.0,-2222.0,-210.0,-2419.0,-10.0,-147.0,-10.0,-4.0,270.0,377.0,-20.0,-223.0,-220.0,239.0,-30.0,-2433.0,50.0,-4391.0,210.0,11091.0,180.0,-3309.0,0.0,0.0,-210.0,-365.0,-210.0,-688.0,-150.0,-90.0,-110.0,-86.0,-90.0,-197.0,-80.0,-12.0,-170.0,-144.0,100.0,-7.0,-10.0,262.0,-180.0,-486.0,-250.0,-1060.0,670.0,6542.0,-40.0,-194.0,-30.0,-126.0,-70.0,-123.0,-60.0,-109.0,0.0,108.0,70.0,112.0,5030.0,6816.0,25910.0,48744.0,24100.0,26035.0,200.0,-566.0,130.0,-1144.0,30.0,46.0,40.0,-342.0,-210.0,-2683.0,760.0,7580.0,730.0,6698.0,70.0,714.0
crawford,0.0,4551.0,0.0,0.0,0.0,WI,470.0,370.0,60.0,0.0,310.0,-30.0,240.0,420.0,50.0,550.0,30.0,0.0,30.0,0.0,0.0,220.0,2376.0,310.0,2667.0,70.0,5942.0,30.0,-219.0,40.0,-628.0,30.0,-531.0,-60.0,-59.0,10.0,948.0,80.0,-10312.0,-150.0,-435.0,70.0,2264.0,-7.0,820.0,9255.0,80.0,1447.0,10.0,-3704.0,1360.0,291.0,-10.0,-1.0,0.0,0.0,0.0,95.0,-20.0,11.0,-110.0,-323.0,2070.0,530.0,300.0,7800.0,300.0,7451.0,200.0,354.0,-10.0,-258.0,448.0,-30.0,-256.0,-10.0,-127.0,-10.0,-5.0,-10.0,-43.0,0.0,2.0,-20.0,21.0,-10.0,-16.0,-20.0,94.0,0.0,0.0,0.0,0.0,0.0,0.0,0.0,0.0,-30.0,-176.0,0.0,0.0,70.0,-213.0,140.0,793.0,160.0,-1184.0,0.0,0.0,-80.0,-87.0,-60.0,-200.0,-20.0,-14.0,-20.0,-29.0,0.0,-31.0,-90.0,-20.0,-10.0,75.0,0.0,-26.0,40.0,314.0,-60.0,-136.0,-70.0,-207.0,300.0,-1393.0,-70.0,-280.0,-20.0,-253.0,-40.0,-88.0,20.0,14.0,-10.0,-26.0,0.0,0.0,1230.0,1637.0,6950.0,13295.0,6520.0,7177.0,130.0,-988.0,120.0,-794.0,-10.0,-5.0,0.0,-135.0,10.0,1482.0,320.0,571.0,290.0,1237.0,40.0,-635.0
dane,0.0,253784.0,0.0,83066.0,0.0,WI,6080.0,5660.0,530.0,-280.0,10910.0,-3420.0,4890.0,15800.0,5320.0,7870.0,-80.0,680.0,-760.0,-50.0,180.0,3400.0,1118989.0,3970.0,1120793.0,10.0,343147.0,-3060.0,-44778.0,4490.0,-26841.0,4910.0,3233.0,-1070.0,-1661.0,-740.0,-30586.0,6840.0,464960.0,-6380.0,-70663.0,1340.0,40538.0,-71.0,29330.0,314561.0,930.0,25632.0,-150.0,232183.0,57920.0,1804.0,-560.0,-113.0,10.0,853.0,-510.0,-2665.0,-190.0,676.0,-5440.0,-17742.0,89880.0,21760.0,5960.0,194531.0,5960.0,189040.0,2780.0,5498.0,-2700.0,-14881.0,236497.0,-330.0,907.0,-2660.0,-49758.0,-80.0,-67.0,-2620.0,-10613.0,-250.0,-241.0,-2420.0,-19772.0,-2690.0,-22319.0,-2440.0,-34213.0,-40.0,-236.0,100.0,305.0,2650.0,3108.0,-220.0,-6645.0,-2450.0,57499.0,-400.0,-13575.0,170.0,47561.0,1360.0,1021107.0,1160.0,227312.0,0.0,-1372.0,-2270.0,-3370.0,-1420.0,-6597.0,-710.0,-176.0,-2410.0,-1506.0,-1030.0,-1459.0,-140.0,42.0,-1160.0,-845.0,1170.0,2387.0,-1040.0,322.0,-1510.0,-2904.0,-2220.0,-7718.0,5590.0,242261.0,120.0,-1689.0,300.0,-1238.0,-460.0,-1064.0,-340.0,-407.0,320.0,665.0,830.0,1606.0,48670.0,67284.0,217520.0,379745.0,198930.0,197791.0,1440.0,233912.0,1410.0,237111.0,830.0,691.0,130.0,6254.0,-4610.0,45170.0,9600.0,51598.0,9330.0,79426.0,1150.0,-27446.0
dodge,16019.0,0.0,0.0,15293.0,16175.0,WI,1630.0,1430.0,90.0,30.0,1620.0,-290.0,1210.0,2390.0,290.0,1890.0,-470.0,20.0,-490.0,0.0,-10.0,880.0,142414.0,930.0,146188.0,190.0,31331.0,110.0,-2345.0,200.0,-2244.0,230.0,-1546.0,-60.0,-73.0,20.0,-3574.0,220.0,53484.0,-700.0,-1044.0,440.0,9975.0,-49.0,5480.0,48047.0,250.0,4080.0,-30.0,997.0,10200.0,3774.0,-30.0,-11.0,10.0,434.0,-20.0,421.0,0.0,218.0,-560.0,-1717.0,14430.0,3766.0,1190.0,35525.0,1190.0,34259.0,650.0,1266.0,-360.0,-6771.0,-20743.0,-150.0,-287.0,-310.0,-1535.0,-50.0,5.0,-310.0,-900.0,-20.0,-28.0,-330.0,-2298.0,-360.0,-2524.0,-270.0,-2720.0,-10.0,-5.0,0.0,12.0,250.0,308.0,0.0,-118.0,-320.0,-370.0,-50.0,-660.0,80.0,1329.0,510.0,126450.0,450.0,-193.0,0.0,0.0,-400.0,-815.0,-190.0,-1610.0,-190.0,-163.0,-140.0,-111.0,-130.0,-256.0,-70.0,-10.0,-110.0,52.0,140.0,-8.0,60.0,953.0,-320.0,-3502.0,-440.0,-4535.0,1470.0,24048.0,130.0,-76.0,140.0,-33.0,-50.0,-25.0,-90.0,-104.0,40.0,33.0,120.0,166.0,6920.0,9318.0,37860.0,71770.0,35460.0,38423.0,440.0,1185.0,380.0,1773.0,20.0,76.0,70.0,719.0,-220.0,4846.0,1540.0,10082.0,1530.0,9783.0,50.0,-125.0
door,8778.0,0.0,0.0,0.0,11255.0,WI,500.0,310.0,150.0,20.0,720.0,-180.0,370.0,920.0,150.0,710.0,50.0,20.0,30.0,0.0,-60.0,370.0,105547.0,400.0,107668.0,70.0,33787.0,-80.0,-3255.0,110.0,-456.0,130.0,2339.0,-30.0,-173.0,-70.0,3797.0,230.0,18694.0,-480.0,-2599.0,60.0,3930.0,20.0,1780.0,20495.0,90.0,1733.0,20.0,-16483.0,4280.0,2121.0,-10.0,-1.0,10.0,429.0,0.0,-114.0,0.0,245.0,-190.0,-530.0,6340.0,1670.0,470.0,14957.0,470.0,14377.0,300.0,581.0,-160.0,-3261.0,42039.0,-70.0,1012.0,-120.0,-2894.0,0.0,-14.0,-170.0,-61.0,-10.0,23.0,-140.0,-893.0,-160.0,-1104.0,-100.0,-1307.0,0.0,0.0,0.0,11.0,50.0,58.0,-20.0,-205.0,-110.0,-121.0,-20.0,-808.0,-100.0,-306.0,170.0,98694.0,150.0,21908.0,0.0,0.0,-230.0,-730.0,-100.0,-232.0,-140.0,-26.0,-80.0,-49.0,-70.0,-124.0,50.0,18.0,-40.0,62.0,20.0,-20.0,-70.0,576.0,-370.0,-6669.0,-440.0,-7587.0,540.0,14218.0,-50.0,-85.0,-10.0,-12.0,-50.0,24.0,-50.0,-68.0,130.0,97.0,90.0,110.0,2530.0,3333.0,13790.0,25868.0,12620.0,13107.0,140.0,22235.0,140.0,24225.0,30.0,182.0,40.0,350.0,-190.0,3719.0,640.0,4543.0,600.0,3804.0,130.0,613.0
douglas,13266.0,0.0,0.0,0.0,10962.0,WI,520.0,520.0,-30.0,10.0,850.0,-230.0,430.0,1060.0,210.0,320.0,-40.0,-50.0,10.0,0.0,-10.0,360.0,31764.0,260.0,32384.0,-100.0,-9268.0,-140.0,-688.0,160.0,-717.0,160.0,-310.0,-60.0,-62.0,-20.0,-1113.0,200.0,-4436.0,-320.0,-3642.0,310.0,7720.0,-3.0,3140.0,40816.0,140.0,3538.0,30.0,17827.0,3980.0,620.0,-20.0,-1.0,10.0,676.0,10.0,10.0,0.0,177.0,-410.0,-1279.0,5990.0,1504.0,340.0,12741.0,340.0,12123.0,310.0,618.0,-130.0,-4499.0,-8018.0,-70.0,-1825.0,-120.0,-1153.0,-30.0,-24.0,-120.0,-315.0,-10.0,-9.0,-100.0,-773.0,-150.0,-749.0,-90.0,-1053.0,0.0,0.0,0.0,25.0,130.0,172.0,0.0,-25.0,-100.0,-459.0,-10.0,-451.0,20.0,987.0,240.0,23968.0,150.0,5233.0,0.0,0.0,-160.0,-333.0,-210.0,-478.0,-80.0,-49.0,-100.0,-68.0,-70.0,-104.0,-40.0,-12.0,-210.0,-179.0,50.0,23.0,-30.0,29.0,-170.0,-1790.0,-210.0,-2197.0,500.0,7031.0,-150.0,-602.0,-110.0,-557.0,-120.0,-198.0,-50.0,-32.0,-40.0,-20.0,80.0,80.0,3570.0,4780.0,18630.0,34305.0,17240.0,18198.0,200.0,5681.0,160.0,5383.0,0.0,14.0,10.0,-3.0,-150.0,2037.0,580.0,3726.0,580.0,3647.0,50.0,143.0
dunn,0.0,10667.0,0.0,0.0,0.0,WI,610.0,540.0,60.0,-30.0,910.0,-170.0,550.0,1100.0,200.0,740.0,-170.0,30.0,-200.0,0.0,20.0,290.0,38640.0,370.0,38527.0,100.0,17580.0,-340.0,-828.0,320.0,210.0,250.0,524.0,-20.0,15.0,30.0,2054.0,300.0,-6411.0,-360.0,-3047.0,230.0,8523.0,39.0,2130.0,22394.0,130.0,2329.0,-10.0,-5505.0,3550.0,-113.0,-70.0,-14.0,30.0,277.0,10.0,-232.0,-20.0,-9.0,-470.0,-1168.0,5790.0,1471.0,460.0,14637.0,460.0,14256.0,180.0,380.0,-110.0,-2266.0,-37131.0,-40.0,-954.0,-120.0,-1122.0,-20.0,-25.0,-110.0,-378.0,-30.0,-9.0,-80.0,-689.0,-110.0,-1269.0,-80.0,-916.0,0.0,0.0,-10.0,2.0,100.0,124.0,-20.0,-114.0,-100.0,-1674.0,-20.0,143.0,60.0,3787.0,260.0,28575.0,250.0,3642.0,0.0,0.0,-150.0,-504.0,-120.0,-144.0,-40.0,-26.0,-60.0,-38.0,-50.0,-87.0,-170.0,-42.0,-130.0,126.0,50.0,21.0,40.0,509.0,-20.0,115.0,-70.0,-418.0,590.0,5951.0,-120.0,-362.0,-40.0,-259.0,-100.0,-135.0,10.0,-1.0,-60.0,-29.0,60.0,78.0,3270.0,4574.0,17440.0,33492.0,16370.0,18121.0,230.0,3934.0,210.0,3574.0,20.0,-17.0,30.0,205.0,50.0,771.0,520.0,5397.0,500.0,3823.0,10.0,-142.0
eau claire,0.0,33210.0,0.0,0.0,0.0,WI,1490.0,1240.0,240.0,-20.0,2040.0,-410.0,980.0,2580.0,660.0,1960.0,-270.0,50.0,-320.0,-10.0,70.0,790.0,243686.0,980.0,242397.0,210.0,67961.0,-830.0,-4490.0,520.0,-2018.0,530.0,2268.0,-40.0,373.0,90.0,-3183.0,720.0,-36413.0,-730.0,-8426.0,190.0,7560.0,23.0,6080.0,62313.0,180.0,4639.0,-40.0,202963.0,9450.0,-1289.0,-90.0,-20.0,-10.0,30.0,-110.0,-1424.0,-10.0,243.0,-1170.0,-3384.0,14910.0,3716.0,1250.0,39032.0,1250.0,37825.0,580.0,1211.0,-370.0,-7495.0,51372.0,-140.0,-1013.0,-320.0,3543.0,-50.0,-7.0,-350.0,-1714.0,-60.0,-89.0,-360.0,-2776.0,-370.0,-3097.0,-310.0,-3213.0,-10.0,-42.0,0.0,27.0,280.0,322.0,-10.0,234.0,-330.0,88.0,-40.0,-655.0,20.0,41669.0,570.0,214048.0,550.0,67917.0,-10.0,-16.0,-410.0,-781.0,-290.0,-1665.0,-190.0,-161.0,-340.0,-201.0,-120.0,-195.0,-210.0,-38.0,-170.0,313.0,90.0,-135.0,0.0,-89.0,-260.0,-580.0,-350.0,-1601.0,1340.0,47034.0,-240.0,-1023.0,-200.0,-848.0,-220.0,-445.0,60.0,35.0,-70.0,59.0,120.0,228.0,8200.0,11296.0,41730.0,77361.0,39090.0,41749.0,670.0,69579.0,620.0,70787.0,20.0,217.0,60.0,-49.0,-110.0,-3181.0,1330.0,-26782.0,1290.0,9066.0,170.0,-35688.0
florence,752.0,0.0,0.0,0.0,2149.0,WI,170.0,90.0,20.0,20.0,140.0,0.0,80.0,150.0,30.0,200.0,0.0,0.0,0.0,0.0,10.0,80.0,7584.0,140.0,7749.0,90.0,4201.0,-70.0,-114.0,30.0,759.0,20.0,348.0,-10.0,-14.0,-10.0,566.0,20.0,1819.0,-40.0,-567.0,50.0,1667.0,-6.0,290.0,3087.0,10.0,460.0,0.0,-1312.0,490.0,165.0,0.0,0.0,0.0,0.0,0.0,-14.0,10.0,51.0,-30.0,-86.0,720.0,193.0,130.0,3240.0,140.0,3130.0,50.0,132.0,-10.0,-90.0,-3493.0,0.0,79.0,-10.0,-64.0,0.0,0.0,-10.0,-37.0,0.0,0.0,-10.0,-6.0,-10.0,-44.0,10.0,-55.0,0.0,0.0,0.0,0.0,0.0,0.0,0.0,0.0,-10.0,89.0,0.0,0.0,10.0,10.0,70.0,5235.0,60.0,315.0,0.0,0.0,-30.0,-14.0,40.0,48.0,10.0,-4.0,0.0,2.0,0.0,3.0,0.0,-4.0,10.0,51.0,30.0,9.0,-10.0,-38.0,-10.0,16.0,-20.0,-24.0,140.0,1333.0,-20.0,-27.0,-30.0,-7.0,20.0,9.0,10.0,8.0,0.0,0.0,0.0,0.0,340.0,435.0,2050.0,3928.0,1900.0,2030.0,30.0,283.0,30.0,225.0,0.0,0.0,0.0,6.0,0.0,178.0,130.0,900.0,120.0,839.0,10.0,4.0
fond du lac,20191.0,0.0,0.0,0.0,36176.0,WI,1930.0,1910.0,-120.0,40.0,1650.0,-500.0,1180.0,2410.0,450.0,1930.0,-610.0,30.0,-640.0,0.0,-100.0,660.0,132618.0,700.0,135586.0,-60.0,21697.0,-440.0,-2492.0,190.0,-8075.0,240.0,-5924.0,-60.0,-135.0,-50.0,-1411.0,260.0,-5416.0,-930.0,-5400.0,280.0,8626.0,14.0,6850.0,62456.0,140.0,2652.0,-40.0,78919.0,11320.0,2968.0,-10.0,-2.0,0.0,124.0,0.0,-282.0,-80.0,-413.0,-780.0,-2079.0,16410.0,4229.0,990.0,32987.0,990.0,32096.0,470.0,892.0,-350.0,-7059.0,-18188.0,-150.0,-1662.0,-310.0,-7601.0,-40.0,-57.0,-340.0,-1202.0,-40.0,1.0,-310.0,-2324.0,-350.0,-3223.0,-280.0,-2778.0,-30.0,-95.0,0.0,-3.0,220.0,280.0,-30.0,-712.0,-300.0,7969.0,-30.0,-1082.0,-120.0,13505.0,170.0,96862.0,210.0,23268.0,-20.0,-371.0,-410.0,-629.0,-650.0,-1640.0,-440.0,-150.0,-260.0,-144.0,-150.0,-247.0,-410.0,-67.0,-220.0,53.0,100.0,63.0,-70.0,713.0,-420.0,-3825.0,-510.0,-4613.0,1680.0,25291.0,-140.0,-488.0,-110.0,-340.0,-160.0,-400.0,-90.0,-79.0,40.0,-7.0,120.0,183.0,8560.0,11658.0,44260.0,84217.0,41590.0,45489.0,380.0,24346.0,250.0,24315.0,30.0,-60.0,40.0,-235.0,0.0,2016.0,1610.0,14441.0,1520.0,10902.0,150.0,3614.0
forest,1777.0,0.0,0.0,0.0,3212.0,WI,270.0,210.0,70.0,-10.0,290.0,-20.0,190.0,360.0,20.0,420.0,-20.0,0.0,-20.0,0.0,-10.0,130.0,-2183.0,180.0,-1915.0001000000047,90.0,531.0,-90.0,-94.0,50.0,232.0,50.0,238.0,-10.0,-10.0,-30.0,166.0,60.0,3611.0,-70.0,-601.0,70.0,1856.0,7.0,640.0,9723.0,20.0,645.0,10.0,-26.0,590.0,268.0,0.0,0.0,0.0,0.0,-10.0,-35.0,-10.0,-56.0,-30.0,-148.0,940.0,247.0,200.0,5099.0,200.0,4960.0,70.0,137.0,-40.0,-1380.0,-4271.0,-10.0,-350.0,-30.0,-67.0,-10.0,-18.0,-30.0,-158.0,0.0,0.0,-30.0,-110.0,-50.0,-214.0,-30.0,-151.0,0.0,0.0,0.0,0.0,0.0,0.0,0.0,0.0,-20.0,96.0,-30.0,-449.0,0.0,563.0,70.0,-2188.0,50.0,-1207.0,0.0,0.0,-50.0,-181.0,50.0,-132.0,0.0,-4.0,10.0,-3.0,-10.0,-20.0,-40.0,-18.0,40.0,-76.0,20.0,3.0,-50.0,48.0,-10.0,-88.0,-40.0,-271.0,220.0,1529.0,10.0,-28.0,30.0,3.0,20.0,-28.0,0.0,-8.0,0.0,-17.0,0.0,0.0,870.0,1257.0,3770.0,7269.0,3400.0,3863.0,0.0,-1089.0,-50.0,-908.0,0.0,0.0,10.0,144.0,-70.0,53.0,290.0,2783.0,260.0,2545.0,0.0,34.0
grant,0.0,11967.0,0.0,0.0,0.0,WI,830.0,810.0,40.0,0.0,850.0,-200.0,700.0,1170.0,190.0,980.0,-170.0,30.0,-200.0,0.0,-40.0,280.0,83393.0,480.0,84894.0,130.0,23325.0,-60.0,-816.0,150.0,-187.0,170.0,614.0,-20.0,32.0,70.0,5155.0,270.0,16591.0,-410.0,-1069.0,100.0,5776.0,29.0,2500.0,25963.0,130.0,2303.0,-10.0,22296.0,4310.0,1501.0,-20.0,-8.0,0.0,252.0,10.0,90.0,0.0,-26.0,-440.0,-1111.0,6770.0,1731.0,530.0,15608.0,530.0,15071.0,250.0,538.0,-100.0,-405.0,7622.0,-50.0,-426.0,-70.0,-144.0,-30.0,-19.0,-100.0,-245.0,-20.0,29.0,-80.0,-417.0,-100.0,-472.0,-70.0,-698.0,0.0,0.0,0.0,0.0,50.0,61.0,-10.0,-5.0,-80.0,1871.0,-40.0,-498.0,50.0,4305.0,320.0,72326.0,260.0,13925.0,0.0,0.0,-280.0,-369.0,-20.0,143.0,-120.0,-40.0,-80.0,-73.0,-10.0,-87.0,-70.0,-21.0,-90.0,376.0,40.0,-43.0,120.0,985.0,-290.0,-1033.0,-330.0,-1494.0,770.0,12104.0,-90.0,-338.0,-100.0,-228.0,-80.0,-292.0,30.0,-5.0,0.0,4.0,50.0,56.0,3620.0,5083.0,19590.0,38310.0,18550.0,21040.0,270.0,13781.0,190.0,14704.0,30.0,49.0,60.0,289.0,70.0,6130.0,720.0,3576.0,670.0,3048.0,80.0,367.0
green,0.0,11060.0,0.0,9874.0,0.0,WI,240.0,170.0,70.0,20.0,450.0,-190.0,240.0,780.0,140.0,330.0,-30.0,0.0,-30.0,0.0,-80.0,310.0,40169.0,140.0,40409.0,-80.0,21597.0,-210.0,-725.0,90.0,10024.0,130.0,3527.0,-20.0,-16.0,-60.0,-1913.0,40.0,-18711.0,-350.0,-1504.0,60.0,1265.0,-24.0,1870.0,18372.0,10.0,1087.0,30.0,9888.0,3620.0,240.0,-20.0,-7.0,-20.0,-177.0,-30.0,-189.0,30.0,211.0,-240.0,-833.0,5490.0,1377.0,280.0,12579.0,280.0,12164.0,210.0,417.0,-180.0,-2708.0,-21587.0,-40.0,-751.0,-160.0,65.0,20.0,-22.0,-140.0,-478.0,-10.0,-5.0,-160.0,-961.0,-170.0,-1133.0,-120.0,-1611.0,0.0,0.0,10.0,10.0,90.0,98.0,-10.0,38.0,-160.0,2926.0,-10.0,-233.0,-40.0,4025.0,30.0,37056.0,-20.0,9431.0,0.0,0.0,-180.0,-243.0,-160.0,-21.0,-130.0,-30.0,-120.0,-62.0,-60.0,-130.0,-100.0,-11.0,-80.0,46.0,110.0,232.0,20.0,460.0,-140.0,-410.0,-180.0,-755.0,210.0,7192.0,-60.0,-182.0,-70.0,-117.0,-80.0,-91.0,-10.0,-26.0,0.0,16.0,20.0,15.0,2660.0,3561.0,16290.0,31210.0,15290.0,16814.0,10.0,9548.0,10.0,9683.0,30.0,33.0,-10.0,-25.0,-60.0,1785.0,230.0,1515.0,190.0,3005.0,40.0,-1334.0
green lake,3218.0,0.0,0.0,0.0,7313.0,WI,170.0,180.0,10.0,-20.0,580.0,-150.0,190.0,660.0,60.0,160.0,-100.0,20.0,-120.0,0.0,-40.0,130.0,26002.0,60.0,26821.0,0.0,3374.0,-30.0,-193.0,10.0,-1347.0,70.0,-730.0,-30.0,-4.0,50.0,1169.0,50.0,6235.0,-190.0,-2624.0,-10.0,1787.0,-21.0,1160.0,10725.0,30.0,1361.0,-30.0,9752.0,2310.0,819.0,10.0,2.0,10.0,520.0,-20.0,-262.0,10.0,3.0,-130.0,-307.0,3330.0,880.0,150.0,6254.0,150.0,6014.0,110.0,235.0,-70.0,-3284.0,-8103.0,-30.0,-377.0,-100.0,-4.0,20.0,21.0,-80.0,-86.0,-20.0,-5.0,-60.0,-434.0,-70.0,-514.0,-90.0,-636.0,0.0,0.0,0.0,0.0,0.0,0.0,0.0,-12.0,-60.0,-1006.0,-10.0,-701.0,-10.0,1654.0,30.0,19720.0,40.0,4104.0,0.0,0.0,-80.0,-92.0,-50.0,44.0,-40.0,-39.0,-20.0,-6.0,-10.0,-29.0,-30.0,-1.0,-40.0,33.0,20.0,11.0,-20.0,395.0,-70.0,-317.0,-90.0,-458.0,200.0,4980.0,-10.0,-1.0,-30.0,-24.0,-30.0,-88.0,10.0,-4.0,10.0,13.0,40.0,29.0,1420.0,1918.0,8270.0,15718.0,7670.0,8346.0,40.0,3968.0,20.0,4049.0,10.0,21.0,30.0,-53.0,-90.0,582.0,270.0,1544.0,220.0,1222.0,40.0,229.0
iowa,0.0,8063.0,0.0,5595.0,0.0,WI,310.0,260.0,40.0,0.0,500.0,-140.0,270.0,710.0,100.0,430.0,-10.0,0.0,-10.0,0.0,20.0,190.0,52437.0,220.0,53030.0,50.0,10051.0,-180.0,-1613.0,160.0,-2086.0,170.0,-1336.0,10.0,17.0,10.0,-588.0,220.0,9627.0,-280.0,-2697.0,150.0,5167.0,30.0,1930.0,18312.0,60.0,1580.0,10.0,21007.0,2360.0,593.0,-10.0,-2.0,10.0,73.0,20.0,150.0,-30.0,-64.0,-170.0,-546.0,3650.0,922.0,280.0,9392.0,280.0,9094.0,170.0,295.0,-70.0,-2168.0,14758.0,-40.0,-637.0,-50.0,-146.0,-30.0,-39.0,-80.0,-415.0,-10.0,-7.0,-70.0,-538.0,-70.0,-598.0,-40.0,-640.0,0.0,0.0,0.0,0.0,60.0,66.0,-20.0,-38.0,-90.0,-257.0,-40.0,-441.0,50.0,4008.0,130.0,45341.0,140.0,11370.0,0.0,0.0,-160.0,-282.0,-20.0,22.0,-30.0,-19.0,-60.0,-36.0,-80.0,-124.0,10.0,-2.0,-40.0,28.0,40.0,109.0,40.0,264.0,-140.0,-669.0,-180.0,-966.0,250.0,13978.0,0.0,-139.0,10.0,-113.0,-30.0,-86.0,-40.0,-27.0,-30.0,-17.0,20.0,28.0,1700.0,2355.0,10460.0,20166.0,9850.0,10936.0,150.0,11241.0,180.0,11303.0,20.0,-15.0,40.0,160.0,-60.0,1836.0,320.0,3507.0,280.0,1993.0,40.0,1532.0
iron,1542.0,0.0,0.0,0.0,2396.0,WI,100.0,90.0,40.0,-20.0,180.0,-20.0,80.0,230.0,0.0,90.0,0.0,0.0,0.0,0.0,40.0,110.0,21567.0,80.0,21866.999899999995,40.0,5575.0,-40.0,10.0,10.0,-624.0,20.0,-405.0,-10.0,-8.0,10.0,-571.0,50.0,2996.0,-100.0,-637.0,10.0,1272.0,-7.0,500.0,6264.0,40.0,1244.0,20.0,2739.0,580.0,300.0,-10.0,0.0,0.0,0.0,-10.0,60.0,-10.0,69.0,-10.0,-79.0,830.0,211.0,120.0,3088.0,120.0,2915.0,100.0,176.0,-20.0,-602.0,4792.0,-30.0,-394.0,-10.0,66.0,0.0,0.0,-20.0,-80.0,0.0,0.0,-20.0,-100.0,-20.0,-109.0,-10.0,-149.0,0.0,0.0,0.0,0.0,0.0,0.0,0.0,0.0,-20.0,-59.0,0.0,0.0,0.0,160.0,110.0,16936.0,90.0,2920.0,0.0,0.0,-90.0,-175.0,-30.0,19.0,-10.0,-8.0,-10.0,0.0,-10.0,-24.0,-10.0,-2.0,-20.0,32.0,0.0,1.0,-30.0,-143.0,-70.0,-483.0,-90.0,-677.0,110.0,3914.0,-30.0,-189.0,-40.0,-180.0,-20.0,-33.0,-30.0,-18.0,0.0,-12.0,0.0,0.0,440.0,559.0,2840.0,5262.0,2660.0,2709.0,100.0,2944.0,80.0,2879.0,20.0,25.0,-10.0,138.0,-50.0,187.0,140.0,702.0,130.0,606.0,20.0,-21.0
jackson,326.0,4508.0,0.0,0.0,764.0,WI,450.0,410.0,0.0,-30.0,340.0,-80.0,-50.0,540.0,60.0,510.0,-120.0,0.0,-120.0,0.0,-30.0,130.0,-27132.0,-30.0,-27050.0,-180.0,-8412.0,60.0,-538.0,-40.0,602.0,-50.0,440.0,-20.0,-8.0,0.0,-308.0,-40.0,-20922.0,-160.0,-2626.0,90.0,1503.0,-8.0,1330.0,16632.0,-20.0,-220.0,0.0,-3753.0,1650.0,82.0,-40.0,-7.0,-20.0,-582.0,0.0,55.0,0.0,102.0,-160.0,-391.0,2510.0,659.0,20.0,4005.0,20.0,3898.0,70.0,107.0,-70.0,-4191.0,-15966.0,-20.0,-390.0,-70.0,-193.0,-10.0,-11.0,-50.0,-155.0,30.0,8.0,-70.0,-371.0,-70.0,-414.0,-30.0,-417.0,0.0,0.0,0.0,0.0,20.0,26.0,0.0,0.0,-30.0,-1351.0,-30.0,-705.0,-70.0,234.0,-230.0,-19881.0,-250.0,-3493.0,0.0,0.0,-40.0,-71.0,-200.0,-177.0,-50.0,-16.0,-10.0,-1.0,-60.0,-52.0,-100.0,-24.0,-120.0,-85.0,30.0,8.0,20.0,115.0,-60.0,-830.0,-80.0,-1061.0,430.0,6308.0,10.0,-44.0,30.0,-14.0,20.0,23.0,10.0,0.0,-20.0,15.0,0.0,0.0,1870.0,2627.0,8290.0,15754.0,7760.0,8539.0,-200.0,-3247.0,-210.0,-4557.0,-10.0,6.0,-10.0,-1340.0,-160.0,-8054.0,550.0,3851.0,520.0,2758.0,10.0,324.0
jefferson,19282.0,0.0,0.0,27605.0,0.0,WI,910.0,820.0,120.0,-30.0,1660.0,-450.0,890.0,2240.0,380.0,1140.0,-180.0,-50.0,-130.0,-20.0,-150.0,730.0,104474.0,620.0,107597.0,-10.0,45780.0,220.0,-2658.0,370.0,-1601.0,460.0,-562.0,-20.0,-33.0,-140.0,581.0,470.0,11207.0,-760.0,-4877.0,260.0,11370.0,-36.0,4280.0,42825.0,170.0,3601.0,10.0,49314.0,8540.0,3123.0,-50.0,-6.0,40.0,631.0,0.0,249.0,-20.0,98.0,-690.0,-2152.0,12860.0,3244.0,780.0,29792.0,780.0,28843.0,470.0,952.0,-260.0,-7139.0,-3490.0,-100.0,-1768.0,-280.0,-1298.0,20.0,-21.0,-260.0,-634.0,-60.0,-91.0,-230.0,-1887.0,-280.0,-2336.0,-250.0,-2668.0,-20.0,-140.0,20.0,-19.0,350.0,479.0,-10.0,-271.0,-240.0,721.0,-70.0,-766.0,-50.0,11627.0,250.0,97049.0,220.0,22351.0,0.0,0.0,-330.0,-567.0,-250.0,-908.0,-130.0,-87.0,-200.0,-115.0,-130.0,-208.0,-130.0,-31.0,-160.0,-214.0,30.0,40.0,-80.0,883.0,-280.0,-1548.0,-350.0,-2187.0,840.0,35523.0,-80.0,-311.0,-10.0,-123.0,-150.0,-370.0,-90.0,-61.0,10.0,28.0,90.0,117.0,6470.0,8931.0,35570.0,67693.0,33220.0,36352.0,210.0,22688.0,70.0,22903.0,60.0,93.0,40.0,53.0,-210.0,3396.0,870.0,11161.0,880.0,10209.0,110.0,895.0
juneau,1040.0,4063.0,0.0,0.0,2403.0,WI,810.0,790.0,20.0,10.0,570.0,-120.0,440.0,660.0,80.0,760.0,-180.0,0.0,-180.0,0.0,-100.0,310.0,49049.0,180.0,49445.0,-50.0,3652.0,110.0,-335.0,110.0,189.0,120.0,437.0,-30.0,-44.0,50.0,-21.0,120.0,14008.0,-150.0,-225.0,220.0,6825.0,-21.0,1970.0,19893.0,100.0,1484.0,20.0,13059.0,2300.0,396.0,0.0,-3.0,0.0,0.0,10.0,-25.0,-10.0,113.0,-150.0,-411.0,3210.0,828.0,270.0,8671.0,270.0,8317.0,210.0,351.0,-70.0,-2471.0,13578.0,-60.0,-826.0,-50.0,198.0,-20.0,-16.0,-60.0,-50.0,-10.0,-5.0,-70.0,-317.0,-50.0,-408.0,-40.0,-140.0,0.0,0.0,0.0,0.0,40.0,45.0,0.0,0.0,-40.0,-105.0,-10.0,-521.0,80.0,1526.0,80.0,44530.0,60.0,9547.0,0.0,0.0,-90.0,-194.0,-90.0,-58.0,-40.0,-25.0,-40.0,-15.0,-60.0,-58.0,-70.0,-7.0,-20.0,54.0,40.0,17.0,40.0,269.0,-90.0,-285.0,-90.0,-529.0,720.0,9756.0,-110.0,-346.0,-100.0,-314.0,-80.0,-118.0,0.0,-17.0,-20.0,22.0,30.0,15.0,2330.0,3233.0,11370.0,21565.0,10650.0,11628.0,140.0,9543.0,120.0,9902.0,10.0,33.0,40.0,297.0,70.0,5224.0,660.0,2541.0,620.0,2481.0,10.0,-68.0
kenosha,38337.0,0.0,0.0,0.0,48524.0,WI,2510.0,2350.0,80.0,0.0,3810.0,-1040.0,2310.0,4540.0,990.0,2630.0,-170.0,170.0,-340.0,-10.0,100.0,1530.0,212307.0,1570.0,215079.0,90.0,64183.0,-1090.0,-5968.0,790.0,1517.0,850.0,3844.0,-260.0,-209.0,300.0,8096.0,1170.0,38445.0,-1360.0,-11178.0,890.0,27527.0,-5.0,9020.0,114091.0,300.0,7383.0,10.0,14770.0,16810.0,2772.0,-10.0,0.0,50.0,1017.0,-30.0,-446.0,-50.0,-135.0,-1540.0,-4019.0,24180.0,6151.0,2100.0,66609.0,2100.0,64619.0,1010.0,1989.0,-730.0,-14752.0,-63721.0,-210.0,-1133.0,-740.0,-2551.0,-10.0,15.0,-670.0,-2279.0,-80.0,-72.0,-670.0,-5279.0,-730.0,-6129.0,-630.0,-7319.0,0.0,11.0,20.0,135.0,850.0,1144.0,-10.0,-549.0,-720.0,479.0,-120.0,-3004.0,120.0,6362.0,960.0,184171.0,890.0,37210.0,0.0,-4.0,-760.0,-1229.0,-400.0,-2188.0,-190.0,-654.0,-620.0,-456.0,-400.0,-601.0,260.0,-18.0,-560.0,80.0,150.0,106.0,90.0,1142.0,-740.0,-7995.0,-890.0,-9870.0,2240.0,50806.0,-90.0,-1349.0,-110.0,-1232.0,-350.0,-780.0,-250.0,-260.0,70.0,138.0,210.0,316.0,15030.0,21014.0,68590.0,124329.0,63080.0,66596.0,1080.0,39395.0,1050.0,39808.0,90.0,173.0,90.0,974.0,-450.0,12371.0,2590.0,23590.0,2470.0,20553.0,200.0,3097.0
kewaunee,3413.0,0.0,0.0,0.0,8614.0,WI,240.0,180.0,80.0,-20.0,370.0,-140.0,290.0,550.0,70.0,400.0,-30.0,0.0,-30.0,0.0,-10.0,210.0,29731.0,190.0,30356.0,-10.0,18006.0,-180.0,-780.0,50.0,-909.0,50.0,-144.0,0.0,-2.0,10.0,-1494.0,70.0,974.0,-130.0,-604.0,130.0,2163.0,8.0,900.0,8459.0,90.0,1382.0,-20.0,7900.0,2910.0,625.0,-20.0,-3.0,0.0,71.0,30.0,11.0,-10.0,48.0,-130.0,-365.0,4170.0,1127.0,210.0,8461.0,210.0,8090.0,200.0,365.0,-70.0,-1416.0,-7567.0,-40.0,68.0,-50.0,-768.0,0.0,7.0,-50.0,-205.0,-10.0,-9.0,-70.0,-345.0,-80.0,-322.0,-60.0,-443.0,0.0,0.0,0.0,0.0,50.0,55.0,0.0,0.0,-60.0,-616.0,-20.0,-283.0,10.0,1434.0,80.0,19900.0,100.0,3275.0,0.0,0.0,-80.0,-221.0,-30.0,-72.0,-90.0,-18.0,-30.0,-24.0,-60.0,-91.0,-20.0,0.0,-60.0,19.0,60.0,28.0,20.0,-74.0,-120.0,-2467.0,-150.0,-2821.0,240.0,5081.0,-40.0,-10.0,0.0,27.0,0.0,27.0,-30.0,-37.0,100.0,69.0,60.0,66.0,1500.0,2072.0,8750.0,17342.0,8280.0,9442.0,50.0,3015.0,30.0,2724.0,10.0,10.0,30.0,99.0,-70.0,-21.0,280.0,2243.0,250.0,2043.0,50.0,87.0
la crosse,0.0,40504.0,0.0,0.0,0.0,WI,1080.0,920.0,140.0,-40.0,1770.0,-410.0,1210.0,2750.0,680.0,1670.0,-470.0,20.0,-490.0,0.0,-40.0,870.0,109686.0,460.0,111166.0,-360.0,44325.0,50.0,-4218.0,490.0,1798.0,530.0,6744.0,-170.0,-872.0,-160.0,11253.0,670.0,16944.0,-1160.0,-13173.0,350.0,11713.0,15.0,7590.0,70139.0,160.0,4796.0,10.0,47192.0,11480.0,1480.0,-130.0,-26.0,40.0,580.0,10.0,-146.0,-90.0,-17.0,-1270.0,-3777.0,18010.0,4430.0,870.0,36896.0,870.0,35568.0,690.0,1329.0,-540.0,-20791.0,-32209.0,-170.0,-2715.0,-440.0,-1924.0,-60.0,-78.0,-500.0,-2101.0,-100.0,19.0,-500.0,-3638.0,-550.0,-3989.0,-400.0,-4141.0,-10.0,-37.0,0.0,6.0,280.0,327.0,-40.0,40.0,-410.0,388.0,-60.0,-3713.0,-30.0,16073.0,-40.0,111694.0,-110.0,29893.0,0.0,407.0,-450.0,-1109.0,-590.0,-2157.0,-320.0,-417.0,-380.0,-240.0,-220.0,-377.0,-350.0,-58.0,-290.0,-150.0,200.0,-11.0,-150.0,798.0,-430.0,-4318.0,-580.0,-5797.0,970.0,33912.0,-200.0,-708.0,-190.0,-521.0,-220.0,-370.0,30.0,-28.0,80.0,180.0,110.0,107.0,9130.0,12564.0,48130.0,88815.0,45000.0,47687.0,20.0,32051.0,-70.0,32424.0,70.0,166.0,0.0,173.0,-540.0,5856.0,1390.0,7409.0,1410.0,12229.0,140.0,-2063.0
lafayette,0.0,3836.0,0.0,4454.0,0.0,WI,310.0,240.0,70.0,30.0,410.0,-100.0,310.0,370.0,40.0,510.0,20.0,0.0,20.0,0.0,-50.0,100.0,25972.0,270.0,26557.0,110.0,13286.0,-20.0,-666.0,50.0,-1048.0,30.0,-857.0,10.0,-22.0,80.0,1969.0,0.0,11978.0,-200.0,-2804.0,50.0,3188.0,57.0,780.0,7996.0,20.0,563.0,-10.0,3674.0,1490.0,585.0,10.0,3.0,10.0,53.0,20.0,89.0,-20.0,49.0,-120.0,-331.0,2360.0,608.0,310.0,7878.0,310.0,7643.0,100.0,239.0,-50.0,-2242.0,-3146.0,0.0,-758.0,-40.0,-185.0,-10.0,0.0,-40.0,-104.0,-20.0,-8.0,-50.0,-298.0,-40.0,-250.0,-20.0,-399.0,0.0,0.0,0.0,0.0,0.0,0.0,0.0,0.0,-50.0,-383.0,0.0,0.0,80.0,879.0,250.0,26056.0,220.0,4949.0,0.0,0.0,-100.0,-111.0,40.0,65.0,-30.0,-16.0,-40.0,-20.0,-60.0,-57.0,-50.0,-6.0,90.0,194.0,60.0,65.0,80.0,484.0,-120.0,-701.0,-170.0,-806.0,230.0,2618.0,30.0,-35.0,20.0,-22.0,10.0,7.0,0.0,6.0,-40.0,-29.0,20.0,12.0,1090.0,1548.0,6940.0,13830.0,6610.0,7765.0,170.0,4892.0,150.0,5332.0,10.0,13.0,30.0,70.0,20.0,3029.0,230.0,1431.0,220.0,1477.0,30.0,-22.0
langlade,3676.0,0.0,0.0,0.0,7413.0,WI,370.0,330.0,50.0,20.0,500.0,-60.0,330.0,630.0,60.0,480.0,-100.0,0.0,-100.0,0.0,-30.0,180.0,14607.0,240.0,15129.0,40.0,4798.0,-40.0,-844.0,100.0,-1467.0,100.0,-1392.0,-30.0,-27.0,-40.0,-1567.0,30.0,4845.0,-90.0,-876.0,90.0,794.0,-5.0,1030.0,10863.0,0.0,831.0,-30.0,-2630.0,1950.0,522.0,-10.0,-5.0,0.0,48.0,-20.0,-3.0,0.0,45.0,-140.0,-298.0,2890.0,755.0,230.0,7988.0,230.0,7751.0,110.0,242.0,-40.0,-2044.0,-8676.0,-20.0,-320.0,-30.0,-610.0,-10.0,-18.0,-30.0,-185.0,0.0,-4.0,-30.0,-345.0,-40.0,-424.0,-30.0,-297.0,0.0,0.0,0.0,0.0,0.0,0.0,0.0,0.0,-40.0,-614.0,-40.0,-792.0,-50.0,54.0,70.0,10130.0,130.0,1124.0,0.0,0.0,-40.0,-139.0,-60.0,-15.0,-30.0,15.0,0.0,-4.0,-40.0,-44.0,-60.0,-10.0,-20.0,126.0,60.0,13.0,-50.0,119.0,-170.0,-2492.0,-170.0,-2638.0,360.0,1843.0,-20.0,-180.0,-10.0,-162.0,-10.0,-9.0,-20.0,-31.0,-10.0,11.0,30.0,33.0,1550.0,2093.0,8560.0,16421.0,7990.0,8719.0,120.0,1145.0,70.0,1252.0,0.0,-6.0,-10.0,-30.0,-50.0,1707.0,380.0,2322.0,360.0,2082.0,40.0,191.0
lincoln,6129.0,0.0,0.0,0.0,10123.0,WI,390.0,310.0,50.0,0.0,590.0,-110.0,310.0,770.0,100.0,590.0,-120.0,0.0,-120.0,0.0,-40.0,250.0,44118.0,260.0,44608.0,70.0,14892.0,40.0,-162.0,70.0,740.0,80.0,979.0,-20.0,-13.0,-60.0,1119.0,110.0,5046.0,-130.0,-945.0,170.0,3879.0,6.0,1410.0,15374.0,60.0,1016.0,10.0,13690.0,2650.0,490.0,-20.0,-3.0,0.0,126.0,-10.0,-238.0,-20.0,26.0,-240.0,-479.0,3930.0,999.0,340.0,11015.0,340.0,10637.0,200.0,380.0,-80.0,-1917.0,-10220.0,-70.0,-441.0,-60.0,-310.0,0.0,-8.0,-70.0,-300.0,0.0,-8.0,-60.0,-382.0,-70.0,-505.0,-60.0,-615.0,0.0,0.0,0.0,0.0,50.0,49.0,0.0,0.0,-50.0,-47.0,-10.0,-382.0,20.0,1628.0,30.0,34840.0,10.0,7391.0,0.0,0.0,-160.0,-425.0,-60.0,-52.0,-80.0,-38.0,-70.0,-43.0,-70.0,-125.0,-80.0,-14.0,-70.0,139.0,60.0,-4.0,-40.0,56.0,-160.0,-2868.0,-210.0,-3444.0,380.0,4567.0,10.0,-173.0,-10.0,-148.0,-70.0,-123.0,-20.0,-20.0,0.0,50.0,40.0,34.0,2020.0,2686.0,12690.0,24353.0,11870.0,12906.0,70.0,7333.0,70.0,7051.0,20.0,25.0,30.0,123.0,100.0,4613.0,260.0,2127.0,250.0,2115.0,-10.0,220.0
manitowoc,16164.0,0.0,0.0,0.0,27663.0,WI,1130.0,960.0,130.0,10.0,1560.0,-420.0,960.0,2270.0,290.0,1400.0,-180.0,10.0,-190.0,20.0,0.0,770.0,20555.0,700.0,20715.0,40.0,25061.0,-480.0,-4617.0,290.0,-6523.0,400.0,-4877.0,-60.0,-75.0,30.0,1467.0,380.0,5377.0,-590.0,-2894.0,380.0,13326.0,-9.0,5700.0,52487.0,120.0,2843.0,0.0,-22694.0,9200.0,160.0,-30.0,-6.0,-10.0,104.0,30.0,102.0,-10.0,129.0,-580.0,-1564.0,12840.0,3308.0,670.0,25585.0,670.0,24521.0,540.0,1065.0,-140.0,-7885.0,-38887.0,-50.0,-684.0,-110.0,-1179.0,0.0,-23.0,-120.0,-380.0,0.0,-16.0,-90.0,-726.0,-120.0,-831.0,-80.0,-792.0,0.0,0.0,0.0,0.0,140.0,138.0,0.0,-269.0,-70.0,1386.0,-40.0,-2538.0,10.0,-1505.0,270.0,32790.0,260.0,738.0,0.0,0.0,-230.0,-764.0,-200.0,-1245.0,-170.0,-173.0,-140.0,-86.0,-130.0,-250.0,-90.0,-42.0,-170.0,33.0,70.0,-8.0,0.0,250.0,-450.0,-8020.0,-520.0,-8991.0,900.0,15197.0,-20.0,-402.0,-20.0,-346.0,-130.0,-192.0,-50.0,-70.0,250.0,186.0,100.0,153.0,6090.0,8225.0,35150.0,67044.0,32910.0,35945.0,380.0,1760.0,350.0,1186.0,10.0,-18.0,40.0,-321.0,-230.0,-2949.0,1030.0,11144.0,990.0,10246.0,140.0,897.0
marathon,29770.0,0.0,0.0,0.0,46096.0,WI,1730.0,1240.0,430.0,20.0,2540.0,-680.0,2100.0,3540.0,650.0,2640.0,-710.0,30.0,-740.0,0.0,-130.0,1190.0,30928.0,1100.0,35289.0,20.0,83116.0,-900.0,-6421.0,560.0,-1378.0,560.0,2424.0,-150.0,-51.0,140.0,4253.0,730.0,-112561.0,-810.0,-8473.0,380.0,12000.0,-54.0,8890.0,75943.0,380.0,6826.0,10.0,21064.0,15480.0,4361.0,-50.0,-8.0,30.0,909.0,-50.0,-36.0,40.0,617.0,-1190.0,-3298.0,22780.0,5834.0,1400.0,51481.0,1400.0,49661.0,910.0,1819.0,-400.0,-12210.0,-149345.0,-170.0,-1502.0,-370.0,-6437.0,0.0,-2.0,-310.0,-1409.0,-30.0,-63.0,-350.0,-2437.0,-380.0,-2885.0,-270.0,-3055.0,-10.0,-36.0,0.0,9.0,240.0,284.0,-20.0,-1248.0,-360.0,-874.0,-110.0,-2350.0,140.0,6719.0,500.0,22504.0,440.0,-182.0,0.0,-94.0,-580.0,-1342.0,-440.0,-1288.0,-190.0,-586.0,-360.0,-243.0,-190.0,-393.0,-190.0,-25.0,-370.0,382.0,270.0,52.0,40.0,883.0,-830.0,-11965.0,-970.0,-13801.0,1730.0,21073.0,-100.0,-456.0,-110.0,-391.0,-100.0,-341.0,-60.0,-121.0,50.0,154.0,180.0,217.0,10640.0,14486.0,58930.0,113107.0,55380.0,61634.0,530.0,1104.0,440.0,1822.0,130.0,146.0,110.0,736.0,-90.0,-11092.0,1630.0,8386.0,1460.0,13784.0,300.0,-14129.0
marinette,6275.0,0.0,0.0,0.0,16514.0,WI,940.0,710.0,150.0,70.0,1230.0,-150.0,650.0,1430.0,150.0,1130.0,20.0,30.0,-10.0,0.0,10.0,560.0,55834.0,660.0,55927.0,180.0,369.0,-310.0,-867.0,120.0,-1856.0,150.0,-1594.0,-80.0,-51.0,-40.0,-364.0,110.0,16314.0,-220.0,-679.0,420.0,9763.0,-30.0,3070.0,30529.0,210.0,3455.0,20.0,5698.0,4350.0,93.0,-10.0,0.0,0.0,-68.0,0.0,15.0,-40.0,-137.0,-340.0,-768.0,6070.0,1602.0,710.0,18969.0,710.0,18163.0,410.0,807.0,-90.0,-2499.0,665.0,-40.0,-78.0,-60.0,-947.0,-10.0,-33.0,-80.0,-303.0,0.0,13.0,-60.0,-249.0,-80.0,-453.0,-40.0,-278.0,0.0,0.0,0.0,0.0,60.0,92.0,-10.0,-78.0,-50.0,-775.0,-20.0,-835.0,20.0,1901.0,280.0,39136.0,280.0,7309.0,0.0,0.0,-130.0,-358.0,-70.0,-365.0,-80.0,-199.0,-60.0,-41.0,-70.0,-69.0,-90.0,-13.0,-40.0,153.0,60.0,19.0,-50.0,233.0,-270.0,-5186.0,-320.0,-5717.0,910.0,4714.0,-10.0,-97.0,20.0,-31.0,-30.0,-76.0,-20.0,-26.0,170.0,100.0,30.0,34.0,3290.0,4364.0,18410.0,35021.0,17120.0,18514.0,290.0,7856.0,220.0,7977.0,0.0,-8.0,0.0,206.0,0.0,3303.0,900.0,4963.0,890.0,4706.0,-20.0,292.0
marquette,3211.0,0.0,0.0,0.0,5692.0,WI,380.0,320.0,50.0,0.0,430.0,-30.0,310.0,550.0,50.0,500.0,-110.0,10.0,-120.0,0.0,30.0,170.0,15719.0,220.0,16180.0,120.0,3311.0,-80.0,-259.0,40.0,22.0,80.0,14.0,0.0,45.0,10.0,1105.0,90.0,-292.0,-140.0,-1476.0,50.0,4182.0,-9.0,1070.0,10144.0,30.0,323.0,0.0,6797.0,1670.0,461.0,20.0,-1.0,0.0,0.0,30.0,53.0,10.0,109.0,-90.0,-227.0,2230.0,575.0,230.0,6393.0,230.0,6203.0,100.0,191.0,-10.0,-2.0,717.0,-30.0,147.0,-10.0,20.0,0.0,0.0,-10.0,-38.0,-10.0,-2.0,-10.0,-60.0,-10.0,-127.0,-30.0,-77.0,0.0,0.0,0.0,0.0,40.0,44.0,0.0,0.0,-10.0,284.0,-10.0,-36.0,10.0,646.0,120.0,15919.0,110.0,3176.0,0.0,0.0,-70.0,-121.0,30.0,36.0,-30.0,-6.0,-10.0,-10.0,-40.0,-14.0,60.0,15.0,30.0,97.0,20.0,41.0,50.0,102.0,-60.0,-309.0,-90.0,-469.0,390.0,-176.0,20.0,-16.0,10.0,10.0,30.0,2.0,-30.0,-19.0,-20.0,6.0,0.0,0.0,1240.0,1637.0,7170.0,13676.0,6670.0,7215.0,80.0,3052.0,100.0,3135.0,10.0,-23.0,20.0,116.0,0.0,1255.0,360.0,-1993.0,360.0,-2040.0,0.0,45.0
menominee,1110.0,0.0,0.0,0.0,411.0,WI,170.0,180.0,20.0,10.0,200.0,-10.0,30.0,180.0,0.0,220.0,100.0,100.0,0.0,40.0,-30.0,30.0,3284.0,100.0,3376.999800000005,50.0,-1716.0,40.0,-18.0,10.0,-104.0,10.0,-9.0,0.0,0.0,-10.0,610.0,30.0,-240.0,-10.0,513.0,90.0,763.0,0.0,350.0,4534.0,0.0,206.0,-20.0,-1.0,170.0,93.0,0.0,0.0,0.0,0.0,0.0,0.0,0.0,0.0,-20.0,-34.0,210.0,51.0,100.0,1860.0,100.0,1840.0,10.0,17.0,10.0,158.0,1583.0,0.0,0.0,10.0,133.0,0.0,0.0,0.0,-13.0,0.0,0.0,10.0,43.0,10.0,-17.0,20.0,220.0,0.0,0.0,0.0,0.0,0.0,0.0,0.0,0.0,0.0,61.0,0.0,0.0,0.0,61.0,10.0,2409.0,30.0,298.0,0.0,0.0,0.0,0.0,0.0,73.0,0.0,0.0,0.0,0.0,10.0,4.0,-80.0,-14.0,20.0,112.0,0.0,0.0,30.0,32.0,-20.0,-191.0,-20.0,-203.0,160.0,570.0,0.0,-115.0,10.0,-130.0,-40.0,-10.0,10.0,6.0,0.0,0.0,0.0,0.0,540.0,842.0,1730.0,3187.0,1530.0,1870.0,20.0,495.0,30.0,496.0,0.0,0.0,0.0,0.0,-10.0,136.0,190.0,814.0,190.0,755.0,0.0,0.0
milwaukee,69656.0,232668.0,7911.0,105012.0,32659.0,WI,16360.0,17440.0,-770.0,-660.0,25390.0,-6220.0,12390.0,29760.0,5810.0,13780.0,-1340.0,850.0,-2190.0,-220.0,2760.0,5210.0,207963.0,6930.0,205465.0,-440.0,-90556.0,-3960.0,-48055.0,3010.0,9652.0,3530.0,27100.0,-1110.0,-783.0,570.0,-45480.0,5650.0,28349.0,-7410.0,-83863.0,3920.0,45708.0,-24.0,54750.0,669270.0,170.0,8541.0,80.0,31240.0,76530.0,-2498.0,-1040.0,-249.0,10.0,818.0,-330.0,-3349.0,-270.0,-213.0,-9410.0,-26622.0,117420.0,29200.0,9240.0,279080.0,9240.0,272888.0,3340.0,6195.0,-3350.0,-78710.0,-559455.0,-910.0,-8197.0,-2920.0,-23854.0,-330.0,-364.0,-3010.0,-12780.0,-430.0,-97.0,-2760.0,-20498.0,-3290.0,-24657.0,-2570.0,-27165.0,-20.0,188.0,10.0,208.0,3550.0,4380.0,-120.0,-3689.0,-3160.0,-13560.0,-520.0,-9225.0,540.0,5690.0,1250.0,242124.0,880.0,31412.0,10.0,143.0,-2660.0,-5177.0,-2810.0,-5192.0,-1070.0,-1275.0,-3670.0,-1965.0,-1780.0,-2332.0,-270.0,-100.0,-2360.0,635.0,850.0,187.0,-1060.0,1406.0,-3240.0,-36243.0,-3980.0,-44283.0,14820.0,146578.0,-1020.0,-14034.0,-1030.0,-11238.0,-2410.0,-4460.0,-1180.0,-1342.0,1010.0,946.0,1960.0,3414.0,90410.0,128897.0,366070.0,630637.0,334480.0,344481.0,2460.0,50163.0,1320.0,47277.0,360.0,345.0,90.0,534.0,-4720.0,11968.0,17970.0,112442.0,17730.0,129409.0,790.0,-21196.0
monroe,796.0,8684.0,0.0,0.0,1839.0,WI,390.0,320.0,10.0,70.0,690.0,-150.0,610.0,920.0,170.0,370.0,-130.0,-50.0,-80.0,0.0,-80.0,360.0,48886.0,160.0,49352.0,-110.0,17299.0,280.0,-701.0,140.0,-422.0,130.0,-375.0,-20.0,-26.0,-100.0,-738.0,150.0,-5811.0,-310.0,-2883.0,310.0,9781.0,-18.0,2510.0,23326.0,90.0,2186.0,-10.0,-1392.0,4270.0,466.0,20.0,4.0,0.0,53.0,10.0,-130.0,-20.0,-37.0,-370.0,-929.0,6320.0,1651.0,220.0,12433.0,220.0,12067.0,140.0,365.0,-50.0,-580.0,-11952.0,20.0,922.0,-50.0,-578.0,20.0,-9.0,-70.0,-177.0,10.0,-12.0,-50.0,-424.0,-50.0,-544.0,-80.0,-609.0,0.0,0.0,0.0,0.0,70.0,106.0,0.0,-44.0,-30.0,669.0,-20.0,-737.0,-10.0,-254.0,180.0,44200.0,200.0,9456.0,0.0,0.0,-190.0,-367.0,-170.0,-90.0,-70.0,-66.0,-70.0,-39.0,-110.0,-134.0,-170.0,-40.0,-100.0,125.0,70.0,141.0,-50.0,222.0,-210.0,-2160.0,-260.0,-2584.0,390.0,11548.0,-120.0,-322.0,-80.0,-274.0,-130.0,-158.0,-60.0,-38.0,-20.0,3.0,20.0,18.0,3410.0,4695.0,18930.0,36799.0,17870.0,20402.0,290.0,9562.0,250.0,9471.0,10.0,62.0,20.0,-17.0,80.0,620.0,320.0,3596.0,290.0,3317.0,40.0,285.0
oconto,5644.0,0.0,0.0,0.0,17375.0,WI,810.0,610.0,170.0,-20.0,1060.0,-160.0,570.0,1090.0,150.0,1080.0,-50.0,-10.0,-40.0,0.0,0.0,520.0,72429.0,590.0,73571.0,110.0,25518.0,-220.0,-744.0,140.0,-1874.0,180.0,1434.0,10.0,30.0,80.0,-724.0,230.0,5130.0,-180.0,2582.0,260.0,6916.0,-3.0,2240.0,23238.0,160.0,4441.0,30.0,18968.0,4700.0,1142.0,0.0,1.0,0.0,251.0,50.0,141.0,-20.0,-61.0,-230.0,-714.0,6620.0,1732.0,640.0,17102.0,640.0,16436.0,340.0,674.0,-140.0,-3530.0,2841.0,-60.0,69.0,-140.0,133.0,0.0,6.0,-160.0,-476.0,-40.0,-51.0,-130.0,-900.0,-150.0,-1016.0,-120.0,-1105.0,0.0,0.0,0.0,0.0,100.0,128.0,0.0,-27.0,-140.0,-592.0,-50.0,-978.0,0.0,3747.0,320.0,59160.0,320.0,11731.0,0.0,0.0,-120.0,-347.0,-90.0,143.0,-70.0,7.0,-120.0,-57.0,-50.0,-107.0,-20.0,-21.0,-100.0,129.0,20.0,17.0,10.0,504.0,-240.0,-4883.0,-270.0,-5342.0,720.0,15884.0,-10.0,-166.0,-20.0,-125.0,-70.0,-35.0,-30.0,-38.0,120.0,106.0,60.0,54.0,2880.0,3899.0,17050.0,33537.0,15950.0,17978.0,330.0,11310.0,270.0,11777.0,30.0,63.0,60.0,146.0,110.0,1997.0,600.0,5303.0,620.0,4846.0,20.0,832.0
oneida,9979.0,0.0,0.0,0.0,13877.0,WI,620.0,460.0,190.0,-20.0,810.0,-160.0,880.0,1390.0,150.0,810.0,-550.0,0.0,-550.0,0.0,-90.0,410.0,94052.0,410.0,96352.0,10.0,31611.0,-170.0,-1414.0,240.0,-386.0,230.0,1227.0,-70.0,-13.0,50.0,6782.0,250.0,3670.0,-450.0,-2745.0,110.0,5065.0,9.0,2070.0,24724.0,90.0,2738.0,30.0,1594.0,4070.0,2300.0,-30.0,-6.0,20.0,669.0,30.0,268.0,0.0,34.0,-290.0,-687.0,6010.0,1556.0,480.0,15360.0,480.0,14849.0,250.0,513.0,-130.0,-5235.0,-87117.0,-80.0,-569.0,-120.0,-2080.0,0.0,-43.0,-110.0,-742.0,20.0,4.0,-120.0,-746.0,-120.0,-947.0,-80.0,-1442.0,0.0,0.0,10.0,4.0,60.0,79.0,-20.0,-316.0,-120.0,-1047.0,-40.0,-1010.0,60.0,1992.0,310.0,85717.0,230.0,21892.0,0.0,0.0,-320.0,-926.0,-120.0,-137.0,-70.0,-78.0,-110.0,-82.0,-140.0,-102.0,-30.0,8.0,-50.0,32.0,50.0,28.0,20.0,604.0,-390.0,-6175.0,-460.0,-7346.0,690.0,31342.0,-100.0,-206.0,-70.0,-181.0,-60.0,-125.0,-60.0,-41.0,60.0,154.0,120.0,173.0,3030.0,3974.0,17510.0,32958.0,16200.0,16951.0,280.0,22029.0,290.0,22533.0,30.0,108.0,70.0,-11.0,-260.0,3751.0,870.0,4932.0,830.0,5310.0,110.0,1194.0
outagamie,41690.0,0.0,0.0,0.0,64985.0,WI,2720.0,2260.0,230.0,120.0,3990.0,-870.0,2510.0,5470.0,1080.0,3640.0,-320.0,120.0,-440.0,0.0,130.0,1610.0,107724.0,1970.0,111238.0,680.0,103270.0,-1530.0,-7748.0,1010.0,-8770.0,1140.0,-2695.0,-160.0,-82.0,80.0,5582.0,1650.0,-89813.0,-1410.0,-3175.0,870.0,19369.0,6.0,11260.0,113027.0,400.0,6483.0,150.0,20589.0,21840.0,3514.0,-240.0,-56.0,0.0,14.0,60.0,647.0,10.0,351.0,-1710.0,-4988.0,32370.0,8246.0,2420.0,75316.0,2420.0,73172.0,1020.0,2142.0,-640.0,-14669.0,-191322.0,-210.0,-3473.0,-620.0,-7197.0,-30.0,-63.0,-620.0,-2051.0,-50.0,98.0,-620.0,-4594.0,-660.0,-5135.0,-510.0,-4965.0,10.0,141.0,-10.0,-2.0,520.0,648.0,-20.0,-985.0,-580.0,3694.0,-120.0,-2228.0,340.0,10240.0,960.0,74862.0,990.0,14841.0,-20.0,-389.0,-460.0,-1358.0,-630.0,-1891.0,-680.0,384.0,-530.0,-351.0,-420.0,-582.0,-200.0,18.0,-310.0,366.0,250.0,191.0,40.0,759.0,-910.0,-13180.0,-1070.0,-15362.0,2530.0,52651.0,60.0,-470.0,90.0,-323.0,-150.0,-498.0,-100.0,-140.0,510.0,520.0,240.0,352.0,15190.0,20758.0,80170.0,153403.0,74830.0,83354.0,990.0,16727.0,920.0,16152.0,160.0,211.0,160.0,-55.0,-240.0,-15456.0,2600.0,21248.0,2500.0,22254.0,330.0,-895.0
ozaukee,24272.0,0.0,0.0,0.0,36259.0,WI,790.0,540.0,140.0,50.0,1700.0,-770.0,810.0,2640.0,620.0,1270.0,-130.0,40.0,-170.0,0.0,90.0,660.0,153149.0,590.0,152824.0,-110.0,28738.0,-1000.0,-8805.0,760.0,5529.0,830.0,12578.0,-230.0,-445.0,-90.0,-3668.0,900.0,120387.0,-1640.0,-26525.0,390.0,8239.0,-15.0,4990.0,54775.0,260.0,6399.0,-100.0,-4216.0,11390.0,-325.0,-100.0,-18.0,20.0,-415.0,-80.0,-1070.0,-30.0,91.0,-620.0,-2212.0,17230.0,4425.0,1320.0,42391.0,1320.0,41006.0,670.0,1385.0,-890.0,-6868.0,-86485.0,-190.0,-1761.0,-760.0,-14484.0,-100.0,-156.0,-840.0,-5115.0,-100.0,-20.0,-790.0,-6905.0,-850.0,-7739.0,-740.0,-10560.0,-40.0,-208.0,10.0,61.0,280.0,446.0,-60.0,-3250.0,-870.0,17336.0,-90.0,-2030.0,50.0,-965.0,180.0,108544.0,200.0,11305.0,0.0,456.0,-440.0,-1305.0,-390.0,-2824.0,-320.0,405.0,-330.0,-211.0,-130.0,-256.0,0.0,19.0,-180.0,22.0,180.0,-6.0,-140.0,-173.0,-340.0,-4044.0,-470.0,-5668.0,730.0,38016.0,40.0,-93.0,40.0,-81.0,-40.0,-22.0,-20.0,-51.0,90.0,152.0,140.0,230.0,7320.0,10271.0,35030.0,65672.0,31860.0,34111.0,240.0,14121.0,230.0,19287.0,110.0,111.0,-50.0,6175.0,-750.0,-22218.0,1440.0,-3162.0,1310.0,7711.0,370.0,-10595.0
pepin,0.0,1682.0,0.0,0.0,0.0,WI,130.0,70.0,20.0,20.0,190.0,-20.0,50.0,210.0,20.0,220.0,0.0,0.0,0.0,0.0,0.0,60.0,35255.0,100.0,35392.0,30.0,5630.0,-30.0,-112.0,60.0,468.0,50.0,293.0,0.0,4.0,10.0,623.0,40.0,4090.0,-80.0,402.0,60.0,1424.0,-13.0,410.0,4472.0,40.0,851.0,20.0,1594.0,740.0,137.0,0.0,-1.0,0.0,0.0,10.0,27.0,-10.0,-41.0,-40.0,-112.0,1190.0,314.0,110.0,3273.0,110.0,3149.0,40.0,124.0,-20.0,-753.0,5474.0,-20.0,-521.0,-10.0,260.0,0.0,0.0,-20.0,3.0,0.0,0.0,-10.0,-33.0,-10.0,-60.0,-20.0,-138.0,0.0,0.0,0.0,0.0,0.0,0.0,0.0,0.0,-20.0,263.0,0.0,0.0,30.0,932.0,100.0,31657.0,90.0,3211.0,0.0,0.0,-40.0,-67.0,-30.0,-25.0,-20.0,-9.0,0.0,-1.0,-20.0,-34.0,-30.0,-17.0,10.0,88.0,20.0,3.0,60.0,173.0,-70.0,-651.0,-100.0,-781.0,130.0,3244.0,-20.0,-7.0,-20.0,-26.0,0.0,19.0,-20.0,-18.0,-50.0,-32.0,0.0,0.0,560.0,765.0,3100.0,6151.0,2960.0,3364.0,90.0,3265.0,90.0,3347.0,0.0,18.0,20.0,125.0,20.0,353.0,90.0,1777.0,90.0,756.0,30.0,1020.0
pierce,0.0,10208.0,0.0,0.0,0.0,WI,570.0,450.0,100.0,50.0,950.0,-220.0,450.0,1050.0,180.0,940.0,-60.0,0.0,-60.0,0.0,-30.0,300.0,38943.0,470.0,39360.0,200.0,10959.0,-440.0,-1542.0,250.0,-5154.0,280.0,-4506.0,-30.0,-39.0,-10.0,560.0,250.0,722.0,-260.0,-2450.0,120.0,8630.0,-22.0,2990.0,36872.0,110.0,2240.0,10.0,-155.0,4300.0,417.0,-30.0,-9.0,0.0,106.0,-30.0,-224.0,10.0,34.0,-320.0,-1159.0,6790.0,1772.0,650.0,19089.0,650.0,18589.0,270.0,500.0,-210.0,-5068.0,-48087.0,-40.0,-297.0,-200.0,-3529.0,-10.0,26.0,-180.0,-944.0,-50.0,-22.0,-200.0,-1576.0,-220.0,-1796.0,-190.0,-1975.0,-10.0,-21.0,10.0,-10.0,210.0,266.0,-20.0,-110.0,-220.0,-545.0,-40.0,-175.0,0.0,1475.0,390.0,30205.0,370.0,3538.0,0.0,0.0,-190.0,-440.0,30.0,-381.0,-90.0,-71.0,-100.0,-80.0,10.0,-75.0,-60.0,0.0,-10.0,253.0,90.0,-26.0,-30.0,488.0,-140.0,-1583.0,-190.0,-2119.0,530.0,8508.0,-40.0,-27.0,10.0,14.0,40.0,37.0,60.0,36.0,20.0,-25.0,40.0,33.0,3270.0,4447.0,16380.0,31315.0,15060.0,16675.0,260.0,3921.0,280.0,3742.0,10.0,-108.0,40.0,-273.0,-50.0,109.0,560.0,4960.0,530.0,4861.0,80.0,-48.0
polk,9271.0,0.0,0.0,0.0,16701.0,WI,890.0,800.0,90.0,-20.0,1230.0,-200.0,750.0,1280.0,180.0,1030.0,-50.0,0.0,-50.0,0.0,-50.0,500.0,58002.0,670.0,58760.0,190.0,17634.0,-370.0,131.0,210.0,130.0,250.0,896.0,10.0,-13.0,30.0,2798.0,310.0,4638.0,-350.0,-3605.0,140.0,3422.0,-25.0,3200.0,35973.0,140.0,3139.0,20.0,11891.0,4640.0,758.0,-70.0,-14.0,10.0,12.0,10.0,-31.0,-20.0,-54.0,-350.0,-1038.0,7250.0,1879.0,760.0,19790.0,760.0,19031.0,430.0,760.0,-170.0,-4885.0,-15966.0,-90.0,-258.0,-150.0,-871.0,-10.0,6.0,-160.0,-547.0,-10.0,-13.0,-130.0,-816.0,-150.0,-1086.0,-110.0,-1185.0,-10.0,-25.0,-10.0,-6.0,230.0,348.0,-20.0,2.0,-200.0,-793.0,-30.0,-943.0,140.0,3436.0,310.0,50621.0,250.0,8315.0,0.0,0.0,-260.0,-480.0,-70.0,-264.0,-70.0,-593.0,-140.0,-108.0,-50.0,-97.0,-190.0,-28.0,-30.0,372.0,70.0,-44.0,-10.0,601.0,-260.0,-3775.0,-320.0,-4356.0,890.0,12497.0,-90.0,-386.0,-60.0,-326.0,-60.0,-151.0,20.0,12.0,-20.0,-20.0,60.0,76.0,3690.0,4937.0,19720.0,37807.0,18230.0,20185.0,300.0,8558.0,260.0,8688.0,20.0,-4.0,20.0,-51.0,-80.0,1426.0,910.0,5323.0,890.0,4973.0,20.0,-128.0
portage,0.0,21626.0,0.0,0.0,0.0,WI,770.0,590.0,110.0,50.0,1180.0,-260.0,890.0,2200.0,380.0,1030.0,-550.0,0.0,-550.0,-30.0,80.0,580.0,43834.0,460.0,44984.0,0.0,32896.0,-870.0,-3030.0,220.0,-1355.0,270.0,183.0,-20.0,4.0,-30.0,339.0,350.0,-11095.0,-490.0,-1082.0,310.0,7494.0,-6.0,3830.0,37552.0,170.0,3562.0,-30.0,4843.0,8380.0,1150.0,-50.0,-14.0,0.0,120.0,-90.0,-428.0,-10.0,-70.0,-540.0,-1653.0,12300.0,3055.0,620.0,24148.0,620.0,23320.0,380.0,827.0,-210.0,-10757.0,-54656.0,-50.0,-210.0,-160.0,-423.0,-20.0,8.0,-180.0,-648.0,0.0,24.0,-170.0,-1274.0,-170.0,-1411.0,-140.0,-1739.0,-10.0,-118.0,10.0,21.0,140.0,138.0,-10.0,-488.0,-210.0,-172.0,-100.0,-2298.0,-50.0,-466.0,170.0,37156.0,220.0,5787.0,0.0,0.0,-360.0,-873.0,-50.0,-512.0,-120.0,-53.0,-160.0,-141.0,-70.0,-130.0,-190.0,-28.0,-170.0,-86.0,250.0,192.0,-100.0,444.0,-420.0,-6530.0,-520.0,-7695.0,840.0,21027.0,10.0,-66.0,0.0,-91.0,-50.0,-152.0,40.0,23.0,90.0,106.0,90.0,89.0,5360.0,7175.0,29340.0,55326.0,27540.0,29776.0,150.0,6299.0,90.0,6127.0,40.0,165.0,20.0,-207.0,-290.0,-6589.0,1010.0,8536.0,970.0,7323.0,90.0,629.0
price,3116.0,0.0,0.0,0.0,5327.0,WI,300.0,210.0,120.0,0.0,370.0,-30.0,230.0,440.0,50.0,390.0,-70.0,0.0,-70.0,0.0,10.0,180.0,17618.0,200.0,17862.0,80.0,8641.0,-10.0,-180.0,30.0,-544.0,80.0,-413.0,0.0,7.0,40.0,685.0,80.0,5470.0,-60.0,-789.0,60.0,1839.0,9.0,870.0,7974.0,30.0,897.0,-30.0,2057.0,1190.0,244.0,10.0,1.0,0.0,-78.0,-20.0,-62.0,-10.0,-48.0,-80.0,-219.0,1890.0,483.0,160.0,5723.0,160.0,5501.0,110.0,221.0,-20.0,-788.0,-3166.0,-30.0,-346.0,-20.0,-17.0,0.0,1.0,-10.0,-11.0,20.0,7.0,0.0,-101.0,-20.0,-150.0,-10.0,-159.0,0.0,0.0,0.0,0.0,0.0,0.0,0.0,0.0,10.0,246.0,-30.0,-654.0,-10.0,313.0,90.0,13795.0,60.0,1850.0,0.0,0.0,-60.0,-224.0,-70.0,-238.0,-30.0,-8.0,10.0,-1.0,-40.0,-66.0,-30.0,-11.0,-60.0,16.0,20.0,-3.0,-20.0,112.0,-70.0,-237.0,-90.0,-517.0,240.0,3763.0,-40.0,18.0,20.0,49.0,0.0,16.0,-40.0,-32.0,-30.0,-32.0,0.0,0.0,1040.0,1358.0,6310.0,12142.0,5870.0,6361.0,60.0,2034.0,30.0,1829.0,20.0,16.0,0.0,-56.0,-70.0,752.0,290.0,1576.0,310.0,1348.0,0.0,174.0
racine,45091.0,0.0,0.0,0.0,59331.0,WI,4000.0,3810.0,140.0,-60.0,4770.0,-1140.0,3020.0,6030.0,1000.0,4330.0,-680.0,20.0,-700.0,-70.0,350.0,1520.0,299110.0,2040.0,302190.0,290.0,61832.0,-560.0,-12604.0,690.0,17368.0,870.0,21390.0,-270.0,-268.0,260.0,-1842.0,970.0,21673.0,-1630.0,-19739.0,1080.0,29634.0,-3.0,10570.0,122223.0,80.0,3261.0,30.0,29977.0,20170.0,3080.0,-140.0,-32.0,20.0,425.0,-80.0,-626.0,90.0,684.0,-1520.0,-4176.0,28440.0,7175.0,2550.0,76638.0,2550.0,74457.0,1140.0,2181.0,-730.0,1776.0,-38545.0,-280.0,-4800.0,-660.0,-2139.0,-30.0,77.0,-690.0,-1753.0,-80.0,-149.0,-680.0,-5000.0,-740.0,-5309.0,-570.0,-5746.0,-10.0,-135.0,10.0,81.0,850.0,1205.0,-30.0,-382.0,-720.0,-171.0,-130.0,-3654.0,90.0,11126.0,980.0,269896.0,950.0,71456.0,0.0,-111.0,-700.0,-1605.0,-160.0,-1431.0,-300.0,-813.0,-690.0,-462.0,-310.0,-516.0,100.0,5.0,-370.0,467.0,240.0,40.0,30.0,812.0,-660.0,-8864.0,-860.0,-11070.0,3650.0,71414.0,-190.0,-1674.0,-180.0,-1277.0,-430.0,-785.0,-160.0,-195.0,100.0,179.0,190.0,365.0,18600.0,26089.0,82010.0,150856.0,75440.0,81126.0,1030.0,72888.0,900.0,73165.0,60.0,91.0,10.0,642.0,-630.0,11337.0,4080.0,22233.0,4010.0,30818.0,250.0,-8583.0
richland,0.0,4299.0,0.0,962.0,0.0,WI,230.0,190.0,60.0,-20.0,340.0,-80.0,210.0,490.0,50.0,310.0,-70.0,0.0,-70.0,0.0,-40.0,90.0,32096.0,160.0,32456.0,-10.0,8835.0,140.0,-705.0,60.0,-214.0,60.0,-48.0,0.0,5.0,40.0,114.0,110.0,4425.0,-130.0,-1267.0,40.0,1822.0,-1.0,820.0,7911.0,50.0,905.0,30.0,672.0,1210.0,360.0,-10.0,3.0,0.0,0.0,-10.0,160.0,0.0,76.0,-120.0,-274.0,1950.0,485.0,150.0,5850.0,150.0,5687.0,80.0,169.0,-40.0,-870.0,-8827.0,0.0,453.0,-50.0,-256.0,10.0,13.0,-20.0,-111.0,0.0,0.0,-20.0,-202.0,-30.0,-252.0,-20.0,-284.0,0.0,0.0,0.0,0.0,0.0,0.0,0.0,0.0,-30.0,-423.0,0.0,0.0,20.0,2376.0,50.0,22914.0,20.0,1256.0,0.0,0.0,-120.0,-164.0,10.0,88.0,-30.0,-20.0,-40.0,-19.0,0.0,0.0,-10.0,-8.0,-10.0,111.0,20.0,-1.0,60.0,248.0,-110.0,-511.0,-140.0,-748.0,260.0,1342.0,-80.0,-156.0,-40.0,-101.0,-20.0,-91.0,30.0,31.0,-20.0,42.0,0.0,0.0,1140.0,1578.0,6900.0,13530.0,6480.0,7331.0,0.0,2424.0,40.0,2439.0,10.0,5.0,20.0,33.0,-30.0,1741.0,250.0,-383.0,260.0,938.0,30.0,-1222.0
rock,21871.0,22604.0,0.0,17296.0,20845.0,WI,2500.0,2320.0,20.0,-40.0,3540.0,-710.0,2110.0,4610.0,720.0,2270.0,-140.0,-50.0,-90.0,-20.0,-180.0,1220.0,195433.0,1420.0,195600.0,260.0,6856.0,140.0,-2965.0,680.0,2077.0,720.0,-958.0,-30.0,91.0,0.0,7758.0,890.0,79192.0,-1350.0,-14298.0,1020.0,20595.0,-7.0,10290.0,114468.0,120.0,3604.0,50.0,87141.0,14110.0,167.0,-100.0,-25.0,-20.0,-404.0,-60.0,-531.0,-40.0,121.0,-1400.0,-3919.0,20800.0,5189.0,1740.0,55287.0,1740.0,53613.0,850.0,1674.0,-460.0,-20567.0,-23822.0,-130.0,-64.0,-400.0,-2518.0,-40.0,-42.0,-410.0,-1911.0,-20.0,-45.0,-380.0,-2692.0,-460.0,-3348.0,-350.0,-3375.0,-20.0,-83.0,-10.0,26.0,530.0,676.0,-30.0,-1375.0,-420.0,-11152.0,-70.0,-1143.0,30.0,13042.0,560.0,171911.0,500.0,35869.0,0.0,-29.0,-480.0,-813.0,-590.0,-3735.0,-210.0,-1233.0,-400.0,-274.0,-320.0,-450.0,-180.0,-33.0,-500.0,-1.0,170.0,478.0,-60.0,671.0,-400.0,-430.0,-560.0,-1553.0,2440.0,38926.0,-120.0,-1233.0,-110.0,-974.0,-380.0,-723.0,-150.0,-158.0,-40.0,144.0,180.0,272.0,14070.0,19495.0,69740.0,129707.0,65090.0,70453.0,690.0,36951.0,490.0,36462.0,60.0,-232.0,60.0,-105.0,-330.0,13699.0,2550.0,16310.0,2540.0,16764.0,80.0,-2771.0
rusk,2553.0,0.0,0.0,0.0,5172.0,WI,230.0,150.0,70.0,30.0,290.0,-50.0,160.0,370.0,30.0,330.0,-50.0,0.0,-50.0,0.0,-40.0,210.0,6361.0,120.0,6469.0,-50.0,916.0,50.0,-224.0,60.0,-171.0,30.0,-118.0,-20.0,1.0,-80.0,-35.0,0.0,-954.0,-60.0,-175.0,160.0,3808.0,-5.0,810.0,8023.0,80.0,1136.0,-40.0,-2383.0,1090.0,108.0,-10.0,-2.0,0.0,0.0,-10.0,-15.0,20.0,103.0,-90.0,-207.0,1660.0,429.0,130.0,5278.0,130.0,5002.0,120.0,276.0,-20.0,-763.0,-1629.0,-20.0,-464.0,-10.0,54.0,-10.0,-6.0,-10.0,-17.0,0.0,0.0,0.0,-22.0,-20.0,-63.0,0.0,-47.0,0.0,0.0,0.0,0.0,0.0,0.0,0.0,0.0,-20.0,78.0,0.0,0.0,40.0,117.0,40.0,7908.0,10.0,1475.0,0.0,0.0,-100.0,-195.0,-60.0,-11.0,-40.0,-5.0,-10.0,-6.0,-10.0,-15.0,-40.0,-1.0,-20.0,35.0,40.0,5.0,-60.0,-24.0,-60.0,-498.0,-90.0,-674.0,220.0,1119.0,-40.0,-121.0,-30.0,-63.0,-30.0,-20.0,-10.0,8.0,-10.0,-24.0,0.0,0.0,1080.0,1434.0,5990.0,11659.0,5650.0,6282.0,-10.0,1492.0,-50.0,1345.0,0.0,0.0,10.0,-60.0,-50.0,-32.0,250.0,1102.0,220.0,920.0,30.0,164.0
sauk,0.0,18390.0,0.0,17059.0,0.0,WI,380.0,260.0,70.0,-10.0,860.0,-360.0,730.0,1310.0,310.0,530.0,-120.0,10.0,-130.0,0.0,-20.0,480.0,151050.0,10.0,151962.0,-560.0,7393.0,360.0,-1258.0,200.0,3175.0,190.0,4182.0,-60.0,-15.0,-100.0,-3825.0,330.0,4357.0,-590.0,-3522.0,410.0,13177.0,-21.0,5560.0,57593.0,130.0,3062.0,10.0,25298.0,6000.0,912.0,-30.0,-6.0,0.0,-254.0,10.0,392.0,-10.0,87.0,-510.0,-1548.0,9150.0,2326.0,130.0,16537.0,130.0,15679.0,450.0,857.0,-190.0,1567.0,-26187.0,-40.0,294.0,-180.0,2347.0,-20.0,-4.0,-150.0,-681.0,0.0,-29.0,-170.0,-1168.0,-190.0,-1399.0,-150.0,-2084.0,-30.0,-98.0,0.0,17.0,200.0,237.0,-20.0,-74.0,-130.0,4796.0,-50.0,-60.0,-10.0,5552.0,80.0,122148.0,40.0,25327.0,0.0,0.0,-300.0,-499.0,-270.0,-151.0,-90.0,-54.0,-250.0,-103.0,-150.0,-274.0,-140.0,-11.0,-200.0,-84.0,40.0,68.0,-110.0,-310.0,-230.0,-540.0,-330.0,-1110.0,330.0,27888.0,130.0,-316.0,140.0,-319.0,-100.0,-200.0,-240.0,-256.0,0.0,-5.0,120.0,129.0,5590.0,7795.0,28710.0,54244.0,26790.0,29239.0,120.0,25139.0,40.0,28273.0,50.0,13.0,50.0,653.0,-290.0,14382.0,560.0,8956.0,550.0,7549.0,70.0,2310.0
sawyer,4448.0,0.0,0.0,0.0,5917.0,WI,480.0,400.0,100.0,0.0,560.0,-30.0,270.0,620.0,70.0,490.0,10.0,0.0,10.0,0.0,10.0,200.0,41346.0,330.0,42083.0,70.0,14031.0,-100.0,-711.0,170.0,-732.0,130.0,263.0,-40.0,-43.0,30.0,1585.0,130.0,10833.0,-150.0,-126.0,110.0,3821.0,11.0,970.0,11591.0,120.0,1791.0,0.0,5880.0,1550.0,737.0,-30.0,-3.0,10.0,157.0,-20.0,-91.0,-10.0,27.0,-80.0,-265.0,2350.0,615.0,320.0,8087.0,320.0,7776.0,150.0,313.0,-20.0,-395.0,287.0,-20.0,6.0,-10.0,-6.0,-10.0,-26.0,-50.0,69.0,-10.0,2.0,-10.0,-105.0,-10.0,-143.0,0.0,-35.0,0.0,0.0,0.0,2.0,20.0,41.0,0.0,-74.0,-20.0,6.0,-20.0,-448.0,10.0,1276.0,200.0,35981.0,170.0,6738.0,0.0,0.0,-140.0,-191.0,40.0,100.0,-30.0,-106.0,-30.0,-17.0,-30.0,-58.0,50.0,13.0,10.0,123.0,40.0,4.0,20.0,363.0,-60.0,-560.0,-100.0,-931.0,480.0,6843.0,-50.0,-250.0,-30.0,-226.0,-60.0,-139.0,-30.0,-27.0,-10.0,-2.0,30.0,21.0,1400.0,1984.0,7610.0,14299.0,6990.0,7462.0,190.0,6816.0,200.0,7239.0,20.0,31.0,30.0,87.0,0.0,2308.0,460.0,1928.0,440.0,1862.0,-10.0,74.0
shawano,6379.0,0.0,0.0,0.0,15970.0,WI,570.0,500.0,50.0,-50.0,850.0,-180.0,450.0,1110.0,130.0,740.0,10.0,50.0,-40.0,-10.0,10.0,410.0,30361.0,330.0,31396.0,-90.0,9467.0,-180.0,-1007.0,90.0,-881.0,110.0,-791.0,-10.0,11.0,-30.0,229.0,90.0,-11880.0,-180.0,-1621.0,120.0,2265.0,-11.0,2570.0,24497.0,40.0,1500.0,20.0,6180.0,4330.0,1035.0,-10.0,-3.0,0.0,149.0,20.0,243.0,10.0,172.0,-280.0,-692.0,6300.0,1644.0,390.0,12951.0,390.0,12451.0,260.0,498.0,-80.0,-2658.0,1185.0,-30.0,-617.0,-60.0,-392.0,-20.0,-32.0,-70.0,-299.0,-20.0,-27.0,-70.0,-552.0,-70.0,-628.0,-80.0,-620.0,0.0,0.0,0.0,0.0,50.0,56.0,-10.0,7.0,-80.0,153.0,-20.0,-627.0,20.0,2408.0,100.0,22613.0,130.0,3909.0,0.0,0.0,-120.0,-430.0,-140.0,-67.0,-150.0,-28.0,-40.0,-26.0,-70.0,-72.0,-60.0,-17.0,-10.0,150.0,50.0,4.0,-70.0,251.0,-220.0,-3956.0,-250.0,-4578.0,550.0,8097.0,-60.0,-371.0,-60.0,-348.0,-40.0,8.0,10.0,-1.0,120.0,145.0,40.0,46.0,3010.0,4171.0,17660.0,34151.0,16630.0,18533.0,50.0,4215.0,-20.0,4020.0,20.0,30.0,20.0,-121.0,-70.0,96.0,600.0,4203.0,610.0,4025.0,40.0,368.0
sheboygan,25993.0,0.0,0.0,0.0,38901.0,WI,1540.0,1390.0,-80.0,100.0,1810.0,-480.0,1450.0,3250.0,580.0,1690.0,-520.0,-60.0,-460.0,-20.0,110.0,1010.0,124775.0,580.0,127159.0,-340.0,27413.0,-1600.0,-6204.0,440.0,-2042.0,470.0,1091.0,-50.0,58.0,-130.0,-4449.0,630.0,37418.0,-1140.0,-3896.0,620.0,13582.0,-27.0,7300.0,69719.0,160.0,4522.0,-10.0,521.0,14090.0,2384.0,-80.0,-20.0,-10.0,173.0,30.0,14.0,-40.0,40.0,-970.0,-2733.0,20150.0,5203.0,860.0,36854.0,860.0,35357.0,750.0,1498.0,-420.0,-6068.0,-53918.0,-110.0,1027.0,-440.0,-5664.0,-10.0,-50.0,-370.0,-2035.0,-60.0,0.0,-420.0,-3003.0,-440.0,-3508.0,-320.0,-3320.0,-20.0,-179.0,0.0,-10.0,280.0,358.0,-30.0,24.0,-410.0,637.0,-40.0,-997.0,-80.0,2687.0,100.0,114658.0,160.0,22032.0,0.0,-264.0,-260.0,-1025.0,-380.0,-2733.0,-280.0,-907.0,-350.0,-215.0,-210.0,-393.0,-130.0,-25.0,-430.0,-111.0,140.0,23.0,-140.0,96.0,-490.0,-8222.0,-640.0,-9792.0,1370.0,30913.0,-60.0,-368.0,-50.0,-369.0,-160.0,-285.0,-90.0,-120.0,430.0,414.0,140.0,190.0,9340.0,12897.0,50430.0,95652.0,47290.0,51764.0,260.0,24764.0,160.0,22761.0,40.0,39.0,20.0,-1052.0,-240.0,7439.0,1440.0,15749.0,1420.0,12835.0,190.0,-1002.0
st. croix,22354.0,0.0,0.0,0.0,33296.0,WI,1240.0,950.0,270.0,-30.0,1980.0,-440.0,1460.0,2190.0,540.0,1650.0,-80.0,10.0,-90.0,0.0,60.0,790.0,113738.0,1050.0,115455.0,470.0,53380.0,-1130.0,-2214.0,710.0,-1364.0,770.0,1744.0,-190.0,-173.0,30.0,-1868.0,940.0,84880.0,-700.0,-5883.0,440.0,16364.0,16.0,7220.0,86642.0,340.0,7761.0,40.0,31402.0,9740.0,1717.0,-30.0,-9.0,10.0,457.0,-10.0,-18.0,50.0,582.0,-990.0,-2935.0,15500.0,3950.0,1570.0,44914.0,1570.0,43666.0,610.0,1249.0,-590.0,-15281.0,-153950.0,-100.0,1177.0,-570.0,-4275.0,-40.0,-68.0,-550.0,-1701.0,-100.0,-81.0,-490.0,-4231.0,-610.0,-5035.0,-550.0,-7891.0,-30.0,-175.0,40.0,69.0,690.0,998.0,0.0,-749.0,-610.0,-359.0,-20.0,-843.0,200.0,8458.0,870.0,107670.0,830.0,4579.0,0.0,38.0,-370.0,-911.0,-70.0,-1131.0,-180.0,-622.0,-500.0,-341.0,-20.0,-210.0,-60.0,-11.0,-240.0,55.0,180.0,15.0,-40.0,416.0,-320.0,-3522.0,-420.0,-4580.0,1220.0,50747.0,-50.0,-380.0,-40.0,-313.0,-90.0,-180.0,80.0,13.0,-10.0,5.0,170.0,299.0,7680.0,10380.0,37270.0,72051.0,34180.0,38654.0,870.0,4121.0,840.0,3870.0,100.0,8.0,100.0,627.0,-220.0,2766.0,1320.0,13756.0,1240.0,13316.0,170.0,488.0
taylor,2683.0,0.0,0.0,0.0,7843.0,WI,350.0,230.0,100.0,20.0,410.0,-60.0,290.0,540.0,50.0,420.0,-20.0,0.0,-20.0,0.0,-40.0,220.0,31277.0,270.0,31715.0,130.0,16124.0,20.0,-429.0,80.0,157.0,120.0,273.0,20.0,-9.0,60.0,-353.0,150.0,3402.0,-50.0,-100.0,150.0,2359.0,2.0,890.0,7722.0,40.0,1216.0,0.0,3438.0,1670.0,438.0,10.0,1.0,0.0,0.0,-10.0,-22.0,-30.0,13.0,-130.0,-305.0,2650.0,683.0,270.0,7642.0,270.0,7387.0,120.0,257.0,-20.0,63.0,839.0,0.0,145.0,-30.0,-241.0,10.0,6.0,-30.0,-16.0,-30.0,-11.0,-10.0,-97.0,-10.0,-171.0,-10.0,-71.0,0.0,0.0,0.0,0.0,20.0,20.0,0.0,0.0,-10.0,-97.0,0.0,0.0,50.0,963.0,150.0,28854.0,110.0,4947.0,0.0,0.0,-160.0,-314.0,-80.0,153.0,-60.0,-15.0,-10.0,-7.0,-20.0,-17.0,-90.0,-24.0,-30.0,180.0,10.0,-7.0,30.0,239.0,-90.0,-768.0,-120.0,-1136.0,350.0,4942.0,-30.0,-200.0,-40.0,-203.0,-50.0,-109.0,30.0,18.0,-20.0,-6.0,30.0,23.0,1350.0,1816.0,8240.0,16332.0,7760.0,9024.0,150.0,4582.0,200.0,4796.0,10.0,12.0,10.0,54.0,-60.0,1088.0,360.0,2003.0,320.0,1747.0,70.0,227.0
trempealeau,0.0,7154.0,0.0,0.0,0.0,WI,160.0,140.0,40.0,-30.0,300.0,-90.0,270.0,580.0,100.0,130.0,-130.0,30.0,-160.0,0.0,-10.0,220.0,30636.0,70.0,30894.0,-80.0,-1663.0,-30.0,-239.0,20.0,8.0,50.0,293.0,-30.0,-33.0,-50.0,2069.0,30.0,7900.0,-220.0,-2043.0,460.0,6602.0,-26.0,2040.0,19580.0,30.0,803.0,10.0,13076.0,2650.0,258.0,-10.0,-5.0,0.0,42.0,-10.0,-59.0,-10.0,49.0,-300.0,-760.0,4150.0,1060.0,110.0,7986.0,110.0,7706.0,160.0,280.0,-70.0,-1421.0,3091.0,-40.0,-143.0,-70.0,-299.0,0.0,9.0,-50.0,-192.0,-10.0,16.0,-80.0,-350.0,-80.0,-448.0,-50.0,-391.0,0.0,0.0,0.0,0.0,40.0,49.0,0.0,0.0,-50.0,-109.0,-10.0,-645.0,30.0,2646.0,80.0,31525.0,80.0,6171.0,0.0,0.0,-140.0,-314.0,-90.0,-68.0,-70.0,-11.0,-80.0,-44.0,-70.0,-123.0,-30.0,-21.0,-150.0,100.0,50.0,13.0,-10.0,157.0,-110.0,-1158.0,-130.0,-1689.0,180.0,5383.0,-110.0,-370.0,-70.0,-307.0,-70.0,-101.0,-30.0,-29.0,40.0,92.0,30.0,25.0,2210.0,3150.0,12170.0,23673.0,11540.0,13040.0,50.0,6223.0,20.0,6286.0,10.0,11.0,20.0,195.0,20.0,2771.0,140.0,1908.0,130.0,2036.0,30.0,-3.0
vernon,0.0,8557.0,0.0,0.0,0.0,WI,250.0,210.0,30.0,20.0,420.0,-230.0,220.0,520.0,110.0,250.0,-90.0,0.0,-90.0,0.0,0.0,230.0,62645.0,130.0,63729.0,-130.0,10285.0,260.0,-430.0,40.0,-160.0,70.0,264.0,-50.0,-37.0,10.0,3703.0,100.0,11844.0,-220.0,-445.0,100.0,3035.0,10.0,1430.0,13751.0,40.0,1567.0,20.0,1103.0,2580.0,1084.0,-20.0,-2.0,10.0,94.0,-30.0,-20.0,30.0,225.0,-170.0,-570.0,3960.0,1007.0,170.0,7542.0,170.0,7174.0,180.0,366.0,-70.0,-998.0,-880.0,-30.0,34.0,-60.0,-86.0,0.0,14.0,-60.0,-66.0,-10.0,1.0,-60.0,-283.0,-60.0,-385.0,-60.0,-350.0,0.0,0.0,0.0,0.0,30.0,25.0,-30.0,-121.0,-40.0,184.0,-30.0,-487.0,120.0,2017.0,70.0,57412.0,40.0,10880.0,0.0,0.0,-130.0,-132.0,-70.0,46.0,-70.0,-16.0,-60.0,-37.0,-30.0,-27.0,-100.0,-22.0,-30.0,137.0,30.0,26.0,50.0,805.0,-120.0,-585.0,-140.0,-748.0,270.0,12510.0,-120.0,-297.0,-90.0,-309.0,-60.0,-149.0,-30.0,-23.0,-20.0,-16.0,70.0,78.0,1880.0,2611.0,11690.0,23231.0,10980.0,12672.0,80.0,10822.0,30.0,11696.0,20.0,53.0,40.0,151.0,-40.0,2018.0,240.0,2891.0,260.0,2412.0,50.0,553.0
vilas,5761.0,0.0,0.0,0.0,9499.0,WI,680.0,520.0,140.0,-10.0,860.0,-160.0,630.0,1040.0,80.0,880.0,-280.0,0.0,-280.0,0.0,-20.0,300.0,96457.0,530.0,97528.0,280.0,42059.0,-60.0,-1025.0,150.0,-929.0,160.0,-200.0,-20.0,-26.0,20.0,5489.0,130.0,21646.0,-320.0,-3369.0,170.0,3191.0,-6.0,1180.0,14235.0,120.0,2754.0,60.0,15715.0,2640.0,1071.0,-20.0,-7.0,0.0,203.0,-40.0,-145.0,-30.0,53.0,-110.0,-357.0,3890.0,1003.0,570.0,13869.0,570.0,13437.0,240.0,428.0,-70.0,-4070.0,22136.0,-60.0,8.0,-30.0,-609.0,-20.0,-65.0,-60.0,31.0,0.0,-9.0,-60.0,-252.0,-70.0,-377.0,-50.0,-571.0,0.0,0.0,0.0,0.0,30.0,28.0,-10.0,199.0,-30.0,-37.0,-20.0,-1091.0,80.0,3446.0,350.0,90018.0,340.0,19866.0,0.0,0.0,-260.0,-612.0,-50.0,-230.0,-30.0,-98.0,0.0,-16.0,-90.0,-95.0,-40.0,-10.0,0.0,186.0,50.0,11.0,40.0,519.0,-230.0,-1800.0,-300.0,-2636.0,680.0,17054.0,-80.0,-285.0,-60.0,-216.0,-40.0,-108.0,-80.0,-61.0,-50.0,14.0,60.0,93.0,1950.0,2664.0,10480.0,19740.0,9550.0,9986.0,410.0,20117.0,380.0,21112.0,50.0,134.0,60.0,33.0,-140.0,9195.0,810.0,3665.0,770.0,3944.0,70.0,-267.0
walworth,20495.0,0.0,0.0,1750.0,34497.0,WI,1620.0,1310.0,350.0,-60.0,2480.0,-590.0,1690.0,2780.0,540.0,1930.0,-210.0,-70.0,-140.0,0.0,-160.0,1170.0,250152.0,1230.0,252405.0,90.0,68300.0,-200.0,-2467.0,570.0,-3063.0,580.0,-556.0,-220.0,-225.0,70.0,-2561.0,770.0,86492.0,-1090.0,-9891.0,590.0,16272.0,11.0,5700.0,64975.0,320.0,7152.0,100.0,79766.0,9690.0,2253.0,-100.0,-21.0,0.0,228.0,-120.0,-291.0,-30.0,251.0,-750.0,-2246.0,14450.0,3643.0,1460.0,45414.0,1460.0,43768.0,840.0,1647.0,-430.0,-10350.0,53936.0,-110.0,-1496.0,-400.0,-4834.0,0.0,-50.0,-370.0,-1533.0,-30.0,-219.0,-330.0,-2907.0,-400.0,-3613.0,-340.0,-4632.0,-10.0,-43.0,20.0,38.0,390.0,538.0,0.0,-20.0,-400.0,1242.0,-80.0,-1818.0,170.0,15439.0,550.0,239913.0,410.0,57166.0,0.0,83.0,-510.0,-913.0,-420.0,-1686.0,-120.0,-1992.0,-290.0,-224.0,-220.0,-268.0,-140.0,-24.0,-400.0,-257.0,120.0,47.0,30.0,1403.0,-410.0,-1052.0,-580.0,-2383.0,1430.0,63219.0,-230.0,-661.0,-180.0,-486.0,-230.0,-456.0,-70.0,-89.0,10.0,148.0,100.0,138.0,8500.0,12126.0,41580.0,77371.0,38570.0,41278.0,630.0,58854.0,570.0,58711.0,60.0,210.0,30.0,-759.0,-440.0,9707.0,1720.0,14503.0,1610.0,11005.0,190.0,3498.0
washburn,3846.0,0.0,0.0,0.0,6385.0,WI,370.0,220.0,60.0,70.0,510.0,-60.0,170.0,560.0,50.0,480.0,90.0,0.0,90.0,0.0,40.0,250.0,16150.0,320.0,17178.0,110.0,11124.0,-40.0,-670.0,170.0,326.0,80.0,190.0,-30.0,-39.0,20.0,1201.0,70.0,4944.0,-130.0,-2182.0,100.0,3477.0,1.0,900.0,10093.0,60.0,1346.0,20.0,9171.0,1850.0,1028.0,10.0,1.0,0.0,218.0,-20.0,166.0,-10.0,82.0,-140.0,-324.0,2650.0,711.0,380.0,9823.0,380.0,9373.0,220.0,452.0,-70.0,-1133.0,9981.0,-40.0,-424.0,-70.0,-416.0,0.0,-11.0,-50.0,-287.0,-10.0,1.0,-50.0,-490.0,-60.0,-567.0,-60.0,-455.0,0.0,0.0,0.0,0.0,0.0,0.0,0.0,26.0,-60.0,487.0,-30.0,-511.0,100.0,1833.0,160.0,37194.0,140.0,7672.0,0.0,0.0,-120.0,-264.0,-30.0,-4.0,-20.0,-33.0,-20.0,-11.0,-20.0,-35.0,-40.0,-7.0,-30.0,98.0,30.0,-9.0,30.0,482.0,-70.0,-422.0,-80.0,-694.0,310.0,9352.0,10.0,-76.0,10.0,-59.0,-20.0,-45.0,0.0,-10.0,-60.0,-44.0,0.0,0.0,1220.0,1620.0,7560.0,14587.0,7020.0,7652.0,160.0,7697.0,120.0,8061.0,20.0,11.0,40.0,99.0,-70.0,1279.0,350.0,1723.0,380.0,1927.0,30.0,290.0
washington,24841.0,0.0,0.0,62039.0,0.0,WI,1250.0,960.0,270.0,-50.0,2490.0,-1020.0,1480.0,4120.0,770.0,1670.0,-310.0,20.0,-330.0,0.0,70.0,1220.0,49120.0,880.0,52730.0,-130.0,65318.0,-2310.0,-9020.0,740.0,-6049.0,820.0,-2237.0,-200.0,-520.0,100.0,-2592.0,980.0,5772.0,-1780.0,-21589.0,810.0,31152.0,-15.0,9000.0,89053.0,150.0,3657.0,10.0,-47970.0,18110.0,3610.0,-40.0,-9.0,20.0,785.0,-80.0,-370.0,30.0,417.0,-930.0,-3227.0,26050.0,6685.0,1560.0,56909.0,1560.0,55023.0,960.0,1885.0,-900.0,-13526.0,-154045.0,-230.0,-1453.0,-860.0,-2706.0,-10.0,-35.0,-830.0,-2675.0,-50.0,-103.0,-820.0,-6503.0,-890.0,-7204.0,-760.0,-9427.0,-20.0,-105.0,10.0,89.0,620.0,834.0,-30.0,-1779.0,-900.0,7863.0,-130.0,-1549.0,-100.0,-2491.0,120.0,47046.0,120.0,7325.0,0.0,32.0,-530.0,-1407.0,-390.0,-2742.0,-430.0,-551.0,-510.0,-358.0,-110.0,-353.0,-10.0,9.0,-440.0,-685.0,310.0,139.0,-50.0,43.0,-400.0,-5642.0,-570.0,-7681.0,1150.0,28848.0,120.0,-162.0,50.0,-152.0,-70.0,-192.0,70.0,4.0,160.0,238.0,200.0,316.0,10940.0,14644.0,58450.0,112212.0,54130.0,59533.0,60.0,10067.0,140.0,11233.0,160.0,201.0,80.0,2107.0,-910.0,-6798.0,1830.0,11097.0,1730.0,17789.0,270.0,-6905.0
waukesha,93875.0,0.0,0.0,124504.0,43042.0,WI,3330.0,2780.0,410.0,-10.0,7090.0,-3240.0,4480.0,11020.0,2950.0,4560.0,-900.0,70.0,-970.0,-60.0,200.0,3350.0,516327.0,2200.0,521523.0,-770.0,278918.0,-4980.0,-48763.0,3060.0,-17272.0,3400.0,6632.0,-1240.0,-1873.0,70.0,1742.0,4200.0,486700.0,-6320.0,-43218.0,2270.0,65031.0,-22.0,22600.0,245898.0,920.0,21345.0,10.0,148126.0,53420.0,5196.0,-380.0,-92.0,-10.0,515.0,-330.0,-645.0,10.0,1065.0,-3280.0,-10525.0,78200.0,20034.0,5040.0,176597.0,5040.0,170664.0,2890.0,5929.0,-3360.0,-85131.0,48097.0,-580.0,-689.0,-3310.0,-29140.0,-30.0,-236.0,-3280.0,-14844.0,-550.0,-425.0,-3160.0,-27581.0,-3360.0,-32314.0,-3010.0,-42630.0,-70.0,-381.0,30.0,335.0,1600.0,2401.0,-160.0,-4127.0,-3280.0,8080.0,-460.0,-13364.0,-40.0,51653.0,960.0,481703.0,750.0,62295.0,10.0,-617.0,-1570.0,-4270.0,-1550.0,-3976.0,-1230.0,-732.0,-1870.0,-1218.0,-440.0,-962.0,160.0,24.0,-1170.0,-1834.0,860.0,130.0,-610.0,2024.0,-1120.0,-13389.0,-1630.0,-19208.0,2950.0,111111.0,140.0,-402.0,200.0,-174.0,-130.0,10.0,10.0,-124.0,480.0,523.0,580.0,1194.0,34000.0,46140.0,161480.0,302333.0,146890.0,156954.0,690.0,66256.0,880.0,72159.0,610.0,1459.0,200.0,6341.0,-3030.0,-6061.0,5390.0,33980.0,5010.0,61276.0,1110.0,-30105.0
waupaca,8459.0,0.0,0.0,0.0,20252.0,WI,720.0,610.0,180.0,-70.0,960.0,-180.0,670.0,1390.0,180.0,1000.0,-60.0,50.0,-110.0,0.0,10.0,490.0,22695.0,470.0,24091.0,-50.0,12923.0,-740.0,-1014.0,90.0,1479.0,140.0,2128.0,-30.0,-94.0,0.0,126.0,110.0,8167.0,-330.0,-3050.0,340.0,7083.0,-1.0,3180.0,27652.0,120.0,2155.0,10.0,7039.0,5580.0,1396.0,-10.0,-5.0,-30.0,-40.0,0.0,40.0,10.0,151.0,-380.0,-930.0,8030.0,2063.0,590.0,19057.0,590.0,18412.0,340.0,643.0,-150.0,-4506.0,-15012.0,-80.0,-648.0,-80.0,224.0,-60.0,-58.0,-90.0,-333.0,10.0,-7.0,-140.0,-869.0,-150.0,-975.0,-80.0,-810.0,0.0,36.0,20.0,1.0,120.0,156.0,-20.0,-42.0,-90.0,954.0,-60.0,-1346.0,-10.0,2132.0,290.0,32738.0,300.0,6014.0,0.0,0.0,-150.0,-521.0,-260.0,-435.0,-180.0,-48.0,-70.0,-87.0,-120.0,-142.0,-90.0,-26.0,-150.0,-51.0,120.0,72.0,30.0,132.0,-280.0,-4634.0,-330.0,-5437.0,650.0,10841.0,-70.0,-179.0,-10.0,-188.0,-90.0,-125.0,-70.0,-73.0,180.0,175.0,80.0,68.0,3890.0,5262.0,22390.0,43101.0,20990.0,23039.0,360.0,6333.0,310.0,5394.0,20.0,48.0,10.0,145.0,-90.0,2813.0,710.0,5568.0,660.0,5683.0,100.0,162.0
waushara,4342.0,0.0,0.0,0.0,9033.0,WI,720.0,600.0,60.0,40.0,790.0,-130.0,410.0,850.0,100.0,930.0,-50.0,10.0,-60.0,-20.0,60.0,330.0,36953.0,370.0,37990.0,90.0,4320.0,-40.0,-521.0,60.0,-759.0,50.0,-53.0,-20.0,-7.0,40.0,3925.0,100.0,7748.0,-160.0,-140.0,60.0,2740.0,-2.0,1210.0,11511.0,40.0,1577.0,20.0,7577.0,2590.0,1037.0,-30.0,-4.0,0.0,-18.0,10.0,-76.0,40.0,219.0,-130.0,-327.0,3590.0,937.0,340.0,9599.0,340.0,9330.0,130.0,269.0,-30.0,-313.0,7835.0,-20.0,-14.0,-30.0,-26.0,10.0,0.0,-40.0,-91.0,0.0,-8.0,-30.0,-83.0,-30.0,-127.0,-30.0,-414.0,0.0,0.0,0.0,0.0,30.0,37.0,0.0,0.0,-20.0,582.0,-10.0,-81.0,50.0,1622.0,190.0,29954.0,210.0,5620.0,0.0,0.0,-100.0,-325.0,0.0,19.0,-40.0,-22.0,-30.0,-19.0,-40.0,-68.0,-30.0,7.0,-10.0,159.0,10.0,40.0,10.0,412.0,-140.0,-1945.0,-170.0,-2296.0,630.0,4620.0,-30.0,-13.0,-30.0,-31.0,-10.0,-25.0,10.0,-8.0,50.0,18.0,0.0,0.0,2040.0,2761.0,10380.0,20107.0,9630.0,10551.0,190.0,5616.0,150.0,5798.0,0.0,23.0,0.0,-93.0,-80.0,2409.0,700.0,1962.0,710.0,2509.0,0.0,-313.0
winnebago,42779.0,0.0,0.0,0.0,49679.0,WI,2760.0,2900.0,80.0,-220.0,3010.0,-880.0,1640.0,4660.0,830.0,2920.0,-400.0,80.0,-480.0,0.0,-60.0,1370.0,51883.0,1030.0,54613.0,-70.0,-23927.0,70.0,-4280.0,390.0,24737.0,510.0,30357.0,-130.0,-118.0,60.0,8838.0,940.0,-68527.0,-1320.0,-10913.0,830.0,14501.0,33.0,9840.0,96115.0,240.0,7120.0,0.0,33195.0,17870.0,2730.0,-80.0,-19.0,0.0,439.0,40.0,158.0,-10.0,-85.0,-1450.0,-4195.0,25960.0,6501.0,1470.0,53046.0,1470.0,51323.0,870.0,1720.0,-540.0,-17622.0,-90046.0,-180.0,-2804.0,-500.0,-3237.0,-20.0,-132.0,-490.0,-1613.0,-60.0,-188.0,-520.0,-4057.0,-540.0,-4522.0,-440.0,-4768.0,40.0,284.0,10.0,37.0,430.0,524.0,-40.0,-53.0,-560.0,-3360.0,-90.0,-3378.0,120.0,10806.0,600.0,27794.0,660.0,1530.0,-20.0,-298.0,-370.0,-1101.0,-640.0,-1534.0,-390.0,-344.0,-470.0,-300.0,-230.0,-308.0,-200.0,-11.0,-400.0,208.0,150.0,165.0,-60.0,1070.0,-820.0,-11600.0,-990.0,-13242.0,2680.0,25231.0,-230.0,-1678.0,-230.0,-1426.0,-380.0,-753.0,-90.0,-84.0,430.0,320.0,180.0,286.0,14580.0,19893.0,72240.0,132979.0,67360.0,71218.0,760.0,3069.0,590.0,3511.0,0.0,-317.0,20.0,2009.0,-550.0,-9622.0,3000.0,12315.0,2850.0,18701.0,360.0,-6762.0
wood,6713.0,10548.0,0.0,0.0,10216.0,WI,1070.0,940.0,70.0,-10.0,1310.0,-180.0,1010.0,2150.0,280.0,1120.0,-850.0,40.0,-890.0,0.0,20.0,740.0,34609.0,600.0,35349.0,-30.0,22640.0,70.0,-978.0,210.0,-4816.0,280.0,-1918.0,-20.0,-75.0,-30.0,723.0,220.0,-2485.0,-540.0,-2086.0,340.0,12520.0,-10.0,4770.0,43321.0,200.0,3890.0,30.0,-8844.0,8330.0,740.0,-80.0,-17.0,0.0,-84.0,-80.0,-663.0,-20.0,-72.0,-520.0,-1467.0,11850.0,3045.0,720.0,24704.0,720.0,23752.0,470.0,952.0,-240.0,-10716.0,-40571.0,-100.0,-1593.0,-180.0,-1136.0,-40.0,-66.0,-180.0,-470.0,-30.0,-5.0,-220.0,-1304.0,-230.0,-1434.0,-160.0,-1068.0,0.0,0.0,-10.0,6.0,110.0,115.0,-10.0,-159.0,-170.0,-2087.0,-60.0,-1134.0,-30.0,-1289.0,260.0,34614.0,230.0,9186.0,0.0,0.0,-460.0,-760.0,-310.0,-881.0,-180.0,-179.0,-150.0,-108.0,-170.0,-313.0,-200.0,-37.0,-150.0,-37.0,90.0,30.0,-50.0,-69.0,-260.0,-2145.0,-360.0,-2953.0,1010.0,20960.0,-80.0,-368.0,-60.0,-284.0,-140.0,-236.0,-120.0,-132.0,20.0,-23.0,60.0,49.0,5720.0,7667.0,32840.0,62070.0,30670.0,33298.0,270.0,10068.0,180.0,9320.0,30.0,67.0,10.0,-141.0,-220.0,2804.0,1090.0,9968.0,1060.0,7764.0,110.0,2962.0
